<?xml version="1.0" encoding="UTF-8"?>
<osm version="0.6" generator="Overpass API 0.7.62.11 87bfad18">
<note>The data included in this document is from www.openstreetmap.org. The data is made available under ODbL.</note>
<meta osm_base="2026-08-17T19:12:05Z"/>

  <node id="31319292" lat="19.4609848" lon="-99.1901355"/>
  <node id="31319295" lat="19.4622652" lon="-99.1902424"/>
  <node id="31319296" lat="19.4625680" lon="-99.1902299"/>
  <node id="31319297" lat="19.4628526" lon="-99.1901992"/>
  <node id="31319302" lat="19.4689900" lon="-99.1895477"/>
  <node id="31319304" lat="19.4707633" lon="-99.1893801"/>
  <node id="31319305" lat="19.4738141" lon="-99.1890938"/>
  <node id="31319307" lat="19.4765486" lon="-99.1888542"/>
  <node id="47053905" lat="19.4707708" lon="-99.1785579">
    <tag k="highway" v="traffic_signals"/>
    <tag k="traffic_signals" v="signal"/>
  </node>
  <node id="47053917" lat="19.4756454" lon="-99.1831054"/>
  <node id="47053919" lat="19.4729787" lon="-99.1808521"/>
  <node id="47063540" lat="19.4512010" lon="-99.1819312"/>
  <node id="47067640" lat="19.4564090" lon="-99.1804006">
    <tag k="highway" v="traffic_signals"/>
    <tag k="traffic_signals" v="signal"/>
  </node>
  <node id="47068271" lat="19.4620021" lon="-99.1777889">
    <tag k="highway" v="traffic_signals"/>
    <tag k="traffic_signals" v="signal"/>
  </node>
  <node id="47068293" lat="19.4662623" lon="-99.1771989"/>
  <node id="60978300" lat="19.4712824" lon="-99.1757205"/>
  <node id="60978301" lat="19.4727060" lon="-99.1755560"/>
  <node id="60978302" lat="19.4728130" lon="-99.1755436"/>
  <node id="60978423" lat="19.4728335" lon="-99.1756724"/>
  <node id="60978425" lat="19.4727246" lon="-99.1756849"/>
  <node id="61328804" lat="19.4600304" lon="-99.1898854"/>
  <node id="61422324" lat="19.4693615" lon="-99.1843929"/>
  <node id="61470942" lat="19.4595649" lon="-99.1886305"/>
  <node id="61470943" lat="19.4596794" lon="-99.1886909"/>
  <node id="61470944" lat="19.4603855" lon="-99.1885991"/>
  <node id="61470952" lat="19.4721072" lon="-99.1872415"/>
  <node id="61631974" lat="19.4578802" lon="-99.1822261"/>
  <node id="61631984" lat="19.4597230" lon="-99.1890720"/>
  <node id="61631985" lat="19.4599843" lon="-99.1897893"/>
  <node id="61631986" lat="19.4600117" lon="-99.1899668"/>
  <node id="61631987" lat="19.4599957" lon="-99.1905725"/>
  <node id="61631988" lat="19.4598729" lon="-99.1908951"/>
  <node id="61631989" lat="19.4597317" lon="-99.1913053"/>
  <node id="61639940" lat="19.4594404" lon="-99.1886584"/>
  <node id="63978475" lat="19.4604933" lon="-99.1908808"/>
  <node id="63978478" lat="19.4609652" lon="-99.1907601"/>
  <node id="63978480" lat="19.4610360" lon="-99.1905589"/>
  <node id="63978482" lat="19.4609462" lon="-99.1902798"/>
  <node id="63978484" lat="19.4608005" lon="-99.1901636"/>
  <node id="63998737" lat="19.4596378" lon="-99.1898865"/>
  <node id="63998739" lat="19.4594407" lon="-99.1899541"/>
  <node id="64007729" lat="19.4592436" lon="-99.1898977"/>
  <node id="64007731" lat="19.4593314" lon="-99.1897457"/>
  <node id="64011083" lat="19.4625792" lon="-99.1903045"/>
  <node id="64011091" lat="19.4597937" lon="-99.1916253"/>
  <node id="271527723" lat="19.4694579" lon="-99.1842950"/>
  <node id="271527724" lat="19.4692260" lon="-99.1844098"/>
  <node id="271527725" lat="19.4690629" lon="-99.1842373"/>
  <node id="271527726" lat="19.4690622" lon="-99.1841456"/>
  <node id="271528181" lat="19.4701596" lon="-99.1894650"/>
  <node id="271529137" lat="19.4691617" lon="-99.1843830"/>
  <node id="271529419" lat="19.4689938" lon="-99.1896522"/>
  <node id="271529420" lat="19.4707803" lon="-99.1894920"/>
  <node id="271529555" lat="19.4700937" lon="-99.1893057"/>
  <node id="271529556" lat="19.4698498" lon="-99.1893272"/>
  <node id="271529557" lat="19.4688655" lon="-99.1894117"/>
  <node id="271529654" lat="19.4708238" lon="-99.1895834"/>
  <node id="271529655" lat="19.4702309" lon="-99.1896362"/>
  <node id="271529656" lat="19.4699792" lon="-99.1896620"/>
  <node id="271529657" lat="19.4688817" lon="-99.1897722"/>
  <node id="271590730" lat="19.4581486" lon="-99.1892652"/>
  <node id="271592310" lat="19.4601137" lon="-99.1897928"/>
  <node id="271592311" lat="19.4610108" lon="-99.1900276"/>
  <node id="271592313" lat="19.4617512" lon="-99.1901147"/>
  <node id="271592314" lat="19.4622677" lon="-99.1901269"/>
  <node id="271592316" lat="19.4639893" lon="-99.1899830"/>
  <node id="271592329" lat="19.4597777" lon="-99.1896683"/>
  <node id="271592336" lat="19.4599500" lon="-99.1896280"/>
  <node id="271592352" lat="19.4639977" lon="-99.1900973"/>
  <node id="271592864" lat="19.4587253" lon="-99.1908561"/>
  <node id="271593017" lat="19.4592919" lon="-99.1900665"/>
  <node id="271594905" lat="19.4669482" lon="-99.1898337"/>
  <node id="271595170" lat="19.4652150" lon="-99.1898718"/>
  <node id="271595171" lat="19.4669501" lon="-99.1897189"/>
  <node id="271595218" lat="19.4722317" lon="-99.1893590"/>
  <node id="271597355" lat="19.4738140" lon="-99.1892073"/>
  <node id="271598528" lat="19.4566732" lon="-99.1886937"/>
  <node id="271598601" lat="19.4552701" lon="-99.1880904"/>
  <node id="271598602" lat="19.4555944" lon="-99.1883400"/>
  <node id="271598818" lat="19.4566408" lon="-99.1888096"/>
  <node id="271598863" lat="19.4555529" lon="-99.1884370"/>
  <node id="271598864" lat="19.4552713" lon="-99.1882536"/>
  <node id="271599148" lat="19.4617828" lon="-99.1902366"/>
  <node id="271599771" lat="19.4598097" lon="-99.1902699"/>
  <node id="271600120" lat="19.4595488" lon="-99.1901241"/>
  <node id="271600570" lat="19.4583272" lon="-99.1892238"/>
  <node id="271600755" lat="19.4587187" lon="-99.1892100"/>
  <node id="271600756" lat="19.4589513" lon="-99.1902994"/>
  <node id="271600758" lat="19.4582014" lon="-99.1890985"/>
  <node id="271600759" lat="19.4581993" lon="-99.1887340"/>
  <node id="271600760" lat="19.4582932" lon="-99.1886603"/>
  <node id="271600761" lat="19.4584255" lon="-99.1886526"/>
  <node id="271601281" lat="19.4558767" lon="-99.1883641"/>
  <node id="271601282" lat="19.4577105" lon="-99.1888987"/>
  <node id="271601309" lat="19.4588079" lon="-99.1896136"/>
  <node id="271601473" lat="19.4555554" lon="-99.1885541"/>
  <node id="271601475" lat="19.4554057" lon="-99.1884855"/>
  <node id="271601630" lat="19.4584282" lon="-99.1894870"/>
  <node id="271601632" lat="19.4580761" lon="-99.1888091"/>
  <node id="271601633" lat="19.4583469" lon="-99.1888727"/>
  <node id="271601634" lat="19.4584788" lon="-99.1890255"/>
  <node id="271607711" lat="19.4565004" lon="-99.1805103">
    <tag k="highway" v="traffic_signals"/>
    <tag k="traffic_signals" v="signal"/>
  </node>
  <node id="271607712" lat="19.4564224" lon="-99.1805577">
    <tag k="highway" v="traffic_signals"/>
    <tag k="traffic_signals" v="signal"/>
  </node>
  <node id="271607790" lat="19.4480769" lon="-99.1823382"/>
  <node id="271607791" lat="19.4483523" lon="-99.1822923"/>
  <node id="271607801" lat="19.4484734" lon="-99.1824028"/>
  <node id="271607802" lat="19.4482044" lon="-99.1824523"/>
  <node id="271706622" lat="19.4614904" lon="-99.1740351"/>
  <node id="271706623" lat="19.4618758" lon="-99.1762970"/>
  <node id="271706625" lat="19.4620967" lon="-99.1775995">
    <tag k="highway" v="traffic_signals"/>
    <tag k="traffic_signals" v="signal"/>
  </node>
  <node id="271706626" lat="19.4621279" lon="-99.1777772">
    <tag k="highway" v="traffic_signals"/>
    <tag k="traffic_signals" v="signal"/>
  </node>
  <node id="271706884" lat="19.4607976" lon="-99.1706749">
    <tag k="highway" v="traffic_signals"/>
    <tag k="traffic_signals" v="signal"/>
  </node>
  <node id="271707260" lat="19.4613837" lon="-99.1740532"/>
  <node id="271707261" lat="19.4617520" lon="-99.1763107"/>
  <node id="271707262" lat="19.4619728" lon="-99.1776093">
    <tag k="highway" v="traffic_signals"/>
    <tag k="traffic_signals" v="signal"/>
  </node>
  <node id="372452974" lat="19.4732621" lon="-99.2000817"/>
  <node id="372452978" lat="19.4734249" lon="-99.2008871"/>
  <node id="372453357" lat="19.4726030" lon="-99.1979229"/>
  <node id="372453368" lat="19.4731388" lon="-99.1996553"/>
  <node id="372453378" lat="19.4729200" lon="-99.1989455"/>
  <node id="372453413" lat="19.4724641" lon="-99.1974501"/>
  <node id="372453449" lat="19.4723505" lon="-99.1970708"/>
  <node id="372453537" lat="19.4719312" lon="-99.1956163"/>
  <node id="372453558" lat="19.4722253" lon="-99.1966432"/>
  <node id="372453562" lat="19.4718041" lon="-99.1951605"/>
  <node id="372948626" lat="19.4559065" lon="-99.1833568"/>
  <node id="372948643" lat="19.4567685" lon="-99.1886359"/>
  <node id="372948655" lat="19.4563759" lon="-99.1868197"/>
  <node id="372948662" lat="19.4551949" lon="-99.1880204"/>
  <node id="372948668" lat="19.4565629" lon="-99.1876849"/>
  <node id="372948692" lat="19.4550715" lon="-99.1871487"/>
  <node id="372948698" lat="19.4544092" lon="-99.1843377"/>
  <node id="372948705" lat="19.4561308" lon="-99.1857133"/>
  <node id="372948711" lat="19.4548283" lon="-99.1860233"/>
  <node id="372948715" lat="19.4533120" lon="-99.1864215"/>
  <node id="372948723" lat="19.4541822" lon="-99.1861866"/>
  <node id="372948727" lat="19.4538267" lon="-99.1844343"/>
  <node id="372948731" lat="19.4537248" lon="-99.1837504"/>
  <node id="372948754" lat="19.4530186" lon="-99.1774288"/>
  <node id="372948758" lat="19.4547658" lon="-99.1792418"/>
  <node id="372948761" lat="19.4538634" lon="-99.1793448"/>
  <node id="372948765" lat="19.4532668" lon="-99.1794302"/>
  <node id="372948769" lat="19.4530519" lon="-99.1794613"/>
  <node id="372948783" lat="19.4490640" lon="-99.1800705"/>
  <node id="372948786" lat="19.4481954" lon="-99.1801132"/>
  <node id="372948790" lat="19.4493354" lon="-99.1821070"/>
  <node id="372948797" lat="19.4488756" lon="-99.1785810"/>
  <node id="372948809" lat="19.4497446" lon="-99.1754863"/>
  <node id="372948815" lat="19.4511708" lon="-99.1817958"/>
  <node id="372948820" lat="19.4519073" lon="-99.1852595"/>
  <node id="372948824" lat="19.4519721" lon="-99.1855493"/>
  <node id="372948832" lat="19.4536869" lon="-99.1933362"/>
  <node id="372948856" lat="19.4507722" lon="-99.1897498"/>
  <node id="372948875" lat="19.4495390" lon="-99.1835383"/>
  <node id="372948878" lat="19.4494927" lon="-99.1832443"/>
  <node id="372948882" lat="19.4493544" lon="-99.1822444"/>
  <node id="372948886" lat="19.4478605" lon="-99.1857524"/>
  <node id="372948892" lat="19.4498106" lon="-99.1854891"/>
  <node id="372948897" lat="19.4515454" lon="-99.1851727"/>
  <node id="372948903" lat="19.4513196" lon="-99.1852626"/>
  <node id="372948906" lat="19.4515158" lon="-99.1873395"/>
  <node id="372948909" lat="19.4521121" lon="-99.1862314"/>
  <node id="372948913" lat="19.4514620" lon="-99.1863118"/>
  <node id="372948916" lat="19.4499527" lon="-99.1865480"/>
  <node id="372948920" lat="19.4480052" lon="-99.1868329"/>
  <node id="372948938" lat="19.4482565" lon="-99.1889909"/>
  <node id="372948942" lat="19.4481457" lon="-99.1879087"/>
  <node id="372948956" lat="19.4477127" lon="-99.1846839"/>
  <node id="372948959" lat="19.4496639" lon="-99.1843965"/>
  <node id="372948963" lat="19.4504337" lon="-99.1842672"/>
  <node id="372948966" lat="19.4534989" lon="-99.1867902"/>
  <node id="372948973" lat="19.4549036" lon="-99.1929733"/>
  <node id="372948978" lat="19.4555023" lon="-99.1927762"/>
  <node id="372948981" lat="19.4545636" lon="-99.1886153"/>
  <node id="372948986" lat="19.4544212" lon="-99.1875868"/>
  <node id="372948989" lat="19.4558273" lon="-99.1911997"/>
  <node id="372948992" lat="19.4564671" lon="-99.1910384"/>
  <node id="372948995" lat="19.4559601" lon="-99.1889579"/>
  <node id="372948999" lat="19.4574429" lon="-99.1922166"/>
  <node id="372949003" lat="19.4567268" lon="-99.1890441"/>
  <node id="372949008" lat="19.4560390" lon="-99.1884134"/>
  <node id="372949014" lat="19.4559173" lon="-99.1878506"/>
  <node id="372949019" lat="19.4557285" lon="-99.1869882"/>
  <node id="372949026" lat="19.4554734" lon="-99.1858650"/>
  <node id="372949033" lat="19.4552090" lon="-99.1847174"/>
  <node id="372949052" lat="19.4583450" lon="-99.1840987">
    <tag k="crossing" v="uncontrolled"/>
    <tag k="highway" v="crossing"/>
  </node>
  <node id="372949057" lat="19.4580838" lon="-99.1829457">
    <tag k="highway" v="traffic_signals"/>
    <tag k="traffic_signals" v="signal"/>
  </node>
  <node id="372949064" lat="19.4570249" lon="-99.1832305"/>
  <node id="372949068" lat="19.4568074" lon="-99.1832713"/>
  <node id="372949072" lat="19.4564814" lon="-99.1832956"/>
  <node id="372949076" lat="19.4562074" lon="-99.1833172"/>
  <node id="372949082" lat="19.4546984" lon="-99.1835593"/>
  <node id="372949085" lat="19.4516700" lon="-99.1841155"/>
  <node id="372949093" lat="19.4508086" lon="-99.1843389"/>
  <node id="372949100" lat="19.4514511" lon="-99.1830437"/>
  <node id="372949106" lat="19.4496022" lon="-99.1833354"/>
  <node id="372949113" lat="19.4515337" lon="-99.1834211"/>
  <node id="372949119" lat="19.4526327" lon="-99.1832290"/>
  <node id="372949126" lat="19.4554517" lon="-99.1827361"/>
  <node id="372949137" lat="19.4555514" lon="-99.1826890"/>
  <node id="372949145" lat="19.4556788" lon="-99.1825629"/>
  <node id="372949159" lat="19.4575954" lon="-99.1820599"/>
  <node id="372949176" lat="19.4575076" lon="-99.1798355"/>
  <node id="372949183" lat="19.4574323" lon="-99.1796990"/>
  <node id="372949189" lat="19.4568426" lon="-99.1786369"/>
  <node id="372949196" lat="19.4556088" lon="-99.1768378"/>
  <node id="372949200" lat="19.4554355" lon="-99.1766482"/>
  <node id="372949205" lat="19.4549025" lon="-99.1760060"/>
  <node id="372949208" lat="19.4569886" lon="-99.1773168"/>
  <node id="372949212" lat="19.4581394" lon="-99.1792172"/>
  <node id="372949216" lat="19.4582237" lon="-99.1793510"/>
  <node id="372949221" lat="19.4597771" lon="-99.1818715"/>
  <node id="372949226" lat="19.4608029" lon="-99.1835493"/>
  <node id="372949231" lat="19.4582566" lon="-99.1811573"/>
  <node id="372949235" lat="19.4584552" lon="-99.1816537"/>
  <node id="372949240" lat="19.4595261" lon="-99.1849222"/>
  <node id="372949245" lat="19.4603799" lon="-99.1887750"/>
  <node id="372949250" lat="19.4604335" lon="-99.1891750"/>
  <node id="372949255" lat="19.4605332" lon="-99.1896551"/>
  <node id="372949260" lat="19.4600364" lon="-99.1868574"/>
  <node id="372949270" lat="19.4586770" lon="-99.1851565"/>
  <node id="372949273" lat="19.4584164" lon="-99.1839752"/>
  <node id="372949278" lat="19.4591630" lon="-99.1838043"/>
  <node id="372949282" lat="19.4587733" lon="-99.1826385"/>
  <node id="372949287" lat="19.4586751" lon="-99.1823391"/>
  <node id="372949292" lat="19.4595864" lon="-99.1819635"/>
  <node id="372949297" lat="19.4602880" lon="-99.1827165"/>
  <node id="372949301" lat="19.4596704" lon="-99.1831052"/>
  <node id="372949306" lat="19.4602547" lon="-99.1839397"/>
  <node id="372949311" lat="19.4607555" lon="-99.1847715"/>
  <node id="372949315" lat="19.4600954" lon="-99.1852368"/>
  <node id="372949320" lat="19.4597974" lon="-99.1841649"/>
  <node id="372949326" lat="19.4593204" lon="-99.1842860"/>
  <node id="372949330" lat="19.4597898" lon="-99.1841114"/>
  <node id="372949337" lat="19.4583320" lon="-99.1813078"/>
  <node id="372949348" lat="19.4575715" lon="-99.1818291"/>
  <node id="372949352" lat="19.4513653" lon="-99.1826668"/>
  <node id="372949357" lat="19.4554932" lon="-99.1819275"/>
  <node id="372949360" lat="19.4543330" lon="-99.1813965"/>
  <node id="372949364" lat="19.4544529" lon="-99.1821138"/>
  <node id="372949370" lat="19.4545823" lon="-99.1828879"/>
  <node id="372949375" lat="19.4548693" lon="-99.1845889"/>
  <node id="372949380" lat="19.4548150" lon="-99.1842804"/>
  <node id="372949385" lat="19.4518062" lon="-99.1847943"/>
  <node id="372949390" lat="19.4531060" lon="-99.1862501"/>
  <node id="372949394" lat="19.4528475" lon="-99.1845999"/>
  <node id="372949401" lat="19.4527529" lon="-99.1839181"/>
  <node id="372949407" lat="19.4525125" lon="-99.1824613"/>
  <node id="372949412" lat="19.4523975" lon="-99.1817277"/>
  <node id="372949416" lat="19.4523757" lon="-99.1815885"/>
  <node id="372949421" lat="19.4519382" lon="-99.1788335"/>
  <node id="372949439" lat="19.4505738" lon="-99.1790964"/>
  <node id="372949443" lat="19.4508993" lon="-99.1805800"/>
  <node id="372949452" lat="19.4510562" lon="-99.1812828"/>
  <node id="372949457" lat="19.4522914" lon="-99.1810577"/>
  <node id="372949462" lat="19.4532667" lon="-99.1808765"/>
  <node id="372949466" lat="19.4509665" lon="-99.1808811"/>
  <node id="372949471" lat="19.4492109" lon="-99.1811457"/>
  <node id="372949475" lat="19.4474365" lon="-99.1815175"/>
  <node id="372949479" lat="19.4493000" lon="-99.1833478"/>
  <node id="372949483" lat="19.4475811" lon="-99.1835927"/>
  <node id="372949492" lat="19.4479280" lon="-99.1863115"/>
  <node id="372949496" lat="19.4498799" lon="-99.1860288"/>
  <node id="372949500" lat="19.4505248" lon="-99.1853493"/>
  <node id="372949504" lat="19.4506682" lon="-99.1864366"/>
  <node id="372949508" lat="19.4508089" lon="-99.1874487"/>
  <node id="372949512" lat="19.4510041" lon="-99.1885353"/>
  <node id="372949517" lat="19.4506320" lon="-99.1886291"/>
  <node id="372949522" lat="19.4504566" lon="-99.1875254"/>
  <node id="372949527" lat="19.4500892" lon="-99.1875647"/>
  <node id="372949531" lat="19.4501048" lon="-99.1876275"/>
  <node id="372949536" lat="19.4487540" lon="-99.1878360"/>
  <node id="372949541" lat="19.4489979" lon="-99.1888996"/>
  <node id="372949544" lat="19.4493645" lon="-99.1901054"/>
  <node id="372949550" lat="19.4491071" lon="-99.1892863"/>
  <node id="372949555" lat="19.4501391" lon="-99.1889715"/>
  <node id="372949564" lat="19.4492982" lon="-99.1888585"/>
  <node id="372949569" lat="19.4494025" lon="-99.1886691"/>
  <node id="372949574" lat="19.4499304" lon="-99.1885746"/>
  <node id="372949583" lat="19.4507440" lon="-99.1869756"/>
  <node id="372949588" lat="19.4515801" lon="-99.1872546"/>
  <node id="372949597" lat="19.4532384" lon="-99.1912481"/>
  <node id="372949606" lat="19.4520095" lon="-99.1904186"/>
  <node id="372949611" lat="19.4535471" lon="-99.1926464"/>
  <node id="372949616" lat="19.4547305" lon="-99.1922689"/>
  <node id="372949621" lat="19.4543353" lon="-99.1906311"/>
  <node id="372949626" lat="19.4549732" lon="-99.1904741"/>
  <node id="372949630" lat="19.4556310" lon="-99.1903001"/>
  <node id="372949640" lat="19.4569384" lon="-99.1899636"/>
  <node id="372949645" lat="19.4578938" lon="-99.1897376"/>
  <node id="372949649" lat="19.4582148" lon="-99.1913671"/>
  <node id="372949659" lat="19.4588419" lon="-99.1904616"/>
  <node id="372949669" lat="19.4580817" lon="-99.1906502"/>
  <node id="372949674" lat="19.4571549" lon="-99.1908659"/>
  <node id="372949678" lat="19.4551781" lon="-99.1913587"/>
  <node id="372949688" lat="19.4545404" lon="-99.1915140"/>
  <node id="372949698" lat="19.4533625" lon="-99.1918377"/>
  <node id="372949707" lat="19.4530105" lon="-99.1900957"/>
  <node id="372949712" lat="19.4547748" lon="-99.1895087"/>
  <node id="372949717" lat="19.4554080" lon="-99.1893480"/>
  <node id="372949722" lat="19.4560511" lon="-99.1891849"/>
  <node id="372949727" lat="19.4567009" lon="-99.1889300"/>
  <node id="372949731" lat="19.4562702" lon="-99.1863310"/>
  <node id="372949736" lat="19.4586690" lon="-99.1856229"/>
  <node id="372949741" lat="19.4570596" lon="-99.1861075"/>
  <node id="372949746" lat="19.4573595" lon="-99.1874587"/>
  <node id="372949751" lat="19.4549854" lon="-99.1841294"/>
  <node id="372949755" lat="19.4558777" lon="-99.1839796"/>
  <node id="372949761" lat="19.4500085" lon="-99.1765870"/>
  <node id="372949766" lat="19.4466933" lon="-99.1770615"/>
  <node id="372949786" lat="19.4469246" lon="-99.1787961"/>
  <node id="372949791" lat="19.4554763" lon="-99.1926587"/>
  <node id="372949846" lat="19.4574765" lon="-99.1923455"/>
  <node id="372949866" lat="19.4527706" lon="-99.1891024"/>
  <node id="372949873" lat="19.4539184" lon="-99.1887790"/>
  <node id="372949878" lat="19.4552117" lon="-99.1884526"/>
  <node id="372949883" lat="19.4488140" lon="-99.1881815"/>
  <node id="372949888" lat="19.4502352" lon="-99.1880717"/>
  <node id="372949897" lat="19.4534591" lon="-99.1775618"/>
  <node id="372949902" lat="19.4520665" lon="-99.1770677"/>
  <node id="372949914" lat="19.4512892" lon="-99.1766761"/>
  <node id="372949924" lat="19.4509072" lon="-99.1766852"/>
  <node id="373110708" lat="19.4575430" lon="-99.1782168"/>
  <node id="373110709" lat="19.4582968" lon="-99.1777445"/>
  <node id="373110710" lat="19.4571203" lon="-99.1758066"/>
  <node id="373110711" lat="19.4577018" lon="-99.1767509"/>
  <node id="373110712" lat="19.4563193" lon="-99.1778533"/>
  <node id="373110713" lat="19.4604307" lon="-99.1765378"/>
  <node id="373110714" lat="19.4586892" lon="-99.1768550">
    <tag k="noexit" v="yes"/>
  </node>
  <node id="373110716" lat="19.4606108" lon="-99.1777278"/>
  <node id="373110717" lat="19.4589924" lon="-99.1788747"/>
  <node id="373110718" lat="19.4605057" lon="-99.1813755"/>
  <node id="373110720" lat="19.4594817" lon="-99.1796769"/>
  <node id="373110722" lat="19.4605351" lon="-99.1801687"/>
  <node id="373110723" lat="19.4599898" lon="-99.1805232"/>
  <node id="373110731" lat="19.4474648" lon="-99.1914334"/>
  <node id="373110743" lat="19.4491458" lon="-99.1911010"/>
  <node id="373110744" lat="19.4572985" lon="-99.1915188"/>
  <node id="373110746" lat="19.4553429" lon="-99.1920815"/>
  <node id="373110749" lat="19.4522389" lon="-99.1766783"/>
  <node id="373110750" lat="19.4523825" lon="-99.1762586"/>
  <node id="373110821" lat="19.4514335" lon="-99.1785850"/>
  <node id="373110822" lat="19.4516967" lon="-99.1779922"/>
  <node id="373110823" lat="19.4516721" lon="-99.1777676"/>
  <node id="373110825" lat="19.4514456" lon="-99.1776423"/>
  <node id="373110826" lat="19.4514592" lon="-99.1767578"/>
  <node id="373110918" lat="19.4482779" lon="-99.1912793"/>
  <node id="373110930" lat="19.4524886" lon="-99.1879658"/>
  <node id="373110931" lat="19.4536781" lon="-99.1876686"/>
  <node id="373110943" lat="19.4549099" lon="-99.1798283"/>
  <node id="373110948" lat="19.4553225" lon="-99.1791279"/>
  <node id="373110950" lat="19.4548939" lon="-99.1792226"/>
  <node id="373110953" lat="19.4545586" lon="-99.1787536"/>
  <node id="373110955" lat="19.4555161" lon="-99.1796110"/>
  <node id="373111117" lat="19.4563871" lon="-99.1763062"/>
  <node id="373111123" lat="19.4582074" lon="-99.1763530">
    <tag k="noexit" v="yes"/>
  </node>
  <node id="380224287" lat="19.4417940" lon="-99.1844227"/>
  <node id="380224289" lat="19.4438601" lon="-99.1841037"/>
  <node id="380224293" lat="19.4445447" lon="-99.1895404"/>
  <node id="380224294" lat="19.4427026" lon="-99.1898405"/>
  <node id="380224295" lat="19.4463520" lon="-99.1892871"/>
  <node id="380224296" lat="19.4443694" lon="-99.1884542"/>
  <node id="380224297" lat="19.4442120" lon="-99.1873866"/>
  <node id="380224301" lat="19.4441468" lon="-99.1868609"/>
  <node id="380224304" lat="19.4462039" lon="-99.1882029"/>
  <node id="380224306" lat="19.4459994" lon="-99.1865995"/>
  <node id="380224309" lat="19.4457908" lon="-99.1849646"/>
  <node id="380224318" lat="19.4456506" lon="-99.1838609"/>
  <node id="380224332" lat="19.4466437" lon="-99.1915834"/>
  <node id="380231708" lat="19.4495053" lon="-99.1744262"/>
  <node id="380231715" lat="19.4447822" lon="-99.1773593"/>
  <node id="380231717" lat="19.4490080" lon="-99.1722905"/>
  <node id="380231718" lat="19.4492628" lon="-99.1733781"/>
  <node id="380231742" lat="19.4437036" lon="-99.1775286"/>
  <node id="380231744" lat="19.4441915" lon="-99.1774524"/>
  <node id="382902178" lat="19.4515059" lon="-99.1733424"/>
  <node id="382903882" lat="19.4731267" lon="-99.1781182"/>
  <node id="382903885" lat="19.4771289" lon="-99.1762463"/>
  <node id="382903886" lat="19.4710527" lon="-99.1771235"/>
  <node id="382903887" lat="19.4711634" lon="-99.1764682"/>
  <node id="382903888" lat="19.4728134" lon="-99.1762603"/>
  <node id="382903889" lat="19.4770084" lon="-99.1757165"/>
  <node id="382903891" lat="19.4708783" lon="-99.1780407"/>
  <node id="382903892" lat="19.4709706" lon="-99.1775653"/>
  <node id="382903894" lat="19.4743577" lon="-99.1766326"/>
  <node id="382903896" lat="19.4717111" lon="-99.1793906"/>
  <node id="382903899" lat="19.4712491" lon="-99.1790080"/>
  <node id="382903907" lat="19.4740627" lon="-99.1814275"/>
  <node id="382903909" lat="19.4736364" lon="-99.1810437"/>
  <node id="382903910" lat="19.4750299" lon="-99.1822531"/>
  <node id="382903919" lat="19.4736872" lon="-99.1814356"/>
  <node id="382903928" lat="19.4742022" lon="-99.1818802">
    <tag k="highway" v="traffic_signals"/>
    <tag k="traffic_signals" v="signal"/>
  </node>
  <node id="382903929" lat="19.4737449" lon="-99.1820366"/>
  <node id="382903930" lat="19.4697298" lon="-99.1828701"/>
  <node id="382903931" lat="19.4713812" lon="-99.1825187"/>
  <node id="382903932" lat="19.4708444" lon="-99.1790521"/>
  <node id="382903934" lat="19.4711467" lon="-99.1811522"/>
  <node id="382903935" lat="19.4700946" lon="-99.1813337"/>
  <node id="382903936" lat="19.4699369" lon="-99.1819489"/>
  <node id="382903937" lat="19.4712259" lon="-99.1816185"/>
  <node id="382903938" lat="19.4706307" lon="-99.1853118"/>
  <node id="382903939" lat="19.4701379" lon="-99.1828183"/>
  <node id="382903941" lat="19.4697957" lon="-99.1817618"/>
  <node id="382903942" lat="19.4726085" lon="-99.1805415"/>
  <node id="382903943" lat="19.4710857" lon="-99.1807727"/>
  <node id="382903944" lat="19.4701994" lon="-99.1809035"/>
  <node id="382903945" lat="19.4703052" lon="-99.1804607"/>
  <node id="382903946" lat="19.4710220" lon="-99.1803633"/>
  <node id="382903947" lat="19.4721659" lon="-99.1801569"/>
  <node id="382903950" lat="19.4709444" lon="-99.1798535"/>
  <node id="382903954" lat="19.4707679" lon="-99.1771592"/>
  <node id="382903955" lat="19.4695360" lon="-99.1773356"/>
  <node id="382904200" lat="19.4732094" lon="-99.1786103"/>
  <node id="382904201" lat="19.4730483" lon="-99.1776291"/>
  <node id="382904202" lat="19.4729810" lon="-99.1772295"/>
  <node id="382904203" lat="19.4729205" lon="-99.1768527"/>
  <node id="385635297" lat="19.4716417" lon="-99.1945904"/>
  <node id="385635298" lat="19.4717432" lon="-99.1949504"/>
  <node id="385635305" lat="19.4715014" lon="-99.1940927"/>
  <node id="385638880" lat="19.4745935" lon="-99.1889097"/>
  <node id="385638882" lat="19.4677896" lon="-99.1887756"/>
  <node id="385638884" lat="19.4723074" lon="-99.1884005"/>
  <node id="385638886" lat="19.4726565" lon="-99.1886161"/>
  <node id="385638887" lat="19.4729573" lon="-99.1886540"/>
  <node id="385638889" lat="19.4745191" lon="-99.1885209"/>
  <node id="385638890" lat="19.4783357" lon="-99.1881624"/>
  <node id="387547951" lat="19.4540371" lon="-99.1749978"/>
  <node id="387547952" lat="19.4544175" lon="-99.1753942"/>
  <node id="387547954" lat="19.4565433" lon="-99.1748695"/>
  <node id="387547958" lat="19.4560161" lon="-99.1740010"/>
  <node id="387547960" lat="19.4553067" lon="-99.1757115"/>
  <node id="387547961" lat="19.4558102" lon="-99.1753757"/>
  <node id="387547962" lat="19.4555890" lon="-99.1750172"/>
  <node id="387547983" lat="19.4578594" lon="-99.1753036"/>
  <node id="387547984" lat="19.4572620" lon="-99.1743694"/>
  <node id="387547996" lat="19.4517093" lon="-99.1756562"/>
  <node id="388504189" lat="19.4602560" lon="-99.1754033"/>
  <node id="388504191" lat="19.4600639" lon="-99.1742899"/>
  <node id="391104624" lat="19.4718395" lon="-99.1851485"/>
  <node id="391104625" lat="19.4717192" lon="-99.1844341"/>
  <node id="391104626" lat="19.4716012" lon="-99.1837495"/>
  <node id="391104944" lat="19.4694433" lon="-99.1840592"/>
  <node id="391104945" lat="19.4703742" lon="-99.1839836"/>
  <node id="392066398" lat="19.4510495" lon="-99.1905723">
    <tag k="highway" v="traffic_signals"/>
    <tag k="traffic_signals" v="signal"/>
  </node>
  <node id="394141428" lat="19.4652181" lon="-99.1818699"/>
  <node id="394141448" lat="19.4652948" lon="-99.1825059"/>
  <node id="394141449" lat="19.4657175" lon="-99.1878288"/>
  <node id="394141487" lat="19.4638713" lon="-99.1845256"/>
  <node id="394141488" lat="19.4654305" lon="-99.1843975"/>
  <node id="394141489" lat="19.4688312" lon="-99.1840770"/>
  <node id="394141493" lat="19.4676990" lon="-99.1876542"/>
  <node id="394141574" lat="19.4675205" lon="-99.1853569"/>
  <node id="394141575" lat="19.4674376" lon="-99.1842070"/>
  <node id="394141577" lat="19.4668287" lon="-99.1772579"/>
  <node id="394141578" lat="19.4667879" lon="-99.1770601"/>
  <node id="394141580" lat="19.4699958" lon="-99.1782236"/>
  <node id="394141581" lat="19.4684649" lon="-99.1783819"/>
  <node id="394141582" lat="19.4669540" lon="-99.1785415"/>
  <node id="394141584" lat="19.4644282" lon="-99.1787671"/>
  <node id="394141589" lat="19.4614378" lon="-99.1796347"/>
  <node id="394141590" lat="19.4638096" lon="-99.1834006"/>
  <node id="394141591" lat="19.4653461" lon="-99.1832601"/>
  <node id="394141592" lat="19.4673419" lon="-99.1830815"/>
  <node id="394141593" lat="19.4690259" lon="-99.1829295"/>
  <node id="394141595" lat="19.4695234" lon="-99.1828917"/>
  <node id="394141597" lat="19.4646554" lon="-99.1844555"/>
  <node id="394141599" lat="19.4648379" lon="-99.1867318"/>
  <node id="394141600" lat="19.4645654" lon="-99.1833320"/>
  <node id="394141601" lat="19.4644775" lon="-99.1822362"/>
  <node id="394141678" lat="19.4634994" lon="-99.1829073"/>
  <node id="394141680" lat="19.4629869" lon="-99.1820731"/>
  <node id="394141681" lat="19.4671440" lon="-99.1807612"/>
  <node id="394141682" lat="19.4651489" lon="-99.1809454"/>
  <node id="394141683" lat="19.4700938" lon="-99.1804695"/>
  <node id="394141684" lat="19.4687381" lon="-99.1805984"/>
  <node id="394141686" lat="19.4685331" lon="-99.1789382"/>
  <node id="394141687" lat="19.4632846" lon="-99.1817837"/>
  <node id="394141697" lat="19.4669974" lon="-99.1791085"/>
  <node id="394141703" lat="19.4639356" lon="-99.1856929"/>
  <node id="394141704" lat="19.4647482" lon="-99.1856130"/>
  <node id="394141705" lat="19.4655269" lon="-99.1855454"/>
  <node id="394141706" lat="19.4692108" lon="-99.1849698"/>
  <node id="394141712" lat="19.4655787" lon="-99.1821742"/>
  <node id="394141713" lat="19.4672509" lon="-99.1820108"/>
  <node id="394141714" lat="19.4688927" lon="-99.1818504"/>
  <node id="394141857" lat="19.4629928" lon="-99.1806990"/>
  <node id="394141867" lat="19.4651057" lon="-99.1804446"/>
  <node id="394141875" lat="19.4670965" lon="-99.1802637"/>
  <node id="394141899" lat="19.4703672" lon="-99.1793507"/>
  <node id="394142738" lat="19.4686024" lon="-99.1795000"/>
  <node id="394142741" lat="19.4670435" lon="-99.1796516"/>
  <node id="394142744" lat="19.4650586" lon="-99.1798208"/>
  <node id="394142751" lat="19.4596223" lon="-99.1784976"/>
  <node id="394142998" lat="19.4615329" lon="-99.1790430"/>
  <node id="394143650" lat="19.4602459" lon="-99.1784870"/>
  <node id="394143653" lat="19.4614451" lon="-99.1783872"/>
  <node id="394143657" lat="19.4623268" lon="-99.1783671"/>
  <node id="394143660" lat="19.4669050" lon="-99.1779668"/>
  <node id="394143662" lat="19.4683957" lon="-99.1778086"/>
  <node id="394143671" lat="19.4695002" lon="-99.1777167"/>
  <node id="394143682" lat="19.4699852" lon="-99.1809141"/>
  <node id="394143788" lat="19.4687903" lon="-99.1810204"/>
  <node id="394143966" lat="19.4671792" lon="-99.1811675"/>
  <node id="394143998" lat="19.4672154" lon="-99.1815888"/>
  <node id="394144296" lat="19.4688436" lon="-99.1814523"/>
  <node id="394144299" lat="19.4698974" lon="-99.1813444"/>
  <node id="394144328" lat="19.4678129" lon="-99.1819559"/>
  <node id="394144741" lat="19.4678976" lon="-99.1830313"/>
  <node id="394144743" lat="19.4679863" lon="-99.1841580"/>
  <node id="394144746" lat="19.4680704" lon="-99.1852257"/>
  <node id="394145022" lat="19.4694001" lon="-99.1863408"/>
  <node id="394145886" lat="19.4676175" lon="-99.1865094"/>
  <node id="394145888" lat="19.4656200" lon="-99.1866723"/>
  <node id="394145891" lat="19.4644130" lon="-99.1867658"/>
  <node id="394145893" lat="19.4639692" lon="-99.1862713"/>
  <node id="394145895" lat="19.4636813" lon="-99.1823129"/>
  <node id="394145994" lat="19.4661457" lon="-99.1808567"/>
  <node id="394146453" lat="19.4662467" lon="-99.1821089"/>
  <node id="394146456" lat="19.4663325" lon="-99.1831726"/>
  <node id="394146459" lat="19.4664232" lon="-99.1842976"/>
  <node id="394146462" lat="19.4665170" lon="-99.1854602"/>
  <node id="394146481" lat="19.4656440" lon="-99.1808972"/>
  <node id="394146786" lat="19.4657475" lon="-99.1821577"/>
  <node id="394146800" lat="19.4668542" lon="-99.1831255"/>
  <node id="394147055" lat="19.4669507" lon="-99.1842505"/>
  <node id="394147057" lat="19.4670424" lon="-99.1854103"/>
  <node id="394147081" lat="19.4666837" lon="-99.1808084"/>
  <node id="394147294" lat="19.4667865" lon="-99.1820562"/>
  <node id="394147779" lat="19.4658082" lon="-99.1889706"/>
  <node id="394147808" lat="19.4616410" lon="-99.1898163"/>
  <node id="394147887" lat="19.4623168" lon="-99.1882347"/>
  <node id="394148157" lat="19.4626146" lon="-99.1895299"/>
  <node id="394148466" lat="19.4610576" lon="-99.1857743"/>
  <node id="394148469" lat="19.4638369" lon="-99.1838987"/>
  <node id="394148486" lat="19.4639054" lon="-99.1851339"/>
  <node id="394148955" lat="19.4632874" lon="-99.1842598"/>
  <node id="394148958" lat="19.4627723" lon="-99.1834223"/>
  <node id="394148962" lat="19.4622579" lon="-99.1825667"/>
  <node id="394148965" lat="19.4602109" lon="-99.1791922"/>
  <node id="394149073" lat="19.4607429" lon="-99.1800336"/>
  <node id="394149324" lat="19.4649092" lon="-99.1781508"/>
  <node id="394149413" lat="19.4648676" lon="-99.1775590"/>
  <node id="394151484" lat="19.4649730" lon="-99.1821896"/>
  <node id="394151488" lat="19.4635127" lon="-99.1821567"/>
  <node id="394151490" lat="19.4628690" lon="-99.1809874"/>
  <node id="394151499" lat="19.4639313" lon="-99.1814534"/>
  <node id="394151771" lat="19.4624861" lon="-99.1812362"/>
  <node id="394151774" lat="19.4617532" lon="-99.1817294"/>
  <node id="394151994" lat="19.4612400" lon="-99.1808805"/>
  <node id="394152018" lat="19.4619689" lon="-99.1803906"/>
  <node id="394152213" lat="19.4607400" lon="-99.1784453"/>
  <node id="394152234" lat="19.4606452" lon="-99.1779191"/>
  <node id="394152254" lat="19.4608164" lon="-99.1789528"/>
  <node id="394152306" lat="19.4608538" lon="-99.1792890"/>
  <node id="394152759" lat="19.4610192" lon="-99.1822259"/>
  <node id="394152774" lat="19.4625506" lon="-99.1847567"/>
  <node id="394152789" lat="19.4615258" lon="-99.1830603"/>
  <node id="394152805" lat="19.4620351" lon="-99.1839051"/>
  <node id="394152830" lat="19.4635412" lon="-99.1863918"/>
  <node id="394153642" lat="19.4620516" lon="-99.1856346"/>
  <node id="394153645" lat="19.4618190" lon="-99.1852616"/>
  <node id="394153648" lat="19.4612985" lon="-99.1844015"/>
  <node id="394153804" lat="19.4612880" lon="-99.1856185"/>
  <node id="394154580" lat="19.4569319" lon="-99.1859162"/>
  <node id="394159167" lat="19.4612050" lon="-99.1863111"/>
  <node id="394159169" lat="19.4630726" lon="-99.1856165"/>
  <node id="394159170" lat="19.4638048" lon="-99.1850918"/>
  <node id="394159171" lat="19.4644722" lon="-99.1793425"/>
  <node id="394159172" lat="19.4643851" lon="-99.1781964"/>
  <node id="394159173" lat="19.4654607" lon="-99.1780896"/>
  <node id="394159174" lat="19.4655652" lon="-99.1792395"/>
  <node id="394159175" lat="19.4633716" lon="-99.1776819"/>
  <node id="394159176" lat="19.4634101" lon="-99.1782792"/>
  <node id="394159177" lat="19.4634613" lon="-99.1788525"/>
  <node id="394159178" lat="19.4635060" lon="-99.1794327"/>
  <node id="394159179" lat="19.4635489" lon="-99.1799573"/>
  <node id="394159180" lat="19.4635961" lon="-99.1805661"/>
  <node id="394159181" lat="19.4629198" lon="-99.1809289"/>
  <node id="394159182" lat="19.4627107" lon="-99.1800516"/>
  <node id="394159183" lat="19.4625301" lon="-99.1794985"/>
  <node id="394159184" lat="19.4623595" lon="-99.1789519"/>
  <node id="394159185" lat="19.4621756" lon="-99.1783283"/>
  <node id="394159228" lat="19.4628279" lon="-99.1800332"/>
  <node id="394159229" lat="19.4626486" lon="-99.1794874"/>
  <node id="394159230" lat="19.4624849" lon="-99.1789385"/>
  <node id="394159231" lat="19.4619891" lon="-99.1769501"/>
  <node id="394159232" lat="19.4666537" lon="-99.1764936"/>
  <node id="394159233" lat="19.4665158" lon="-99.1758890"/>
  <node id="394159237" lat="19.4617854" lon="-99.1757666"/>
  <node id="394159246" lat="19.4663983" lon="-99.1753539"/>
  <node id="394159247" lat="19.4644560" lon="-99.1737426"/>
  <node id="394159248" lat="19.4646996" lon="-99.1755054"/>
  <node id="394159249" lat="19.4647662" lon="-99.1760396"/>
  <node id="394159250" lat="19.4648190" lon="-99.1766842"/>
  <node id="394159251" lat="19.4648550" lon="-99.1773487"/>
  <node id="394159252" lat="19.4646249" lon="-99.1748784"/>
  <node id="394159253" lat="19.4662743" lon="-99.1747742"/>
  <node id="394159254" lat="19.4616832" lon="-99.1751668"/>
  <node id="394159255" lat="19.4615940" lon="-99.1746434"/>
  <node id="394159263" lat="19.4645517" lon="-99.1743668"/>
  <node id="394159278" lat="19.4629063" lon="-99.1738978"/>
  <node id="394159280" lat="19.4629772" lon="-99.1745147"/>
  <node id="394159281" lat="19.4630492" lon="-99.1750243"/>
  <node id="394159282" lat="19.4631378" lon="-99.1756418"/>
  <node id="394159283" lat="19.4632096" lon="-99.1761709"/>
  <node id="394159284" lat="19.4632928" lon="-99.1768209"/>
  <node id="394159285" lat="19.4633651" lon="-99.1774889"/>
  <node id="394159286" lat="19.4615639" lon="-99.1751892"/>
  <node id="394159292" lat="19.4612020" lon="-99.1730473"/>
  <node id="394159293" lat="19.4613186" lon="-99.1730270"/>
  <node id="394159295" lat="19.4610989" lon="-99.1724368"/>
  <node id="394159297" lat="19.4610136" lon="-99.1719318"/>
  <node id="394159301" lat="19.4609512" lon="-99.1715623"/>
  <node id="394159302" lat="19.4677571" lon="-99.1758597"/>
  <node id="394159306" lat="19.4784855" lon="-99.1760046"/>
  <node id="956656256" lat="19.4632072" lon="-99.1922923"/>
  <node id="956656257" lat="19.4628980" lon="-99.1908092"/>
  <node id="956656258" lat="19.4628136" lon="-99.1906502"/>
  <node id="956656259" lat="19.4627196" lon="-99.1905894"/>
  <node id="956656261" lat="19.4623362" lon="-99.1903978"/>
  <node id="956656269" lat="19.4597563" lon="-99.1916984"/>
  <node id="957869366" lat="19.4584950" lon="-99.1925102"/>
  <node id="957869370" lat="19.4577983" lon="-99.1892858"/>
  <node id="957869372" lat="19.4591373" lon="-99.1947338"/>
  <node id="957872295" lat="19.4587449" lon="-99.1933808"/>
  <node id="957872296" lat="19.4589374" lon="-99.1940690"/>
  <node id="957880229" lat="19.4585933" lon="-99.1928355"/>
  <node id="957880261" lat="19.4582638" lon="-99.1916177"/>
  <node id="957880292" lat="19.4595665" lon="-99.1907892"/>
  <node id="958684260" lat="19.4550299" lon="-99.1849821"/>
  <node id="958684262" lat="19.4551227" lon="-99.1849184"/>
  <node id="958684263" lat="19.4550707" lon="-99.1845905"/>
  <node id="958684265" lat="19.4546784" lon="-99.1846992"/>
  <node id="958684266" lat="19.4545831" lon="-99.1848702"/>
  <node id="958684272" lat="19.4547258" lon="-99.1850124"/>
  <node id="958684276" lat="19.4548797" lon="-99.1850246"/>
  <node id="958684288" lat="19.4558684" lon="-99.1845589"/>
  <node id="958684292" lat="19.4539253" lon="-99.1850385"/>
  <node id="958684295" lat="19.4536118" lon="-99.1830604"/>
  <node id="958684297" lat="19.4534783" lon="-99.1822884"/>
  <node id="958825939" lat="19.4573069" lon="-99.1842967"/>
  <node id="958825940" lat="19.4574225" lon="-99.1848782"/>
  <node id="958825942" lat="19.4574679" lon="-99.1851069"/>
  <node id="958825949" lat="19.4573162" lon="-99.1852893"/>
  <node id="958825951" lat="19.4574913" lon="-99.1859772"/>
  <node id="958825953" lat="19.4571138" lon="-99.1853644"/>
  <node id="958825960" lat="19.4567267" lon="-99.1850408"/>
  <node id="958825970" lat="19.4614334" lon="-99.1858579"/>
  <node id="959089125" lat="19.4523986" lon="-99.1746789">
    <tag k="crossing" v="uncontrolled"/>
    <tag k="highway" v="crossing"/>
  </node>
  <node id="990830004" lat="19.4543563" lon="-99.1969190"/>
  <node id="1403764296" lat="19.4720833" lon="-99.1859630"/>
  <node id="1403764297" lat="19.4704990" lon="-99.1846911"/>
  <node id="1403764301" lat="19.4708782" lon="-99.1765059"/>
  <node id="1403764303" lat="19.4691584" lon="-99.1839983"/>
  <node id="1403764306" lat="19.4702161" lon="-99.1799691"/>
  <node id="1403764307" lat="19.4668326" lon="-99.1807948"/>
  <node id="1403764310" lat="19.4631646" lon="-99.1823480"/>
  <node id="1403764311" lat="19.4702517" lon="-99.1839654"/>
  <node id="1403764315" lat="19.4708275" lon="-99.1862073"/>
  <node id="1403764316" lat="19.4627469" lon="-99.1816535"/>
  <node id="1403764317" lat="19.4738848" lon="-99.1832305"/>
  <node id="1403764318" lat="19.4704300" lon="-99.1799377"/>
  <node id="1403764319" lat="19.4689751" lon="-99.1767387"/>
  <node id="1403764321" lat="19.4694173" lon="-99.1849473"/>
  <node id="1403764322" lat="19.4692395" lon="-99.1839669"/>
  <node id="1403764324" lat="19.4694778" lon="-99.1854803"/>
  <node id="1403764329" lat="19.4708114" lon="-99.1768715"/>
  <node id="1403764330" lat="19.4620064" lon="-99.1821490"/>
  <node id="1403764331" lat="19.4686795" lon="-99.1801234"/>
  <node id="1403764333" lat="19.4696023" lon="-99.1863032"/>
  <node id="1403764334" lat="19.4710813" lon="-99.1769602"/>
  <node id="1403884774" lat="19.4685748" lon="-99.1841054"/>
  <node id="1403884783" lat="19.4658278" lon="-99.1832181"/>
  <node id="1403884785" lat="19.4699526" lon="-99.1848009"/>
  <node id="1403884787" lat="19.4699002" lon="-99.1839865"/>
  <node id="1403884788" lat="19.4686617" lon="-99.1850893"/>
  <node id="1404219176" lat="19.4591408" lon="-99.1799113"/>
  <node id="1404219177" lat="19.4612846" lon="-99.1789111"/>
  <node id="1404219178" lat="19.4604461" lon="-99.1790230"/>
  <node id="1404393945" lat="19.4714195" lon="-99.1827192"/>
  <node id="1404393952" lat="19.4670513" lon="-99.1857316"/>
  <node id="1404393972" lat="19.4710293" lon="-99.1788098"/>
  <node id="1404393976" lat="19.4681187" lon="-99.1857035"/>
  <node id="1404393979" lat="19.4692686" lon="-99.1855090"/>
  <node id="1404393988" lat="19.4675500" lon="-99.1857769"/>
  <node id="1404444921" lat="19.4725423" lon="-99.1890902"/>
  <node id="1404444922" lat="19.4729181" lon="-99.1762468"/>
  <node id="1404444925" lat="19.4759306" lon="-99.1833548"/>
  <node id="1404444926" lat="19.4651622" lon="-99.1897644"/>
  <node id="1404444927" lat="19.4643771" lon="-99.1898370"/>
  <node id="1404444928" lat="19.4722433" lon="-99.1892366"/>
  <node id="1404444930" lat="19.4732317" lon="-99.1780932"/>
  <node id="1404444932" lat="19.4675293" lon="-99.1896686"/>
  <node id="1404444935" lat="19.4763649" lon="-99.1890884"/>
  <node id="1404444937" lat="19.4743585" lon="-99.1816766">
    <tag k="highway" v="traffic_signals"/>
    <tag k="traffic_signals" v="signal"/>
  </node>
  <node id="1404444938" lat="19.4718802" lon="-99.1884376"/>
  <node id="1404444943" lat="19.4776571" lon="-99.1889677"/>
  <node id="1404444944" lat="19.4679610" lon="-99.1894977"/>
  <node id="1404444945" lat="19.4616322" lon="-99.1899851"/>
  <node id="1404444946" lat="19.4712787" lon="-99.1892010"/>
  <node id="1404444948" lat="19.4761523" lon="-99.1835352"/>
  <node id="1404444949" lat="19.4764190" lon="-99.1887490"/>
  <node id="1404444950" lat="19.4656013" lon="-99.1897256"/>
  <node id="1404444953" lat="19.4710235" lon="-99.1868162"/>
  <node id="1404444955" lat="19.4622330" lon="-99.1900098"/>
  <node id="1404444956" lat="19.4608240" lon="-99.1898579"/>
  <node id="1404444957" lat="19.4658631" lon="-99.1897033"/>
  <node id="1404444966" lat="19.4730192" lon="-99.1768370"/>
  <node id="1404444967" lat="19.4711809" lon="-99.1884983"/>
  <node id="1404444969" lat="19.4775259" lon="-99.1886516"/>
  <node id="1404444970" lat="19.4783904" lon="-99.1885755"/>
  <node id="1404444971" lat="19.4727483" lon="-99.1894200"/>
  <node id="1404444973" lat="19.4773242" lon="-99.1882749"/>
  <node id="1404444974" lat="19.4678479" lon="-99.1895108"/>
  <node id="1404444975" lat="19.4615856" lon="-99.1899458"/>
  <node id="1404444979" lat="19.4783436" lon="-99.1888979"/>
  <node id="1404444980" lat="19.4671274" lon="-99.1895846"/>
  <node id="1404444982" lat="19.4761698" lon="-99.1887709"/>
  <node id="1404444983" lat="19.4726066" lon="-99.1894298"/>
  <node id="1404444986" lat="19.4605719" lon="-99.1897119"/>
  <node id="1404444988" lat="19.4789510" lon="-99.1888451">
    <tag k="highway" v="traffic_signals"/>
    <tag k="traffic_signals" v="signal"/>
  </node>
  <node id="1404444989" lat="19.4757790" lon="-99.1829023"/>
  <node id="1404444990" lat="19.4612644" lon="-99.1899548"/>
  <node id="1404444991" lat="19.4627187" lon="-99.1899892"/>
  <node id="1404489344" lat="19.4671434" lon="-99.1748481"/>
  <node id="1404489345" lat="19.4682823" lon="-99.1767385"/>
  <node id="1404489351" lat="19.4672187" lon="-99.1750784"/>
  <node id="1404489361" lat="19.4679530" lon="-99.1765878"/>
  <node id="1404497715" lat="19.4685307" lon="-99.1764391"/>
  <node id="1404497726" lat="19.4694528" lon="-99.1772500"/>
  <node id="1404497727" lat="19.4690704" lon="-99.1770059"/>
  <node id="1404497734" lat="19.4692593" lon="-99.1774624"/>
  <node id="1404497735" lat="19.4691389" lon="-99.1771530"/>
  <node id="1404497736" lat="19.4684469" lon="-99.1765959"/>
  <node id="1404497740" lat="19.4681498" lon="-99.1758861"/>
  <node id="1404498762" lat="19.4678686" lon="-99.1764438"/>
  <node id="1417722248" lat="19.4545672" lon="-99.1876939"/>
  <node id="1417722249" lat="19.4547562" lon="-99.1879453"/>
  <node id="1417722250" lat="19.4552616" lon="-99.1883828"/>
  <node id="1417722251" lat="19.4556571" lon="-99.1882975"/>
  <node id="1417722252" lat="19.4559407" lon="-99.1884752"/>
  <node id="1417722253" lat="19.4560672" lon="-99.1886294"/>
  <node id="1417791847" lat="19.4428903" lon="-99.1776336"/>
  <node id="1417791850" lat="19.4509038" lon="-99.1842230"/>
  <node id="1417791852" lat="19.4530856" lon="-99.1864776"/>
  <node id="1417791853" lat="19.4532045" lon="-99.1863320"/>
  <node id="1417791860" lat="19.4544141" lon="-99.1873333"/>
  <node id="1417791862" lat="19.4581415" lon="-99.1889680"/>
  <node id="1417791863" lat="19.4581472" lon="-99.1888494"/>
  <node id="1417791865" lat="19.4585304" lon="-99.1886945"/>
  <node id="1417791866" lat="19.4586262" lon="-99.1888233"/>
  <node id="1417791867" lat="19.4587113" lon="-99.1910057"/>
  <node id="1417791870" lat="19.4591950" lon="-99.1901778"/>
  <node id="1417791871" lat="19.4593347" lon="-99.1885571"/>
  <node id="1417791872" lat="19.4593742" lon="-99.1883255"/>
  <node id="1417791873" lat="19.4594044" lon="-99.1895208"/>
  <node id="1417791875" lat="19.4593961" lon="-99.1889525"/>
  <node id="1417791876" lat="19.4594192" lon="-99.1893575"/>
  <node id="1417791877" lat="19.4594192" lon="-99.1892195"/>
  <node id="1417791881" lat="19.4596920" lon="-99.1914885"/>
  <node id="1417791882" lat="19.4598014" lon="-99.1887149"/>
  <node id="1417791887" lat="19.4600331" lon="-99.1903927"/>
  <node id="1417791888" lat="19.4600396" lon="-99.1901820"/>
  <node id="1417791889" lat="19.4600567" lon="-99.1895966"/>
  <node id="1417791890" lat="19.4601754" lon="-99.1895331"/>
  <node id="1417791893" lat="19.4603571" lon="-99.1890956"/>
  <node id="1417791896" lat="19.4605053" lon="-99.1900306"/>
  <node id="1417791898" lat="19.4606674" lon="-99.1910243"/>
  <node id="1417791900" lat="19.4605448" lon="-99.1899197"/>
  <node id="1417791901" lat="19.4606067" lon="-99.1909353"/>
  <node id="1417791903" lat="19.4607911" lon="-99.1909089"/>
  <node id="1417791904" lat="19.4608831" lon="-99.1902179"/>
  <node id="1417791905" lat="19.4609261" lon="-99.1908089"/>
  <node id="1417791906" lat="19.4609790" lon="-99.1909966"/>
  <node id="1417791908" lat="19.4610176" lon="-99.1904042"/>
  <node id="1417791909" lat="19.4614476" lon="-99.1908212"/>
  <node id="1417791911" lat="19.4628459" lon="-99.1900927"/>
  <node id="1417791912" lat="19.4652440" lon="-99.1899890"/>
  <node id="1417791922" lat="19.4674515" lon="-99.1898967"/>
  <node id="1417791926" lat="19.4677162" lon="-99.1897702"/>
  <node id="1417791927" lat="19.4682166" lon="-99.1898270"/>
  <node id="1417791928" lat="19.4713777" lon="-99.1893220"/>
  <node id="1417791930" lat="19.4713880" lon="-99.1894375"/>
  <node id="1417791936" lat="19.4747040" lon="-99.1892367"/>
  <node id="1417791941" lat="19.4751718" lon="-99.1890875"/>
  <node id="1417791945" lat="19.4775881" lon="-99.1887749"/>
  <node id="1417791946" lat="19.4776096" lon="-99.1888821"/>
  <node id="1480964066" lat="19.4466319" lon="-99.1914833"/>
  <node id="1480964115" lat="19.4498295" lon="-99.1909481"/>
  <node id="1480964137" lat="19.4510785" lon="-99.1906422">
    <tag k="highway" v="traffic_signals"/>
    <tag k="traffic_signals" v="signal"/>
  </node>
  <node id="1480964190" lat="19.4529458" lon="-99.1901520"/>
  <node id="1480964213" lat="19.4532594" lon="-99.1899278"/>
  <node id="1480964214" lat="19.4556837" lon="-99.1886875"/>
  <node id="1480964215" lat="19.4569300" lon="-99.1890017"/>
  <node id="1526796191" lat="19.4500264" lon="-99.1871092"/>
  <node id="1526796194" lat="19.4493161" lon="-99.1900207"/>
  <node id="1526796215" lat="19.4482278" lon="-99.1886341"/>
  <node id="1526796290" lat="19.4489079" lon="-99.1885720"/>
  <node id="1526803256" lat="19.4508921" lon="-99.1874379"/>
  <node id="1588718396" lat="19.4544069" lon="-99.1968395"/>
  <node id="1588718414" lat="19.4543630" lon="-99.1964423"/>
  <node id="1588718426" lat="19.4542396" lon="-99.1957998"/>
  <node id="1865185435" lat="19.4693537" lon="-99.1839825"/>
  <node id="1865185436" lat="19.4694594" lon="-99.1840873"/>
  <node id="1865185437" lat="19.4695048" lon="-99.1874880"/>
  <node id="1865185438" lat="19.4696001" lon="-99.1886127"/>
  <node id="1865185439" lat="19.4697024" lon="-99.1874714"/>
  <node id="1865185440" lat="19.4698016" lon="-99.1885915"/>
  <node id="1865185441" lat="19.4705068" lon="-99.1787455">
    <tag k="highway" v="traffic_signals"/>
    <tag k="traffic_signals" v="signal"/>
  </node>
  <node id="1865185442" lat="19.4705479" lon="-99.1794443"/>
  <node id="1865185443" lat="19.4706833" lon="-99.1789039">
    <tag k="highway" v="traffic_signals"/>
    <tag k="traffic_signals" v="signal"/>
  </node>
  <node id="1865185445" lat="19.4742819" lon="-99.1871838"/>
  <node id="1865185447" lat="19.4772813" lon="-99.1871674"/>
  <node id="1865185448" lat="19.4784192" lon="-99.1870115">
    <tag k="highway" v="traffic_signals"/>
    <tag k="traffic_signals" v="signal"/>
  </node>
  <node id="1865189492" lat="19.4694156" lon="-99.1760646"/>
  <node id="1865189494" lat="19.4697105" lon="-99.1759021"/>
  <node id="1865189496" lat="19.4705755" lon="-99.1783669">
    <tag k="highway" v="traffic_signals"/>
    <tag k="traffic_signals" v="signal"/>
  </node>
  <node id="1865189498" lat="19.4709729" lon="-99.1758859"/>
  <node id="1865189499" lat="19.4709935" lon="-99.1757539"/>
  <node id="1865189500" lat="19.4712616" lon="-99.1758528"/>
  <node id="1865194572" lat="19.4662659" lon="-99.1774125"/>
  <node id="1865195745" lat="19.4495063" lon="-99.1833425"/>
  <node id="1865195747" lat="19.4552724" lon="-99.1810901"/>
  <node id="1865195750" lat="19.4553093" lon="-99.1812294"/>
  <node id="1865202487" lat="19.4488932" lon="-99.1714882">
    <tag k="highway" v="traffic_signals"/>
    <tag k="traffic_signals" v="signal"/>
  </node>
  <node id="1865202489" lat="19.4488644" lon="-99.1715905">
    <tag k="highway" v="traffic_signals"/>
    <tag k="traffic_signals" v="signal"/>
  </node>
  <node id="1865202490" lat="19.4489548" lon="-99.1791693"/>
  <node id="1865202493" lat="19.4494814" lon="-99.1785114"/>
  <node id="1865202498" lat="19.4502325" lon="-99.1775941">
    <tag k="crossing" v="uncontrolled"/>
    <tag k="highway" v="crossing"/>
  </node>
  <node id="1865202499" lat="19.4504155" lon="-99.1784136"/>
  <node id="1865202500" lat="19.4507333" lon="-99.1798367"/>
  <node id="1865202504" lat="19.4510220" lon="-99.1783536"/>
  <node id="1865202508" lat="19.4514091" lon="-99.1734073"/>
  <node id="1865202511" lat="19.4520596" lon="-99.1795973"/>
  <node id="1865202514" lat="19.4521806" lon="-99.1803599"/>
  <node id="1865202515" lat="19.4523747" lon="-99.1748575"/>
  <node id="1865202516" lat="19.4525352" lon="-99.1760224"/>
  <node id="1865202517" lat="19.4527465" lon="-99.1741227"/>
  <node id="1865202518" lat="19.4529050" lon="-99.1742346"/>
  <node id="1865202519" lat="19.4529189" lon="-99.1756413"/>
  <node id="1865202520" lat="19.4529316" lon="-99.1786691"/>
  <node id="1865202521" lat="19.4529751" lon="-99.1778748"/>
  <node id="1865202522" lat="19.4530017" lon="-99.1755633"/>
  <node id="1865202523" lat="19.4529881" lon="-99.1785122"/>
  <node id="1865202524" lat="19.4530201" lon="-99.1783330"/>
  <node id="1865202525" lat="19.4531648" lon="-99.1802048"/>
  <node id="1865202527" lat="19.4533494" lon="-99.1814210"/>
  <node id="1865202528" lat="19.4542884" lon="-99.1799907"/>
  <node id="1865202529" lat="19.4543286" lon="-99.1776566"/>
  <node id="1865202530" lat="19.4544066" lon="-99.1775938"/>
  <node id="1865202531" lat="19.4555738" lon="-99.1790202"/>
  <node id="1865202532" lat="19.4556719" lon="-99.1789625"/>
  <node id="1865202534" lat="19.4558256" lon="-99.1794738"/>
  <node id="1865202535" lat="19.4559059" lon="-99.1794045"/>
  <node id="1865202536" lat="19.4563385" lon="-99.1804480">
    <tag k="highway" v="traffic_signals"/>
    <tag k="traffic_signals" v="signal"/>
  </node>
  <node id="1865202538" lat="19.4577996" lon="-99.1823129"/>
  <node id="1865202539" lat="19.4581631" lon="-99.1828180">
    <tag k="highway" v="traffic_signals"/>
    <tag k="traffic_signals" v="signal"/>
  </node>
  <node id="1865863075" lat="19.4589044" lon="-99.1787041">
    <tag k="crossing:barrier" v="no"/>
    <tag k="railway" v="level_crossing"/>
  </node>
  <node id="1865863078" lat="19.4589435" lon="-99.1789025">
    <tag k="crossing:barrier" v="no"/>
    <tag k="railway" v="level_crossing"/>
  </node>
  <node id="1865863086" lat="19.4592806" lon="-99.1810291">
    <tag k="railway" v="level_crossing"/>
  </node>
  <node id="1865863091" lat="19.4594728" lon="-99.1820067">
    <tag k="railway" v="level_crossing"/>
  </node>
  <node id="1865863095" lat="19.4596804" lon="-99.1854955"/>
  <node id="1865863104" lat="19.4600132" lon="-99.1853334">
    <tag k="railway" v="level_crossing"/>
  </node>
  <node id="1865863116" lat="19.4608194" lon="-99.1885199">
    <tag k="railway" v="level_crossing"/>
  </node>
  <node id="1865863142" lat="19.4615177" lon="-99.1899794">
    <tag k="railway" v="level_crossing"/>
  </node>
  <node id="1932473829" lat="19.4715130" lon="-99.1832084"/>
  <node id="1932473830" lat="19.4717468" lon="-99.1872739"/>
  <node id="1932473831" lat="19.4718479" lon="-99.1884404"/>
  <node id="1932473841" lat="19.4753033" lon="-99.1759209"/>
  <node id="1932473842" lat="19.4754210" lon="-99.1764725"/>
  <node id="1932473852" lat="19.4759087" lon="-99.1871540"/>
  <node id="1932473862" lat="19.4762053" lon="-99.1871433"/>
  <node id="1932473873" lat="19.4769626" lon="-99.1871539"/>
  <node id="1932507279" lat="19.4656232" lon="-99.1732800"/>
  <node id="1932507395" lat="19.4678220" lon="-99.1755480"/>
  <node id="1932723142" lat="19.4595772" lon="-99.1938664">
    <tag k="highway" v="traffic_signals"/>
    <tag k="traffic_signals" v="signal"/>
  </node>
  <node id="1932723144" lat="19.4595858" lon="-99.1912554"/>
  <node id="1932723146" lat="19.4595982" lon="-99.1914320"/>
  <node id="1932723148" lat="19.4596237" lon="-99.1921729"/>
  <node id="1932723151" lat="19.4596292" lon="-99.1925260"/>
  <node id="1932723152" lat="19.4596455" lon="-99.1931005"/>
  <node id="1932723153" lat="19.4596375" lon="-99.1934233"/>
  <node id="1932723154" lat="19.4596607" lon="-99.1902470"/>
  <node id="1932723158" lat="19.4597003" lon="-99.1911501"/>
  <node id="1932723159" lat="19.4597125" lon="-99.1918526"/>
  <node id="1932723160" lat="19.4597505" lon="-99.1903276"/>
  <node id="1932723162" lat="19.4597508" lon="-99.1934138"/>
  <node id="1932723164" lat="19.4597578" lon="-99.1909902"/>
  <node id="1932723166" lat="19.4597565" lon="-99.1931809"/>
  <node id="1932723167" lat="19.4598229" lon="-99.1898778"/>
  <node id="1932723168" lat="19.4600152" lon="-99.1907648"/>
  <node id="1932723170" lat="19.4602949" lon="-99.1905264"/>
  <node id="1932723171" lat="19.4601240" lon="-99.1899140"/>
  <node id="1932723172" lat="19.4601350" lon="-99.1908795"/>
  <node id="1932723175" lat="19.4603346" lon="-99.1906192"/>
  <node id="1932723176" lat="19.4603177" lon="-99.1909881"/>
  <node id="1932723177" lat="19.4603382" lon="-99.1893213"/>
  <node id="1932723178" lat="19.4603595" lon="-99.1892357"/>
  <node id="1932723179" lat="19.4604284" lon="-99.1908013"/>
  <node id="1932723180" lat="19.4605911" lon="-99.1910444"/>
  <node id="1932895490" lat="19.4517201" lon="-99.1886181"/>
  <node id="1932895496" lat="19.4522533" lon="-99.1885439"/>
  <node id="1932895498" lat="19.4523323" lon="-99.1885621"/>
  <node id="1932895502" lat="19.4526197" lon="-99.1885030"/>
  <node id="1932895564" lat="19.4537007" lon="-99.1934030"/>
  <node id="1932895572" lat="19.4539326" lon="-99.1944725"/>
  <node id="1932895574" lat="19.4540968" lon="-99.1951798"/>
  <node id="1932895575" lat="19.4541521" lon="-99.1954013"/>
  <node id="1932895586" lat="19.4550036" lon="-99.1933330"/>
  <node id="1932895588" lat="19.4552203" lon="-99.1940730"/>
  <node id="1932895596" lat="19.4553784" lon="-99.1947314"/>
  <node id="1932895680" lat="19.4582062" lon="-99.1888085"/>
  <node id="1932895683" lat="19.4584296" lon="-99.1889415"/>
  <node id="1932895684" lat="19.4584822" lon="-99.1893132"/>
  <node id="1932895685" lat="19.4585073" lon="-99.1891672"/>
  <node id="1932895687" lat="19.4601512" lon="-99.1873717"/>
  <node id="1932895691" lat="19.4608942" lon="-99.1871972"/>
  <node id="1932895692" lat="19.4611379" lon="-99.1871400"/>
  <node id="1932895696" lat="19.4615528" lon="-99.1870426"/>
  <node id="1932895698" lat="19.4618482" lon="-99.1869732"/>
  <node id="1932895701" lat="19.4621353" lon="-99.1869058"/>
  <node id="1932895703" lat="19.4623828" lon="-99.1868477"/>
  <node id="1932895705" lat="19.4626738" lon="-99.1867794"/>
  <node id="1932895706" lat="19.4629476" lon="-99.1867151"/>
  <node id="1932895707" lat="19.4630474" lon="-99.1866764"/>
  <node id="1932895709" lat="19.4632197" lon="-99.1870954"/>
  <node id="1932895710" lat="19.4632860" lon="-99.1865351"/>
  <node id="1932895716" lat="19.4635515" lon="-99.1877735"/>
  <node id="1932895719" lat="19.4636643" lon="-99.1880135"/>
  <node id="1932895721" lat="19.4638047" lon="-99.1879956"/>
  <node id="1932895727" lat="19.4641409" lon="-99.1891361"/>
  <node id="1932895735" lat="19.4706254" lon="-99.1906494"/>
  <node id="1932895736" lat="19.4709294" lon="-99.1916827"/>
  <node id="1932895753" lat="19.4733800" lon="-99.2005394"/>
  <node id="1932912871" lat="19.4533683" lon="-99.1761032"/>
  <node id="1932912872" lat="19.4538131" lon="-99.1767550"/>
  <node id="1932912873" lat="19.4543015" lon="-99.1774587"/>
  <node id="1932912875" lat="19.4558292" lon="-99.1792521"/>
  <node id="1932912877" lat="19.4588405" lon="-99.1785962"/>
  <node id="1932933924" lat="19.4494440" lon="-99.1766689"/>
  <node id="1932933925" lat="19.4496045" lon="-99.1776066"/>
  <node id="1932933926" lat="19.4502010" lon="-99.1774558">
    <tag k="railway" v="level_crossing"/>
  </node>
  <node id="1932933927" lat="19.4547133" lon="-99.1779270"/>
  <node id="1932933929" lat="19.4553334" lon="-99.1774079"/>
  <node id="1970822643" lat="19.4705584" lon="-99.1904820">
    <tag k="crossing:barrier" v="no"/>
    <tag k="railway" v="level_crossing"/>
  </node>
  <node id="1970822718" lat="19.4703447" lon="-99.1905435"/>
  <node id="2266986693" lat="19.4449851" lon="-99.1839502">
    <tag k="railway" v="level_crossing"/>
  </node>
  <node id="2267338850" lat="19.4703231" lon="-99.1904891">
    <tag k="crossing:barrier" v="no"/>
    <tag k="railway" v="level_crossing"/>
  </node>
  <node id="2270291536" lat="19.4598033" lon="-99.1889571"/>
  <node id="2270291538" lat="19.4593228" lon="-99.1890778"/>
  <node id="2286230445" lat="19.4649898" lon="-99.1820798"/>
  <node id="2286230446" lat="19.4650005" lon="-99.1823190"/>
  <node id="2286230447" lat="19.4650409" lon="-99.1819826"/>
  <node id="2286230448" lat="19.4650748" lon="-99.1824256"/>
  <node id="2286230449" lat="19.4651201" lon="-99.1819097"/>
  <node id="2286230450" lat="19.4651834" lon="-99.1824912"/>
  <node id="2286230451" lat="19.4653479" lon="-99.1818732"/>
  <node id="2286230452" lat="19.4654159" lon="-99.1824702"/>
  <node id="2286230453" lat="19.4654645" lon="-99.1819339"/>
  <node id="2286230454" lat="19.4655046" lon="-99.1823960"/>
  <node id="2286230455" lat="19.4655465" lon="-99.1820408"/>
  <node id="2286230456" lat="19.4655615" lon="-99.1822926"/>
  <node id="2377718534" lat="19.4593570" lon="-99.1891508"/>
  <node id="2377718535" lat="19.4594168" lon="-99.1891201"/>
  <node id="2377718536" lat="19.4589578" lon="-99.1871260"/>
  <node id="2377718537" lat="19.4589810" lon="-99.1871209"/>
  <node id="2377718538" lat="19.4589721" lon="-99.1870753"/>
  <node id="2377718539" lat="19.4597275" lon="-99.1890130"/>
  <node id="2377718540" lat="19.4598293" lon="-99.1890324"/>
  <node id="2377718541" lat="19.4597883" lon="-99.1890452"/>
  <node id="2377718542" lat="19.4593614" lon="-99.1892809"/>
  <node id="2377718543" lat="19.4590801" lon="-99.1870603"/>
  <node id="2377718544" lat="19.4589447" lon="-99.1870594"/>
  <node id="2377724404" lat="19.4647072" lon="-99.1897793"/>
  <node id="2377724405" lat="19.4648878" lon="-99.1898436"/>
  <node id="2377724406" lat="19.4651305" lon="-99.1901078"/>
  <node id="2377724408" lat="19.4648650" lon="-99.1900836"/>
  <node id="2377724409" lat="19.4648422" lon="-99.1898489"/>
  <node id="2377724410" lat="19.4649293" lon="-99.1901717"/>
  <node id="2377724411" lat="19.4651356" lon="-99.1900649"/>
  <node id="2377724412" lat="19.4646561" lon="-99.1898112"/>
  <node id="2377724413" lat="19.4650924" lon="-99.1901624"/>
  <node id="2377724414" lat="19.4648815" lon="-99.1897429"/>
  <node id="2377724415" lat="19.4651290" lon="-99.1899990"/>
  <node id="2377724416" lat="19.4649257" lon="-99.1900783"/>
  <node id="2377725644" lat="19.4669905" lon="-99.1898959"/>
  <node id="2377725646" lat="19.4669210" lon="-99.1895593"/>
  <node id="2377725647" lat="19.4671777" lon="-99.1899240"/>
  <node id="2377725648" lat="19.4670118" lon="-99.1898915"/>
  <node id="2377725649" lat="19.4668057" lon="-99.1896146"/>
  <node id="2377725650" lat="19.4669994" lon="-99.1899871"/>
  <node id="2377725651" lat="19.4669905" lon="-99.1896545"/>
  <node id="2377725652" lat="19.4669336" lon="-99.1896598"/>
  <node id="2377725654" lat="19.4671322" lon="-99.1899737"/>
  <node id="2377725655" lat="19.4668198" lon="-99.1895740"/>
  <node id="2377725657" lat="19.4672015" lon="-99.1898128"/>
  <node id="2377733917" lat="19.4731717" lon="-99.1890348"/>
  <node id="2377733919" lat="19.4731782" lon="-99.1893798"/>
  <node id="2377736121" lat="19.4760901" lon="-99.1891130"/>
  <node id="2377736123" lat="19.4755727" lon="-99.1888235"/>
  <node id="2459293360" lat="19.4655336" lon="-99.1900719"/>
  <node id="2459293361" lat="19.4627659" lon="-99.1903135"/>
  <node id="2459293362" lat="19.4624304" lon="-99.1904427"/>
  <node id="2459293365" lat="19.4596078" lon="-99.1917694"/>
  <node id="2459293366" lat="19.4595200" lon="-99.1917814"/>
  <node id="2459293367" lat="19.4634754" lon="-99.1902499"/>
  <node id="2459293368" lat="19.4603988" lon="-99.1911827"/>
  <node id="2459293369" lat="19.4600068" lon="-99.1917881"/>
  <node id="2459293371" lat="19.4600131" lon="-99.1913858"/>
  <node id="2459293373" lat="19.4628621" lon="-99.1902996"/>
  <node id="2459309458" lat="19.4762654" lon="-99.1887635"/>
  <node id="2459309460" lat="19.4762119" lon="-99.1883638"/>
  <node id="2466717583" lat="19.4612858" lon="-99.1866910"/>
  <node id="2816993136" lat="19.4705808" lon="-99.1905367"/>
  <node id="2859138495" lat="19.4598685" lon="-99.1905118"/>
  <node id="2859138496" lat="19.4599292" lon="-99.1906406"/>
  <node id="2859139302" lat="19.4598420" lon="-99.1888100"/>
  <node id="2859139303" lat="19.4603294" lon="-99.1890041"/>
  <node id="2859139304" lat="19.4598704" lon="-99.1887901"/>
  <node id="2859139305" lat="19.4599020" lon="-99.1887781"/>
  <node id="2859139306" lat="19.4599279" lon="-99.1887707"/>
  <node id="2859139307" lat="19.4602876" lon="-99.1889253"/>
  <node id="2859139308" lat="19.4598167" lon="-99.1888348"/>
  <node id="2859139309" lat="19.4602112" lon="-99.1888485"/>
  <node id="2859139310" lat="19.4600759" lon="-99.1887734"/>
  <node id="2884387639" lat="19.4678345" lon="-99.1905074"/>
  <node id="2884387651" lat="19.4699033" lon="-99.1898573"/>
  <node id="2884387653" lat="19.4659272" lon="-99.1905951"/>
  <node id="2884387655" lat="19.4690377" lon="-99.1904338"/>
  <node id="2884387659" lat="19.4693741" lon="-99.1898544"/>
  <node id="2884387660" lat="19.4692577" lon="-99.1901387"/>
  <node id="2884387666" lat="19.4658850" lon="-99.1900405"/>
  <node id="2884387672" lat="19.4692863" lon="-99.1904183"/>
  <node id="2884387677" lat="19.4644917" lon="-99.1901545"/>
  <node id="2884387698" lat="19.4679016" lon="-99.1905071"/>
  <node id="2884387700" lat="19.4678602" lon="-99.1898595"/>
  <node id="2884387904" lat="19.4692754" lon="-99.1899349"/>
  <node id="2884387909" lat="19.4695131" lon="-99.1898276"/>
  <node id="2884387910" lat="19.4701543" lon="-99.1904034"/>
  <node id="2884387911" lat="19.4697541" lon="-99.1898117"/>
  <node id="2884387914" lat="19.4700348" lon="-99.1901175"/>
  <node id="2884387920" lat="19.4702865" lon="-99.1904034"/>
  <node id="2884387929" lat="19.4671284" lon="-99.1905464"/>
  <node id="2884390050" lat="19.4692976" lon="-99.1839663"/>
  <node id="2884390052" lat="19.4694035" lon="-99.1840143"/>
  <node id="2884390058" lat="19.4694796" lon="-99.1842272"/>
  <node id="2884390061" lat="19.4690980" lon="-99.1843210"/>
  <node id="2884390065" lat="19.4694171" lon="-99.1843522"/>
  <node id="2884390067" lat="19.4690959" lon="-99.1840614"/>
  <node id="2884390068" lat="19.4692951" lon="-99.1844132"/>
  <node id="2897849087" lat="19.4488548" lon="-99.1902484"/>
  <node id="2897849095" lat="19.4483924" lon="-99.1873805"/>
  <node id="2898035845" lat="19.4569661" lon="-99.1931481">
    <tag k="crossing" v="uncontrolled"/>
    <tag k="highway" v="crossing"/>
  </node>
  <node id="2898035846" lat="19.4516188" lon="-99.1883649"/>
  <node id="2898035847" lat="19.4565323" lon="-99.1937961"/>
  <node id="2898253862" lat="19.4602138" lon="-99.1887411"/>
  <node id="2898253863" lat="19.4615759" lon="-99.1899187"/>
  <node id="2898253864" lat="19.4603002" lon="-99.1888352"/>
  <node id="2898253865" lat="19.4603981" lon="-99.1889442"/>
  <node id="2898253866" lat="19.4600964" lon="-99.1886545"/>
  <node id="2937932887" lat="19.4784016" lon="-99.1760194"/>
  <node id="2937932899" lat="19.4756744" lon="-99.1776157"/>
  <node id="2937932900" lat="19.4773480" lon="-99.1772685"/>
  <node id="2938268489" lat="19.4726691" lon="-99.1890791"/>
  <node id="2938268490" lat="19.4725937" lon="-99.1885773"/>
  <node id="2938268623" lat="19.4751652" lon="-99.1823749"/>
  <node id="2941322759" lat="19.4720759" lon="-99.1961282"/>
  <node id="3012734333" lat="19.4663223" lon="-99.1744087"/>
  <node id="3012734334" lat="19.4667899" lon="-99.1758667"/>
  <node id="3012734335" lat="19.4671658" lon="-99.1752574"/>
  <node id="3012734336" lat="19.4671712" lon="-99.1757909"/>
  <node id="3012734337" lat="19.4675077" lon="-99.1756086"/>
  <node id="3032149481" lat="19.4768033" lon="-99.1840374"/>
  <node id="3035570514" lat="19.4445047" lon="-99.1895472"/>
  <node id="3050372721" lat="19.4685178" lon="-99.1759305"/>
  <node id="3050372722" lat="19.4686860" lon="-99.1760391"/>
  <node id="3050372723" lat="19.4687502" lon="-99.1761509"/>
  <node id="3050372724" lat="19.4691789" lon="-99.1773798"/>
  <node id="3050372725" lat="19.4716602" lon="-99.1797315"/>
  <node id="3050564909" lat="19.4602491" lon="-99.1778618"/>
  <node id="3050564910" lat="19.4603310" lon="-99.1780570"/>
  <node id="3050564911" lat="19.4618597" lon="-99.1769686"/>
  <node id="3050572491" lat="19.4533670" lon="-99.1815618"/>
  <node id="3228723989" lat="19.4769358" lon="-99.1757253"/>
  <node id="3228723990" lat="19.4770492" lon="-99.1762582"/>
  <node id="3228723992" lat="19.4772726" lon="-99.1772853"/>
  <node id="3430643832" lat="19.4449995" lon="-99.1789942"/>
  <node id="3430643835" lat="19.4501869" lon="-99.1773896">
    <tag k="crossing" v="uncontrolled"/>
    <tag k="highway" v="crossing"/>
  </node>
  <node id="3430646018" lat="19.4449388" lon="-99.1839591">
    <tag k="crossing" v="uncontrolled"/>
    <tag k="highway" v="crossing"/>
  </node>
  <node id="3430646095" lat="19.4439685" lon="-99.1852157">
    <tag k="crossing:barrier" v="no"/>
    <tag k="railway" v="level_crossing"/>
  </node>
  <node id="3430682069" lat="19.4511432" lon="-99.1868929"/>
  <node id="3430700463" lat="19.4589178" lon="-99.1780679">
    <tag k="noexit" v="yes"/>
  </node>
  <node id="3430700464" lat="19.4594244" lon="-99.1783781"/>
  <node id="3654571210" lat="19.4565889" lon="-99.1844163"/>
  <node id="3662355938" lat="19.4710718" lon="-99.1873394"/>
  <node id="3773826345" lat="19.4661657" lon="-99.1742358"/>
  <node id="3773826346" lat="19.4663383" lon="-99.1740179"/>
  <node id="4211244216" lat="19.4592856" lon="-99.1901833"/>
  <node id="4211244217" lat="19.4594487" lon="-99.1900845"/>
  <node id="4211244218" lat="19.4585169" lon="-99.1912671"/>
  <node id="4211244219" lat="19.4595018" lon="-99.1900979"/>
  <node id="4211244220" lat="19.4558663" lon="-99.1947574"/>
  <node id="4211244221" lat="19.4583962" lon="-99.1914371"/>
  <node id="4211244222" lat="19.4595329" lon="-99.1901142"/>
  <node id="4211244223" lat="19.4593956" lon="-99.1900952"/>
  <node id="4211244224" lat="19.4588746" lon="-99.1907765"/>
  <node id="4228921542" lat="19.4725525" lon="-99.1977526"/>
  <node id="4228921580" lat="19.4726898" lon="-99.1982168"/>
  <node id="4228923489" lat="19.4733942" lon="-99.2010748"/>
  <node id="4503010970" lat="19.4779694" lon="-99.1870779"/>
  <node id="4503010976" lat="19.4768462" lon="-99.1883166"/>
  <node id="4503010977" lat="19.4723947" lon="-99.1872378"/>
  <node id="4503010982" lat="19.4714173" lon="-99.1866419"/>
  <node id="4503010983" lat="19.4714917" lon="-99.1872969"/>
  <node id="4522213610" lat="19.4568764" lon="-99.1889905"/>
  <node id="4598003593" lat="19.4707974" lon="-99.1911797"/>
  <node id="4598003693" lat="19.4705261" lon="-99.1903933"/>
  <node id="4598762386" lat="19.4711154" lon="-99.1925081"/>
  <node id="4598762387" lat="19.4711408" lon="-99.1926192"/>
  <node id="4598957667" lat="19.4710855" lon="-99.1923724"/>
  <node id="4598957677" lat="19.4708597" lon="-99.1913976"/>
  <node id="4850273428" lat="19.4597472" lon="-99.1926299"/>
  <node id="4856499518" lat="19.4532269" lon="-99.1986492"/>
  <node id="4858071517" lat="19.4551387" lon="-99.1846280"/>
  <node id="4858071518" lat="19.4547675" lon="-99.1846288"/>
  <node id="4858071519" lat="19.4551850" lon="-99.1848334"/>
  <node id="4858071520" lat="19.4549574" lon="-99.1845748"/>
  <node id="4858072122" lat="19.4546095" lon="-99.1847845"/>
  <node id="4858072123" lat="19.4546486" lon="-99.1849684"/>
  <node id="4919737493" lat="19.4537687" lon="-99.1978294"/>
  <node id="5116384958" lat="19.4528557" lon="-99.1839012"/>
  <node id="5116384967" lat="19.4526589" lon="-99.1839323"/>
  <node id="5117757344" lat="19.4532184" lon="-99.1801942"/>
  <node id="5118742586" lat="19.4481579" lon="-99.1835099"/>
  <node id="5178762403" lat="19.4432324" lon="-99.1842258"/>
  <node id="5198651852" lat="19.4572647" lon="-99.1813110">
    <tag k="name" v="Cuitláhuac"/>
    <tag k="network" v="STC Metro"/>
    <tag k="railway" v="subway_entrance"/>
  </node>
  <node id="5198651853" lat="19.4570768" lon="-99.1815686">
    <tag k="name" v="Cuitláhuac"/>
    <tag k="network" v="STC Metro"/>
    <tag k="railway" v="subway_entrance"/>
  </node>
  <node id="5198664760" lat="19.4573027" lon="-99.1813651"/>
  <node id="5198664761" lat="19.4566307" lon="-99.1805269"/>
  <node id="5198664762" lat="19.4571041" lon="-99.1815707"/>
  <node id="5198664763" lat="19.4570657" lon="-99.1815220"/>
  <node id="5198664764" lat="19.4564188" lon="-99.1806878"/>
  <node id="5198664766" lat="19.4562531" lon="-99.1804652"/>
  <node id="5198664769" lat="19.4558700" lon="-99.1806980">
    <tag k="bus" v="yes"/>
    <tag k="highway" v="bus_stop"/>
    <tag k="name" v="Calz. México - Tacuba"/>
    <tag k="network" v="Servicio de Transportes Eléctricos"/>
    <tag k="operator" v="Trolebús"/>
    <tag k="public_transport" v="platform"/>
  </node>
  <node id="5198664770" lat="19.4568760" lon="-99.1803130">
    <tag k="bus" v="yes"/>
    <tag k="highway" v="bus_stop"/>
    <tag k="name" v="Calz. México - Tacuba"/>
    <tag k="network" v="Servicio de Transportes Eléctricos"/>
    <tag k="operator" v="Trolebús"/>
    <tag k="public_transport" v="platform"/>
  </node>
  <node id="5209848809" lat="19.4506727" lon="-99.1795654"/>
  <node id="5209848810" lat="19.4500416" lon="-99.1796644"/>
  <node id="5262066904" lat="19.4593389" lon="-99.1901270"/>
  <node id="5262066905" lat="19.4591275" lon="-99.1900564"/>
  <node id="5307982907" lat="19.4509091" lon="-99.1767404"/>
  <node id="5417149990" lat="19.4526557" lon="-99.1750612"/>
  <node id="5417149991" lat="19.4531514" lon="-99.1744054"/>
  <node id="5417149992" lat="19.4528011" lon="-99.1752738"/>
  <node id="5417149993" lat="19.4533446" lon="-99.1745336"/>
  <node id="5582692368" lat="19.4496971" lon="-99.1907907"/>
  <node id="5582692390" lat="19.4496462" lon="-99.1907805"/>
  <node id="5582692391" lat="19.4495295" lon="-99.1902546"/>
  <node id="5582692392" lat="19.4493084" lon="-99.1903116"/>
  <node id="5582692393" lat="19.4501514" lon="-99.1900836"/>
  <node id="5849850859" lat="19.4683721" lon="-99.1758700"/>
  <node id="5849850869" lat="19.4686013" lon="-99.1763530"/>
  <node id="5849850870" lat="19.4684992" lon="-99.1762413">
    <tag k="highway" v="traffic_signals"/>
  </node>
  <node id="6095648508" lat="19.4612004" lon="-99.1789242"/>
  <node id="6095648510" lat="19.4612314" lon="-99.1790631"/>
  <node id="6095648511" lat="19.4613106" lon="-99.1792976"/>
  <node id="6095648512" lat="19.4613871" lon="-99.1794882"/>
  <node id="6095648516" lat="19.4612043" lon="-99.1795116"/>
  <node id="6099310296" lat="19.4704181" lon="-99.1892772"/>
  <node id="6099310297" lat="19.4704411" lon="-99.1896168"/>
  <node id="6100641257" lat="19.4786672" lon="-99.1888708"/>
  <node id="6100641259" lat="19.4785908" lon="-99.1885578"/>
  <node id="6100641261" lat="19.4786108" lon="-99.1885561"/>
  <node id="6103002208" lat="19.4631094" lon="-99.1808146"/>
  <node id="6106158195" lat="19.4746166" lon="-99.1818972">
    <tag k="highway" v="traffic_signals"/>
    <tag k="traffic_signals" v="signal"/>
  </node>
  <node id="6106158196" lat="19.4744763" lon="-99.1821091">
    <tag k="highway" v="traffic_signals"/>
    <tag k="traffic_signals" v="signal"/>
  </node>
  <node id="6133461081" lat="19.4547977" lon="-99.1846133"/>
  <node id="6133467590" lat="19.4537152" lon="-99.1897896"/>
  <node id="6133467593" lat="19.4498568" lon="-99.1908665"/>
  <node id="6133467595" lat="19.4497186" lon="-99.1908956"/>
  <node id="6133467597" lat="19.4484072" lon="-99.1911521"/>
  <node id="6133467598" lat="19.4491075" lon="-99.1910225"/>
  <node id="6133467599" lat="19.4544351" lon="-99.1872537"/>
  <node id="6133467601" lat="19.4508213" lon="-99.1885963"/>
  <node id="6133467605" lat="19.4464604" lon="-99.1848639"/>
  <node id="6133467606" lat="19.4511228" lon="-99.1896291"/>
  <node id="6133467607" lat="19.4506041" lon="-99.1892323"/>
  <node id="6133467609" lat="19.4497337" lon="-99.1893971"/>
  <node id="6133467610" lat="19.4513884" lon="-99.1857318"/>
  <node id="6133467611" lat="19.4490531" lon="-99.1844888"/>
  <node id="6133467614" lat="19.4505917" lon="-99.1858369"/>
  <node id="6133467622" lat="19.4485401" lon="-99.1845684"/>
  <node id="6133467624" lat="19.4498798" lon="-99.1899794"/>
  <node id="6133467625" lat="19.4504333" lon="-99.1887513"/>
  <node id="6133467627" lat="19.4500045" lon="-99.1894318"/>
  <node id="6133467631" lat="19.4490993" lon="-99.1849880"/>
  <node id="6133535520" lat="19.4533828" lon="-99.1919242"/>
  <node id="6135298888" lat="19.4686699" lon="-99.1870312"/>
  <node id="6135298889" lat="19.4686996" lon="-99.1875565"/>
  <node id="6135298892" lat="19.4702212" lon="-99.1868541"/>
  <node id="6135298894" lat="19.4692212" lon="-99.1879635"/>
  <node id="6135298895" lat="19.4707195" lon="-99.1873784"/>
  <node id="6135298896" lat="19.4702671" lon="-99.1874198"/>
  <node id="6135298897" lat="19.4691322" lon="-99.1869382"/>
  <node id="6135298898" lat="19.4691793" lon="-99.1875111"/>
  <node id="6135298900" lat="19.4731391" lon="-99.1872243"/>
  <node id="6135298902" lat="19.4713234" lon="-99.1895358"/>
  <node id="6135298904" lat="19.4707668" lon="-99.1879263"/>
  <node id="6135298905" lat="19.4706873" lon="-99.1868430"/>
  <node id="6135326928" lat="19.4599563" lon="-99.1854167"/>
  <node id="6135326931" lat="19.4635809" lon="-99.1858152"/>
  <node id="6135326932" lat="19.4621057" lon="-99.1873871"/>
  <node id="6135326935" lat="19.4620141" lon="-99.1869343"/>
  <node id="6135326939" lat="19.4633049" lon="-99.1860035"/>
  <node id="6135326940" lat="19.4624737" lon="-99.1868264"/>
  <node id="6135326944" lat="19.4625768" lon="-99.1872835"/>
  <node id="6135931718" lat="19.4692622" lon="-99.1736124"/>
  <node id="6135931719" lat="19.4688757" lon="-99.1742491"/>
  <node id="6135931720" lat="19.4666110" lon="-99.1742991"/>
  <node id="6135931721" lat="19.4666466" lon="-99.1747361"/>
  <node id="6135931722" lat="19.4666004" lon="-99.1771354"/>
  <node id="6135931723" lat="19.4666200" lon="-99.1773513"/>
  <node id="6135931726" lat="19.4690949" lon="-99.1834863"/>
  <node id="6135931727" lat="19.4753575" lon="-99.1825421"/>
  <node id="6135931728" lat="19.4678548" lon="-99.1824877"/>
  <node id="6135931735" lat="19.4689583" lon="-99.1823793"/>
  <node id="6135931738" lat="19.4679428" lon="-99.1836052"/>
  <node id="6136019376" lat="19.4755602" lon="-99.1827155"/>
  <node id="6136109696" lat="19.4562364" lon="-99.1805056"/>
  <node id="6136109697" lat="19.4563188" lon="-99.1806199"/>
  <node id="6136109699" lat="19.4593080" lon="-99.1810828"/>
  <node id="6136109700" lat="19.4594996" lon="-99.1819988"/>
  <node id="6136109703" lat="19.4589409" lon="-99.1786805"/>
  <node id="6136109707" lat="19.4587331" lon="-99.1774940"/>
  <node id="6136109710" lat="19.4587881" lon="-99.1778390"/>
  <node id="6136109711" lat="19.4590626" lon="-99.1783542"/>
  <node id="6136109712" lat="19.4591794" lon="-99.1785315"/>
  <node id="6136109713" lat="19.4568263" lon="-99.1796023"/>
  <node id="6136109714" lat="19.4562010" lon="-99.1799812"/>
  <node id="6137895733" lat="19.4437352" lon="-99.1841251"/>
  <node id="6137895735" lat="19.4509145" lon="-99.1766344"/>
  <node id="6137895751" lat="19.4524195" lon="-99.1747037">
    <tag k="crossing:barrier" v="no"/>
    <tag k="railway" v="level_crossing"/>
  </node>
  <node id="6137895753" lat="19.4523368" lon="-99.1748060">
    <tag k="crossing:barrier" v="no"/>
    <tag k="railway" v="level_crossing"/>
  </node>
  <node id="6137895760" lat="19.4545640" lon="-99.1784923"/>
  <node id="6137895765" lat="19.4540755" lon="-99.1800399"/>
  <node id="6137895766" lat="19.4540424" lon="-99.1803657"/>
  <node id="6137895767" lat="19.4541406" lon="-99.1803351">
    <tag k="barrier" v="gate"/>
  </node>
  <node id="6137895768" lat="19.4539119" lon="-99.1795378"/>
  <node id="6137895769" lat="19.4482905" lon="-99.1846014"/>
  <node id="6137895770" lat="19.4551738" lon="-99.1791961"/>
  <node id="6137895771" lat="19.4533263" lon="-99.1796830"/>
  <node id="6137895772" lat="19.4553559" lon="-99.1796761"/>
  <node id="6137964854" lat="19.4548064" lon="-99.1781838"/>
  <node id="6137964855" lat="19.4545741" lon="-99.1783908"/>
  <node id="6138070846" lat="19.4450576" lon="-99.1839393">
    <tag k="highway" v="crossing"/>
  </node>
  <node id="6146109260" lat="19.4528095" lon="-99.1741618">
    <tag k="crossing" v="uncontrolled"/>
    <tag k="highway" v="crossing"/>
  </node>
  <node id="6182548517" lat="19.4541116" lon="-99.1896769"/>
  <node id="6183047521" lat="19.4460611" lon="-99.1871261"/>
  <node id="6277736725" lat="19.4539587" lon="-99.1749381"/>
  <node id="6311236712" lat="19.4629896" lon="-99.1805422"/>
  <node id="6311236713" lat="19.4628999" lon="-99.1805742"/>
  <node id="6311236714" lat="19.4629688" lon="-99.1808153"/>
  <node id="6311236715" lat="19.4623982" lon="-99.1801019"/>
  <node id="6311236718" lat="19.4612850" lon="-99.1796943"/>
  <node id="6311315902" lat="19.4607965" lon="-99.1885227"/>
  <node id="6338105805" lat="19.4501057" lon="-99.1775146"/>
  <node id="6338105806" lat="19.4502066" lon="-99.1773638"/>
  <node id="6338105807" lat="19.4490458" lon="-99.1787849"/>
  <node id="6338105808" lat="19.4495370" lon="-99.1781782"/>
  <node id="6338105809" lat="19.4497457" lon="-99.1779547"/>
  <node id="6338105810" lat="19.4488770" lon="-99.1789928"/>
  <node id="6363873835" lat="19.4712503" lon="-99.1931779"/>
  <node id="6364001892" lat="19.4702485" lon="-99.1759691"/>
  <node id="6364001893" lat="19.4702384" lon="-99.1758411"/>
  <node id="6364018161" lat="19.4672108" lon="-99.1752993"/>
  <node id="6364018162" lat="19.4672820" lon="-99.1757497"/>
  <node id="6364036709" lat="19.4690753" lon="-99.1742048"/>
  <node id="6364321731" lat="19.4623818" lon="-99.1900034"/>
  <node id="6364341787" lat="19.4581893" lon="-99.1829374"/>
  <node id="6376355914" lat="19.4709296" lon="-99.1788800"/>
  <node id="6439899396" lat="19.4542711" lon="-99.1752486"/>
  <node id="6439900929" lat="19.4537090" lon="-99.1767786">
    <tag k="crossing" v="marked"/>
    <tag k="crossing:markings" v="yes"/>
    <tag k="highway" v="crossing"/>
  </node>
  <node id="6439900930" lat="19.4537853" lon="-99.1767157">
    <tag k="crossing" v="marked"/>
    <tag k="highway" v="crossing"/>
  </node>
  <node id="6441849228" lat="19.4541710" lon="-99.1751304"/>
  <node id="6452026103" lat="19.4696433" lon="-99.1840271"/>
  <node id="6656594925" lat="19.4610330" lon="-99.1893579"/>
  <node id="6656594926" lat="19.4611058" lon="-99.1895481"/>
  <node id="6656594927" lat="19.4613988" lon="-99.1899117"/>
  <node id="6656594928" lat="19.4617647" lon="-99.1901716"/>
  <node id="6656594929" lat="19.4619974" lon="-99.1902865"/>
  <node id="6656594930" lat="19.4626687" lon="-99.1904975"/>
  <node id="6656594931" lat="19.4628410" lon="-99.1903901"/>
  <node id="6656594932" lat="19.4612512" lon="-99.1897730"/>
  <node id="6656594933" lat="19.4645067" lon="-99.1902285"/>
  <node id="6872534814" lat="19.4654895" lon="-99.1783856"/>
  <node id="6872534817" lat="19.4650816" lon="-99.1781311"/>
  <node id="6872534829" lat="19.4644458" lon="-99.1789758"/>
  <node id="6872534837" lat="19.4644235" lon="-99.1787106"/>
  <node id="6872534841" lat="19.4643964" lon="-99.1783355"/>
  <node id="6965454580" lat="19.4714299" lon="-99.1903317"/>
  <node id="6965454581" lat="19.4706599" lon="-99.1903908"/>
  <node id="6965454582" lat="19.4714126" lon="-99.1903601"/>
  <node id="7067259285" lat="19.4654239" lon="-99.1786590"/>
  <node id="7067259286" lat="19.4645022" lon="-99.1787345"/>
  <node id="7067259287" lat="19.4648578" lon="-99.1785061"/>
  <node id="7067259288" lat="19.4648908" lon="-99.1788318"/>
  <node id="7067259289" lat="19.4650501" lon="-99.1784756"/>
  <node id="7067259290" lat="19.4650830" lon="-99.1788060"/>
  <node id="7067259291" lat="19.4649798" lon="-99.1791838"/>
  <node id="7067259292" lat="19.4650531" lon="-99.1791733"/>
  <node id="7067259293" lat="19.4648715" lon="-99.1782440"/>
  <node id="7067259294" lat="19.4649576" lon="-99.1782318"/>
  <node id="7067259295" lat="19.4653879" lon="-99.1781929"/>
  <node id="7067259296" lat="19.4644642" lon="-99.1782784"/>
  <node id="7067259297" lat="19.4645451" lon="-99.1792225"/>
  <node id="7067259298" lat="19.4654613" lon="-99.1791394"/>
  <node id="7238049831" lat="19.4535072" lon="-99.1982251"/>
  <node id="7238049840" lat="19.4536012" lon="-99.1980829"/>
  <node id="7292597635" lat="19.4628653" lon="-99.1907199"/>
  <node id="7292597637" lat="19.4646739" lon="-99.1906959"/>
  <node id="7512314431" lat="19.4655226" lon="-99.1786581"/>
  <node id="7752793018" lat="19.4595046" lon="-99.1869511"/>
  <node id="7753560416" lat="19.4609390" lon="-99.1890091"/>
  <node id="7753560417" lat="19.4614864" lon="-99.1899739"/>
  <node id="7753560418" lat="19.4694200" lon="-99.1897181"/>
  <node id="7753560419" lat="19.4611009" lon="-99.1895183"/>
  <node id="7753560420" lat="19.4693902" lon="-99.1893667"/>
  <node id="7753560421" lat="19.4612604" lon="-99.1897570"/>
  <node id="7754288384" lat="19.4522449" lon="-99.1749910"/>
  <node id="7757135209" lat="19.4562509" lon="-99.1900551"/>
  <node id="7757135210" lat="19.4562901" lon="-99.1902511"/>
  <node id="7866029919" lat="19.4472435" lon="-99.1787609"/>
  <node id="7866029929" lat="19.4478294" lon="-99.1786963"/>
  <node id="7866127533" lat="19.4501339" lon="-99.1774589"/>
  <node id="7869305208" lat="19.4501343" lon="-99.1777092">
    <tag k="crossing" v="uncontrolled"/>
    <tag k="highway" v="crossing"/>
  </node>
  <node id="7869424139" lat="19.4580576" lon="-99.1828211"/>
  <node id="7869476686" lat="19.4559797" lon="-99.1806798"/>
  <node id="7869476687" lat="19.4507803" lon="-99.1818620"/>
  <node id="7869476688" lat="19.4517143" lon="-99.1818446"/>
  <node id="7869610558" lat="19.4474961" lon="-99.1814375"/>
  <node id="7869610559" lat="19.4475558" lon="-99.1814025"/>
  <node id="7869686270" lat="19.4551551" lon="-99.1879877"/>
  <node id="7869686271" lat="19.4552148" lon="-99.1878293"/>
  <node id="7869708887" lat="19.4544723" lon="-99.1873796"/>
  <node id="7869708888" lat="19.4545919" lon="-99.1872530"/>
  <node id="7869708889" lat="19.4537564" lon="-99.1870963"/>
  <node id="7869708890" lat="19.4538866" lon="-99.1871989"/>
  <node id="7869708891" lat="19.4541351" lon="-99.1870574"/>
  <node id="7869708892" lat="19.4540409" lon="-99.1869789"/>
  <node id="7869708895" lat="19.4513336" lon="-99.1847757"/>
  <node id="7872732119" lat="19.4600391" lon="-99.1887653"/>
  <node id="7872732120" lat="19.4602737" lon="-99.1894372"/>
  <node id="7872777535" lat="19.4592267" lon="-99.1869977"/>
  <node id="7873270152" lat="19.4545954" lon="-99.1849029"/>
  <node id="7873270153" lat="19.4551998" lon="-99.1846930"/>
  <node id="7873270154" lat="19.4552100" lon="-99.1847507"/>
  <node id="7873270155" lat="19.4552062" lon="-99.1847762"/>
  <node id="7873270156" lat="19.4551973" lon="-99.1848043"/>
  <node id="7873270157" lat="19.4551670" lon="-99.1848660"/>
  <node id="7873270158" lat="19.4551467" lon="-99.1848935"/>
  <node id="7873270159" lat="19.4550981" lon="-99.1849405"/>
  <node id="7873270160" lat="19.4550683" lon="-99.1849606"/>
  <node id="7873270161" lat="19.4549969" lon="-99.1849981"/>
  <node id="7873270162" lat="19.4549596" lon="-99.1850115"/>
  <node id="7873270163" lat="19.4549267" lon="-99.1850189"/>
  <node id="7873270164" lat="19.4548451" lon="-99.1850276"/>
  <node id="7873270165" lat="19.4548053" lon="-99.1850263"/>
  <node id="7873270166" lat="19.4547623" lon="-99.1850209"/>
  <node id="7873270167" lat="19.4546966" lon="-99.1850015"/>
  <node id="7873270168" lat="19.4546700" lon="-99.1849861"/>
  <node id="7873270169" lat="19.4546239" lon="-99.1849452"/>
  <node id="7873270170" lat="19.4546074" lon="-99.1849230"/>
  <node id="7873270171" lat="19.4545859" lon="-99.1848426"/>
  <node id="7873270172" lat="19.4545948" lon="-99.1848171"/>
  <node id="7873270173" lat="19.4546213" lon="-99.1847681"/>
  <node id="7873270174" lat="19.4546384" lon="-99.1847467"/>
  <node id="7873270175" lat="19.4546605" lon="-99.1847198"/>
  <node id="7873270176" lat="19.4546997" lon="-99.1846796"/>
  <node id="7873270177" lat="19.4547193" lon="-99.1846622"/>
  <node id="7873270178" lat="19.4547421" lon="-99.1846447"/>
  <node id="7873270179" lat="19.4548300" lon="-99.1846005"/>
  <node id="7873270180" lat="19.4549204" lon="-99.1845790"/>
  <node id="7873270181" lat="19.4549906" lon="-99.1845757"/>
  <node id="7873270182" lat="19.4550165" lon="-99.1845784"/>
  <node id="7873270183" lat="19.4550424" lon="-99.1845831"/>
  <node id="7873270184" lat="19.4550905" lon="-99.1845991"/>
  <node id="7873302885" lat="19.4551183" lon="-99.1846146"/>
  <node id="7873302886" lat="19.4551651" lon="-99.1846494"/>
  <node id="7873302887" lat="19.4551853" lon="-99.1846702"/>
  <node id="7873348995" lat="19.4608490" lon="-99.1901118"/>
  <node id="7873348996" lat="19.4607036" lon="-99.1900836"/>
  <node id="7873348997" lat="19.4606606" lon="-99.1900970"/>
  <node id="7873348998" lat="19.4607340" lon="-99.1901332"/>
  <node id="7873348999" lat="19.4608402" lon="-99.1901869"/>
  <node id="7873349000" lat="19.4609173" lon="-99.1902499"/>
  <node id="7873349001" lat="19.4609742" lon="-99.1903169"/>
  <node id="7873349002" lat="19.4609970" lon="-99.1903558"/>
  <node id="7873349003" lat="19.4610324" lon="-99.1904658"/>
  <node id="7873349004" lat="19.4610362" lon="-99.1905101"/>
  <node id="7873349005" lat="19.4610286" lon="-99.1906080"/>
  <node id="7873349006" lat="19.4610147" lon="-99.1906549"/>
  <node id="7873349007" lat="19.4609932" lon="-99.1907085"/>
  <node id="7873349008" lat="19.4608794" lon="-99.1908534"/>
  <node id="7873349009" lat="19.4608339" lon="-99.1908842"/>
  <node id="7873349010" lat="19.4607454" lon="-99.1909285"/>
  <node id="7873349011" lat="19.4606948" lon="-99.1909392"/>
  <node id="7873349012" lat="19.4606530" lon="-99.1909406"/>
  <node id="7873349013" lat="19.4605595" lon="-99.1909204"/>
  <node id="7873349014" lat="19.4605228" lon="-99.1909017"/>
  <node id="7873349015" lat="19.4604608" lon="-99.1908520"/>
  <node id="7873349016" lat="19.4604039" lon="-99.1907582"/>
  <node id="7873349017" lat="19.4603698" lon="-99.1906925"/>
  <node id="7873349018" lat="19.4597243" lon="-99.1890402"/>
  <node id="7873349019" lat="19.4597382" lon="-99.1889718"/>
  <node id="7873349020" lat="19.4597540" lon="-99.1889323"/>
  <node id="7873349021" lat="19.4597717" lon="-99.1888981"/>
  <node id="7873349022" lat="19.4597907" lon="-99.1888692"/>
  <node id="7873349023" lat="19.4599690" lon="-99.1887633"/>
  <node id="7873349024" lat="19.4600082" lon="-99.1887619"/>
  <node id="7873349025" lat="19.4601087" lon="-99.1887861"/>
  <node id="7873349026" lat="19.4601403" lon="-99.1888022"/>
  <node id="7873349027" lat="19.4601744" lon="-99.1888236"/>
  <node id="7873349028" lat="19.4602377" lon="-99.1888699"/>
  <node id="7873349029" lat="19.4602623" lon="-99.1888947"/>
  <node id="7873349030" lat="19.4603097" lon="-99.1889624"/>
  <node id="7873349031" lat="19.4603458" lon="-99.1890509"/>
  <node id="7873349032" lat="19.4603635" lon="-99.1891455"/>
  <node id="7873349033" lat="19.4603635" lon="-99.1891911"/>
  <node id="7873349034" lat="19.4603515" lon="-99.1892769"/>
  <node id="7873349035" lat="19.4603211" lon="-99.1893621"/>
  <node id="7873349036" lat="19.4603015" lon="-99.1893996"/>
  <node id="7873349037" lat="19.4602465" lon="-99.1894707"/>
  <node id="7873349038" lat="19.4602111" lon="-99.1895042"/>
  <node id="7873349039" lat="19.4601352" lon="-99.1895612"/>
  <node id="7873349040" lat="19.4600967" lon="-99.1895814"/>
  <node id="7873349041" lat="19.4600082" lon="-99.1896122"/>
  <node id="7873349042" lat="19.4554344" lon="-99.1881913"/>
  <node id="7873349043" lat="19.4555191" lon="-99.1882356"/>
  <node id="7873349044" lat="19.4555874" lon="-99.1882677"/>
  <node id="7873349045" lat="19.4557392" lon="-99.1883267"/>
  <node id="7873349046" lat="19.4553522" lon="-99.1881645"/>
  <node id="7873349047" lat="19.4554243" lon="-99.1882221"/>
  <node id="7873349048" lat="19.4555103" lon="-99.1882879"/>
  <node id="7873349049" lat="19.4556544" lon="-99.1883723"/>
  <node id="7873349050" lat="19.4557278" lon="-99.1884032"/>
  <node id="7873349051" lat="19.4557935" lon="-99.1884287"/>
  <node id="7873349052" lat="19.4549042" lon="-99.1877603"/>
  <node id="7873373583" lat="19.4498825" lon="-99.1838182"/>
  <node id="7873374250" lat="19.4593266" lon="-99.1900326"/>
  <node id="7873374251" lat="19.4593683" lon="-99.1899991"/>
  <node id="7873374252" lat="19.4594025" lon="-99.1899750"/>
  <node id="7873374253" lat="19.4594884" lon="-99.1899307"/>
  <node id="7873374254" lat="19.4595289" lon="-99.1899133"/>
  <node id="7873374255" lat="19.4595921" lon="-99.1898958"/>
  <node id="7873374256" lat="19.4597072" lon="-99.1898784"/>
  <node id="7873444995" lat="19.4553769" lon="-99.1883341"/>
  <node id="7873444996" lat="19.4554888" lon="-99.1884012"/>
  <node id="7873444997" lat="19.4549103" lon="-99.1879533"/>
  <node id="7873544657" lat="19.4490374" lon="-99.1821574"/>
  <node id="7873706158" lat="19.4555641" lon="-99.1809713"/>
  <node id="7873706159" lat="19.4555909" lon="-99.1810980"/>
  <node id="7894834812" lat="19.4543368" lon="-99.1962708"/>
  <node id="7894834816" lat="19.4540635" lon="-99.1973726">
    <tag k="crossing" v="uncontrolled"/>
    <tag k="highway" v="crossing"/>
  </node>
  <node id="7894921742" lat="19.4529198" lon="-99.1900567"/>
  <node id="7895041626" lat="19.4531760" lon="-99.1899696"/>
  <node id="7895041627" lat="19.4530495" lon="-99.1900329"/>
  <node id="7896255927" lat="19.4650191" lon="-99.1792928"/>
  <node id="7897529162" lat="19.4483868" lon="-99.1911567">
    <tag k="crossing" v="uncontrolled"/>
    <tag k="highway" v="crossing"/>
  </node>
  <node id="7897529163" lat="19.4484066" lon="-99.1912529">
    <tag k="crossing" v="uncontrolled"/>
    <tag k="highway" v="crossing"/>
  </node>
  <node id="7898479226" lat="19.4490299" lon="-99.1881571"/>
  <node id="7898479227" lat="19.4493355" lon="-99.1900621"/>
  <node id="7898479228" lat="19.4493785" lon="-99.1886878"/>
  <node id="7898479229" lat="19.4493677" lon="-99.1887140"/>
  <node id="7898479230" lat="19.4493263" lon="-99.1888451"/>
  <node id="7898479231" lat="19.4493469" lon="-99.1888206"/>
  <node id="7898479232" lat="19.4493582" lon="-99.1887760"/>
  <node id="7898523935" lat="19.4501458" lon="-99.1875580">
    <tag k="crossing" v="uncontrolled"/>
    <tag k="highway" v="crossing"/>
  </node>
  <node id="7898523936" lat="19.4504635" lon="-99.1875476"/>
  <node id="7898523937" lat="19.4504395" lon="-99.1875234"/>
  <node id="7898565871" lat="19.4522721" lon="-99.1885460"/>
  <node id="7898565872" lat="19.4523113" lon="-99.1885635"/>
  <node id="7898565874" lat="19.4517369" lon="-99.1886198"/>
  <node id="7898565875" lat="19.4517141" lon="-99.1886117"/>
  <node id="7898565876" lat="19.4515927" lon="-99.1883710"/>
  <node id="7898565877" lat="19.4516294" lon="-99.1883750"/>
  <node id="7898725675" lat="19.4527808" lon="-99.1891473"/>
  <node id="7908978150" lat="19.4546034" lon="-99.1965591">
    <tag k="crossing" v="uncontrolled"/>
    <tag k="highway" v="crossing"/>
  </node>
  <node id="7908978152" lat="19.4548331" lon="-99.1962314">
    <tag k="crossing" v="uncontrolled"/>
    <tag k="highway" v="crossing"/>
  </node>
  <node id="7909075937" lat="19.4563304" lon="-99.1940793">
    <tag k="crossing" v="uncontrolled"/>
    <tag k="highway" v="crossing"/>
  </node>
  <node id="7909075939" lat="19.4567373" lon="-99.1934831">
    <tag k="crossing" v="uncontrolled"/>
    <tag k="highway" v="crossing"/>
  </node>
  <node id="7909093830" lat="19.4559997" lon="-99.1890094"/>
  <node id="7909093831" lat="19.4560275" lon="-99.1890670"/>
  <node id="7910099371" lat="19.4593300" lon="-99.1869804"/>
  <node id="7910116729" lat="19.4521969" lon="-99.1745971"/>
  <node id="7910116736" lat="19.4522728" lon="-99.1745024"/>
  <node id="7910116737" lat="19.4525515" lon="-99.1749058"/>
  <node id="7910116742" lat="19.4524600" lon="-99.1749768"/>
  <node id="7910174378" lat="19.4489239" lon="-99.1719317"/>
  <node id="7910208178" lat="19.4528299" lon="-99.1741841">
    <tag k="crossing:barrier" v="no"/>
    <tag k="railway" v="level_crossing"/>
  </node>
  <node id="7913394814" lat="19.4746611" lon="-99.1892407"/>
  <node id="7913445279" lat="19.4713260" lon="-99.1934609"/>
  <node id="7914059800" lat="19.4597276" lon="-99.1935834"/>
  <node id="7914059803" lat="19.4602459" lon="-99.1912430"/>
  <node id="7914059804" lat="19.4601333" lon="-99.1913080"/>
  <node id="7914059805" lat="19.4609128" lon="-99.1908852"/>
  <node id="7914274971" lat="19.4493007" lon="-99.1901212">
    <tag k="access" v="permissive"/>
    <tag k="barrier" v="gate"/>
  </node>
  <node id="7914318669" lat="19.4450083" lon="-99.1839465"/>
  <node id="7914348750" lat="19.4531810" lon="-99.1863142"/>
  <node id="7914348751" lat="19.4529590" lon="-99.1863868">
    <tag k="crossing" v="uncontrolled"/>
    <tag k="highway" v="crossing"/>
  </node>
  <node id="7917373645" lat="19.4597206" lon="-99.1887071"/>
  <node id="7917373647" lat="19.4576679" lon="-99.1920930">
    <tag k="crossing" v="uncontrolled"/>
    <tag k="highway" v="crossing"/>
  </node>
  <node id="7917771019" lat="19.4552421" lon="-99.1956450">
    <tag k="crossing" v="uncontrolled"/>
    <tag k="highway" v="crossing"/>
  </node>
  <node id="7918143222" lat="19.4589523" lon="-99.1902197"/>
  <node id="7918143223" lat="19.4589446" lon="-99.1901676"/>
  <node id="7918185954" lat="19.4584390" lon="-99.1840750">
    <tag k="crossing" v="uncontrolled"/>
    <tag k="highway" v="crossing"/>
  </node>
  <node id="7918185955" lat="19.4585586" lon="-99.1846129">
    <tag k="crossing" v="uncontrolled"/>
    <tag k="highway" v="crossing"/>
  </node>
  <node id="7918185956" lat="19.4584548" lon="-99.1846350">
    <tag k="crossing" v="uncontrolled"/>
    <tag k="highway" v="crossing"/>
  </node>
  <node id="7918185957" lat="19.4585747" lon="-99.1851881"/>
  <node id="7918185958" lat="19.4588019" lon="-99.1857619">
    <tag k="crossing" v="traffic_signals"/>
    <tag k="highway" v="crossing"/>
  </node>
  <node id="7918185959" lat="19.4587057" lon="-99.1857884">
    <tag k="crossing" v="traffic_signals"/>
    <tag k="highway" v="crossing"/>
  </node>
  <node id="7918257952" lat="19.4562701" lon="-99.1804916"/>
  <node id="7918257953" lat="19.4563525" lon="-99.1806006"/>
  <node id="7918257954" lat="19.4566262" lon="-99.1805048"/>
  <node id="7918257955" lat="19.4566395" lon="-99.1804759"/>
  <node id="7918257956" lat="19.4558137" lon="-99.1807960"/>
  <node id="7918257957" lat="19.4568794" lon="-99.1802475"/>
  <node id="7918257958" lat="19.4573274" lon="-99.1814047"/>
  <node id="7918257959" lat="19.4572827" lon="-99.1814735"/>
  <node id="7918257960" lat="19.4571577" lon="-99.1816347"/>
  <node id="7918287518" lat="19.4545688" lon="-99.1787989"/>
  <node id="7918287519" lat="19.4545960" lon="-99.1788317"/>
  <node id="7918287520" lat="19.4546051" lon="-99.1783263"/>
  <node id="7918287521" lat="19.4545642" lon="-99.1784277"/>
  <node id="7918287522" lat="19.4546631" lon="-99.1782682"/>
  <node id="7918513862" lat="19.4562434" lon="-99.1803048"/>
  <node id="7918513863" lat="19.4580406" lon="-99.1825117"/>
  <node id="7918513864" lat="19.4579595" lon="-99.1825823"/>
  <node id="7920947847" lat="19.4541158" lon="-99.1870875"/>
  <node id="7920947848" lat="19.4537937" lon="-99.1870470"/>
  <node id="7920947849" lat="19.4543629" lon="-99.1877159"/>
  <node id="7920986541" lat="19.4540301" lon="-99.1869911"/>
  <node id="7920986542" lat="19.4539223" lon="-99.1871438"/>
  <node id="7931899713" lat="19.4579426" lon="-99.1888189"/>
  <node id="7931899714" lat="19.4578433" lon="-99.1888478"/>
  <node id="7931961178" lat="19.4562644" lon="-99.1901291"/>
  <node id="7955539285" lat="19.4707006" lon="-99.1775642"/>
  <node id="7955539286" lat="19.4708849" lon="-99.1789497"/>
  <node id="7955603645" lat="19.4700440" lon="-99.1828370"/>
  <node id="7955774863" lat="19.4743060" lon="-99.1819681"/>
  <node id="7955809826" lat="19.4633919" lon="-99.1817030"/>
  <node id="7955901164" lat="19.4638006" lon="-99.1832371"/>
  <node id="7955901165" lat="19.4636694" lon="-99.1831752"/>
  <node id="7955930770" lat="19.4523102" lon="-99.1747702">
    <tag k="crossing" v="uncontrolled"/>
    <tag k="highway" v="crossing"/>
  </node>
  <node id="7960118668" lat="19.4646639" lon="-99.1873357"/>
  <node id="7960118669" lat="19.4646206" lon="-99.1867492"/>
  <node id="7966287299" lat="19.4709016" lon="-99.1768622"/>
  <node id="7966287300" lat="19.4710184" lon="-99.1768993"/>
  <node id="7966771847" lat="19.4577875" lon="-99.1766834">
    <tag k="access" v="permissive"/>
    <tag k="barrier" v="gate"/>
  </node>
  <node id="7977692486" lat="19.4663015" lon="-99.1744973">
    <tag k="access" v="no"/>
    <tag k="barrier" v="gate"/>
  </node>
  <node id="7977739221" lat="19.4659517" lon="-99.1740166"/>
  <node id="7978516182" lat="19.4758653" lon="-99.1829644"/>
  <node id="7978516184" lat="19.4757767" lon="-99.1832211"/>
  <node id="7978518263" lat="19.4776317" lon="-99.1846092"/>
  <node id="7978518264" lat="19.4776873" lon="-99.1846669">
    <tag k="highway" v="traffic_signals"/>
    <tag k="traffic_signals" v="signal"/>
  </node>
  <node id="7978518265" lat="19.4775495" lon="-99.1845542"/>
  <node id="7978729001" lat="19.4720523" lon="-99.1859537"/>
  <node id="7978729002" lat="19.4720318" lon="-99.1859248"/>
  <node id="7982020530" lat="19.4707724" lon="-99.1790651">
    <tag k="highway" v="crossing"/>
  </node>
  <node id="7982020531" lat="19.4708305" lon="-99.1792019"/>
  <node id="7982345886" lat="19.4686482" lon="-99.1761750"/>
  <node id="7982345887" lat="19.4686052" lon="-99.1760637"/>
  <node id="7982345888" lat="19.4683029" lon="-99.1762035"/>
  <node id="7982345889" lat="19.4683983" lon="-99.1763020">
    <tag k="highway" v="traffic_signals"/>
    <tag k="traffic_signals" v="signal"/>
  </node>
  <node id="7982345890" lat="19.4684151" lon="-99.1761554">
    <tag k="highway" v="traffic_signals"/>
    <tag k="traffic_signals" v="signal"/>
  </node>
  <node id="7982345891" lat="19.4684851" lon="-99.1760208"/>
  <node id="7982345892" lat="19.4683561" lon="-99.1762568"/>
  <node id="7982345893" lat="19.4683043" lon="-99.1760489">
    <tag k="highway" v="traffic_signals"/>
    <tag k="traffic_signals" v="signal"/>
  </node>
  <node id="7982345894" lat="19.4682482" lon="-99.1761521">
    <tag k="highway" v="traffic_signals"/>
    <tag k="traffic_signals" v="signal"/>
  </node>
  <node id="7982345895" lat="19.4682609" lon="-99.1763902">
    <tag k="highway" v="traffic_signals"/>
    <tag k="traffic_signals" v="signal"/>
  </node>
  <node id="7982345896" lat="19.4681515" lon="-99.1762708">
    <tag k="highway" v="traffic_signals"/>
    <tag k="traffic_signals" v="signal"/>
  </node>
  <node id="7985472635" lat="19.4680030" lon="-99.1765557"/>
  <node id="7985472636" lat="19.4682734" lon="-99.1765813"/>
  <node id="7989405421" lat="19.4700995" lon="-99.1783295"/>
  <node id="7989405422" lat="19.4703435" lon="-99.1780895"/>
  <node id="7989405423" lat="19.4704227" lon="-99.1781661"/>
  <node id="7989405424" lat="19.4701099" lon="-99.1784566"/>
  <node id="7989405425" lat="19.4701871" lon="-99.1785505"/>
  <node id="7989405426" lat="19.4702185" lon="-99.1784511"/>
  <node id="7989578064" lat="19.4691097" lon="-99.1770702"/>
  <node id="7989578065" lat="19.4696544" lon="-99.1778744"/>
  <node id="7989578066" lat="19.4695516" lon="-99.1780029"/>
  <node id="7989578067" lat="19.4697527" lon="-99.1782068"/>
  <node id="7989578068" lat="19.4699473" lon="-99.1781740"/>
  <node id="7990035575" lat="19.4603491" lon="-99.1778115"/>
  <node id="7990035576" lat="19.4604515" lon="-99.1777730"/>
  <node id="7990049774" lat="19.4629523" lon="-99.1808735"/>
  <node id="7990049775" lat="19.4622137" lon="-99.1780283"/>
  <node id="7990049776" lat="19.4623293" lon="-99.1779589"/>
  <node id="7990049777" lat="19.4623622" lon="-99.1778855"/>
  <node id="7990049778" lat="19.4623571" lon="-99.1777596"/>
  <node id="7990231306" lat="19.4587238" lon="-99.1790429"/>
  <node id="7990231307" lat="19.4586424" lon="-99.1788783"/>
  <node id="7990231318" lat="19.4616292" lon="-99.1797963"/>
  <node id="7990231319" lat="19.4618720" lon="-99.1799408"/>
  <node id="7990231320" lat="19.4619757" lon="-99.1799891"/>
  <node id="7990231321" lat="19.4622096" lon="-99.1800816"/>
  <node id="7992815272" lat="19.4616974" lon="-99.1776338"/>
  <node id="7992897494" lat="19.4612688" lon="-99.1791898"/>
  <node id="7992897495" lat="19.4614775" lon="-99.1790423"/>
  <node id="7992897496" lat="19.4613295" lon="-99.1789216"/>
  <node id="7992897497" lat="19.4613662" lon="-99.1789457"/>
  <node id="7992897498" lat="19.4613940" lon="-99.1789806"/>
  <node id="7992897499" lat="19.4614345" lon="-99.1790235"/>
  <node id="7992897500" lat="19.4631706" lon="-99.1806261"/>
  <node id="7992986193" lat="19.4694802" lon="-99.1841555"/>
  <node id="8000582639" lat="19.4572174" lon="-99.1822455"/>
  <node id="8000582640" lat="19.4573521" lon="-99.1824219"/>
  <node id="8000582642" lat="19.4577547" lon="-99.1822555"/>
  <node id="8000582646" lat="19.4664655" lon="-99.1771645"/>
  <node id="8000582647" lat="19.4664655" lon="-99.1773863"/>
  <node id="8000582648" lat="19.4667170" lon="-99.1773105"/>
  <node id="8000656841" lat="19.4616058" lon="-99.1898414"/>
  <node id="8000656842" lat="19.4615810" lon="-99.1898799"/>
  <node id="8000656843" lat="19.4604969" lon="-99.1895437"/>
  <node id="8000656844" lat="19.4606492" lon="-99.1897734"/>
  <node id="8000656845" lat="19.4607403" lon="-99.1898273"/>
  <node id="8000656846" lat="19.4603771" lon="-99.1886940"/>
  <node id="8000656847" lat="19.4597609" lon="-99.1887154"/>
  <node id="8000756732" lat="19.4600609" lon="-99.1869654"/>
  <node id="8000756733" lat="19.4599715" lon="-99.1869826"/>
  <node id="8000756734" lat="19.4598963" lon="-99.1869994"/>
  <node id="8000756735" lat="19.4598720" lon="-99.1868864"/>
  <node id="8000756736" lat="19.4598824" lon="-99.1869370"/>
  <node id="8000756737" lat="19.4599133" lon="-99.1870762"/>
  <node id="8000756738" lat="19.4599219" lon="-99.1871156"/>
  <node id="8000756739" lat="19.4600869" lon="-99.1870836"/>
  <node id="8000832895" lat="19.4554979" lon="-99.1789341">
    <tag k="crossing" v="uncontrolled"/>
    <tag k="highway" v="crossing"/>
  </node>
  <node id="8000832896" lat="19.4555851" lon="-99.1788571">
    <tag k="crossing" v="uncontrolled"/>
    <tag k="highway" v="crossing"/>
  </node>
  <node id="8000859822" lat="19.4699931" lon="-99.1808818">
    <tag k="crossing" v="uncontrolled"/>
    <tag k="highway" v="crossing"/>
  </node>
  <node id="8000859823" lat="19.4701936" lon="-99.1809276">
    <tag k="crossing" v="uncontrolled"/>
    <tag k="highway" v="crossing"/>
  </node>
  <node id="8000859824" lat="19.4697348" lon="-99.1828481">
    <tag k="crossing" v="uncontrolled"/>
    <tag k="highway" v="crossing"/>
  </node>
  <node id="8000859825" lat="19.4695424" lon="-99.1828167">
    <tag k="crossing" v="uncontrolled"/>
    <tag k="highway" v="crossing"/>
  </node>
  <node id="8089004745" lat="19.4709695" lon="-99.1768749"/>
  <node id="8089046385" lat="19.4749747" lon="-99.1754267"/>
  <node id="8089046386" lat="19.4749707" lon="-99.1752943"/>
  <node id="8111063218" lat="19.4438987" lon="-99.1852275"/>
  <node id="8111194211" lat="19.4488804" lon="-99.1715205"/>
  <node id="8111194212" lat="19.4488712" lon="-99.1715520"/>
  <node id="8114191495" lat="19.4459631" lon="-99.1788950"/>
  <node id="8114517490" lat="19.4492279" lon="-99.1785259">
    <tag k="barrier" v="bollard"/>
    <tag k="bollard" v="fixed"/>
    <tag k="material" v="concrete"/>
  </node>
  <node id="8114517494" lat="19.4479609" lon="-99.1786818"/>
  <node id="8114517501" lat="19.4483824" lon="-99.1786354"/>
  <node id="8128319518" lat="19.4489093" lon="-99.1893540"/>
  <node id="8128319519" lat="19.4483731" lon="-99.1895954">
    <tag k="barrier" v="gate"/>
  </node>
  <node id="8128319520" lat="19.4483093" lon="-99.1896054"/>
  <node id="8129173742" lat="19.4740546" lon="-99.1892976"/>
  <node id="8129173749" lat="19.4754836" lon="-99.1871614"/>
  <node id="8129173752" lat="19.4756087" lon="-99.1884273"/>
  <node id="8129246988" lat="19.4686412" lon="-99.1887753"/>
  <node id="8129246989" lat="19.4686602" lon="-99.1890409"/>
  <node id="8129246990" lat="19.4683801" lon="-99.1888196"/>
  <node id="8129246991" lat="19.4683890" lon="-99.1890530"/>
  <node id="8129246992" lat="19.4685218" lon="-99.1890496"/>
  <node id="8129246993" lat="19.4685085" lon="-99.1887107"/>
  <node id="8129265343" lat="19.4496187" lon="-99.1777305"/>
  <node id="8129265344" lat="19.4496050" lon="-99.1777471"/>
  <node id="8129265345" lat="19.4496146" lon="-99.1777411"/>
  <node id="8129265346" lat="19.4487660" lon="-99.1777481"/>
  <node id="8129265347" lat="19.4486331" lon="-99.1767822"/>
  <node id="8129265348" lat="19.4487803" lon="-99.1778540"/>
  <node id="8129303523" lat="19.4685116" lon="-99.1888028">
    <tag k="barrier" v="gate"/>
  </node>
  <node id="8129377973" lat="19.4430119" lon="-99.1842560"/>
  <node id="8133507548" lat="19.4441977" lon="-99.1840582"/>
  <node id="8133507568" lat="19.4459565" lon="-99.1838077"/>
  <node id="8134092020" lat="19.4649053" lon="-99.1867264"/>
  <node id="8134092021" lat="19.4649447" lon="-99.1872726"/>
  <node id="8134092022" lat="19.4669432" lon="-99.1864476">
    <tag k="barrier" v="gate"/>
    <tag k="service" v="parking_aisle"/>
  </node>
  <node id="8134092023" lat="19.4669178" lon="-99.1860925"/>
  <node id="8134092024" lat="19.4669513" lon="-99.1865619"/>
  <node id="8134092025" lat="19.4671018" lon="-99.1865507"/>
  <node id="8134092027" lat="19.4671385" lon="-99.1870728"/>
  <node id="8134198560" lat="19.4609571" lon="-99.1868857"/>
  <node id="8134198561" lat="19.4609085" lon="-99.1861099"/>
  <node id="8134198562" lat="19.4609824" lon="-99.1867980"/>
  <node id="8134198563" lat="19.4609779" lon="-99.1868498"/>
  <node id="8134198564" lat="19.4609370" lon="-99.1869030"/>
  <node id="8134198565" lat="19.4608984" lon="-99.1869174"/>
  <node id="8134198566" lat="19.4607744" lon="-99.1869307"/>
  <node id="8134198567" lat="19.4607350" lon="-99.1869336"/>
  <node id="8134198568" lat="19.4606939" lon="-99.1869476"/>
  <node id="8134198569" lat="19.4606569" lon="-99.1869723"/>
  <node id="8134198570" lat="19.4605437" lon="-99.1871231"/>
  <node id="8134198571" lat="19.4605203" lon="-99.1871667"/>
  <node id="8134198572" lat="19.4608760" lon="-99.1885091"/>
  <node id="8134198573" lat="19.4610469" lon="-99.1890074"/>
  <node id="8134198574" lat="19.4610546" lon="-99.1890207"/>
  <node id="8134198575" lat="19.4610684" lon="-99.1890296"/>
  <node id="8134198576" lat="19.4610868" lon="-99.1890295"/>
  <node id="8134198577" lat="19.4611892" lon="-99.1890053"/>
  <node id="8134280868" lat="19.4612916" lon="-99.1904808"/>
  <node id="8134280869" lat="19.4610665" lon="-99.1899709">
    <tag k="barrier" v="gate"/>
  </node>
  <node id="8134280870" lat="19.4610387" lon="-99.1900997"/>
  <node id="8134280871" lat="19.4610514" lon="-99.1901882"/>
  <node id="8134280872" lat="19.4611518" lon="-99.1904130"/>
  <node id="8134280873" lat="19.4611852" lon="-99.1904427"/>
  <node id="8134280874" lat="19.4612198" lon="-99.1904628"/>
  <node id="8134280875" lat="19.4617203" lon="-99.1904993"/>
  <node id="8134280876" lat="19.4617582" lon="-99.1904926"/>
  <node id="8134280877" lat="19.4619137" lon="-99.1904470"/>
  <node id="8134280878" lat="19.4619403" lon="-99.1904591"/>
  <node id="8134280879" lat="19.4619763" lon="-99.1905027">
    <tag k="barrier" v="gate"/>
  </node>
  <node id="8134280880" lat="19.4620271" lon="-99.1905980"/>
  <node id="8134280881" lat="19.4618796" lon="-99.1904470"/>
  <node id="8134280882" lat="19.4616798" lon="-99.1905020"/>
  <node id="8134280883" lat="19.4613827" lon="-99.1904859"/>
  <node id="8134280884" lat="19.4610779" lon="-99.1902754"/>
  <node id="8134280885" lat="19.4610943" lon="-99.1899174"/>
  <node id="8134280886" lat="19.4629304" lon="-99.1875824"/>
  <node id="8134280887" lat="19.4630482" lon="-99.1880467">
    <tag k="barrier" v="gate"/>
  </node>
  <node id="8134280888" lat="19.4630648" lon="-99.1881119"/>
  <node id="8134280889" lat="19.4633198" lon="-99.1873000"/>
  <node id="8134280890" lat="19.4628596" lon="-99.1874376"/>
  <node id="8134631692" lat="19.4486585" lon="-99.1786050"/>
  <node id="8135769050" lat="19.4669823" lon="-99.1860811"/>
  <node id="8135769051" lat="19.4669716" lon="-99.1860697"/>
  <node id="8135769052" lat="19.4669235" lon="-99.1860730"/>
  <node id="8135769053" lat="19.4669178" lon="-99.1860791"/>
  <node id="8135769054" lat="19.4669861" lon="-99.1860945"/>
  <node id="8135769055" lat="19.4670266" lon="-99.1865563"/>
  <node id="8135769056" lat="19.4670168" lon="-99.1864451">
    <tag k="barrier" v="gate"/>
    <tag k="service" v="parking_aisle"/>
  </node>
  <node id="8136883179" lat="19.4659625" lon="-99.1850491"/>
  <node id="8136883180" lat="19.4659859" lon="-99.1854016">
    <tag k="barrier" v="gate"/>
  </node>
  <node id="8136883181" lat="19.4659928" lon="-99.1855053"/>
  <node id="8136883182" lat="19.4643415" lon="-99.1867965">
    <tag k="access" v="permissive"/>
    <tag k="barrier" v="gate"/>
  </node>
  <node id="8136883183" lat="19.4641136" lon="-99.1868220"/>
  <node id="8136883184" lat="19.4640693" lon="-99.1868502"/>
  <node id="8136883185" lat="19.4640364" lon="-99.1868931"/>
  <node id="8136883186" lat="19.4640344" lon="-99.1869535"/>
  <node id="8136883187" lat="19.4639647" lon="-99.1870983"/>
  <node id="8136883188" lat="19.4639660" lon="-99.1871560"/>
  <node id="8136883189" lat="19.4640165" lon="-99.1873638"/>
  <node id="8136883190" lat="19.4654302" lon="-99.1873410"/>
  <node id="8136883191" lat="19.4654100" lon="-99.1873464"/>
  <node id="8136883192" lat="19.4653986" lon="-99.1873625"/>
  <node id="8136883193" lat="19.4653910" lon="-99.1873840"/>
  <node id="8136883194" lat="19.4653961" lon="-99.1874309"/>
  <node id="8136883195" lat="19.4654037" lon="-99.1874443"/>
  <node id="8136883196" lat="19.4656744" lon="-99.1873146"/>
  <node id="8136883197" lat="19.4654214" lon="-99.1874483"/>
  <node id="8136883198" lat="19.4656830" lon="-99.1874343"/>
  <node id="8136982916" lat="19.4495732" lon="-99.1797175"/>
  <node id="8136987817" lat="19.4493658" lon="-99.1796951"/>
  <node id="8136987818" lat="19.4493472" lon="-99.1796810"/>
  <node id="8136987819" lat="19.4493424" lon="-99.1796612"/>
  <node id="8136987820" lat="19.4494961" lon="-99.1791160"/>
  <node id="8137191762" lat="19.4598248" lon="-99.1904718"/>
  <node id="8137191763" lat="19.4598280" lon="-99.1904967"/>
  <node id="8137191764" lat="19.4598280" lon="-99.1907374"/>
  <node id="8137191765" lat="19.4598229" lon="-99.1907776"/>
  <node id="8137191766" lat="19.4598109" lon="-99.1908205"/>
  <node id="8137191767" lat="19.4598185" lon="-99.1904497"/>
  <node id="8137191768" lat="19.4656391" lon="-99.1869185"/>
  <node id="8137557199" lat="19.4643162" lon="-99.1885675"/>
  <node id="8137557200" lat="19.4640063" lon="-99.1886842"/>
  <node id="8137557202" lat="19.4625159" lon="-99.1904079">
    <tag k="railway" v="level_crossing"/>
  </node>
  <node id="8137557206" lat="19.4624173" lon="-99.1903780">
    <tag k="railway" v="level_crossing"/>
  </node>
  <node id="8137557207" lat="19.4604848" lon="-99.1872716">
    <tag k="railway" v="level_crossing"/>
  </node>
  <node id="8137557208" lat="19.4604901" lon="-99.1872914">
    <tag k="railway" v="level_crossing"/>
  </node>
  <node id="8137557730" lat="19.4609062" lon="-99.1885971">
    <tag k="barrier" v="gate"/>
  </node>
  <node id="8137557731" lat="19.4670146" lon="-99.1864184">
    <tag k="barrier" v="lift_gate"/>
  </node>
  <node id="8137557732" lat="19.4669425" lon="-99.1864217">
    <tag k="barrier" v="lift_gate"/>
  </node>
  <node id="8137557739" lat="19.4635613" lon="-99.1846816"/>
  <node id="8137557749" lat="19.4610450" lon="-99.1900380"/>
  <node id="8140674006" lat="19.4562230" lon="-99.1942362"/>
  <node id="8140674007" lat="19.4534807" lon="-99.1892347"/>
  <node id="8140674008" lat="19.4534072" lon="-99.1889092"/>
  <node id="8140727591" lat="19.4565434" lon="-99.1865028"/>
  <node id="8140727592" lat="19.4565674" lon="-99.1865525"/>
  <node id="8140727593" lat="19.4564574" lon="-99.1863272">
    <tag k="barrier" v="gate"/>
  </node>
  <node id="8140727594" lat="19.4564352" lon="-99.1862823"/>
  <node id="8140727595" lat="19.4565990" lon="-99.1866370"/>
  <node id="8140727597" lat="19.4522844" lon="-99.1874497">
    <tag k="barrier" v="gate"/>
  </node>
  <node id="8140727598" lat="19.4519292" lon="-99.1877071"/>
  <node id="8140727599" lat="19.4522373" lon="-99.1876281"/>
  <node id="8140727600" lat="19.4522600" lon="-99.1877375"/>
  <node id="8140727601" lat="19.4519535" lon="-99.1878220"/>
  <node id="8140727602" lat="19.4522832" lon="-99.1878735"/>
  <node id="8140727603" lat="19.4522844" lon="-99.1878560"/>
  <node id="8140727604" lat="19.4522693" lon="-99.1878842"/>
  <node id="8140727605" lat="19.4520012" lon="-99.1879512"/>
  <node id="8140727606" lat="19.4519860" lon="-99.1879486"/>
  <node id="8140727607" lat="19.4522035" lon="-99.1874644"/>
  <node id="8140727608" lat="19.4518962" lon="-99.1875315"/>
  <node id="8140727609" lat="19.4518962" lon="-99.1875516"/>
  <node id="8140727610" lat="19.4519772" lon="-99.1879338"/>
  <node id="8140727611" lat="19.4519063" lon="-99.1875194"/>
  <node id="8140727612" lat="19.4523687" lon="-99.1874296"/>
  <node id="8140824167" lat="19.4530508" lon="-99.1871439"/>
  <node id="8140824168" lat="19.4531671" lon="-99.1871278"/>
  <node id="8140824169" lat="19.4529559" lon="-99.1871613"/>
  <node id="8140824170" lat="19.4535548" lon="-99.1870659"/>
  <node id="8140824171" lat="19.4534453" lon="-99.1870862">
    <tag k="barrier" v="gate"/>
  </node>
  <node id="8140824172" lat="19.4527030" lon="-99.1872136"/>
  <node id="8140824174" lat="19.4525114" lon="-99.1906187"/>
  <node id="8140824176" lat="19.4528383" lon="-99.1905127"/>
  <node id="8140824177" lat="19.4528415" lon="-99.1904973"/>
  <node id="8140824178" lat="19.4528282" lon="-99.1905228"/>
  <node id="8140824179" lat="19.4523287" lon="-99.1906807"/>
  <node id="8140824180" lat="19.4523119" lon="-99.1906954"/>
  <node id="8140824181" lat="19.4523060" lon="-99.1907183"/>
  <node id="8140824182" lat="19.4523347" lon="-99.1908326"/>
  <node id="8140824183" lat="19.4527972" lon="-99.1902745">
    <tag k="barrier" v="gate"/>
  </node>
  <node id="8140824184" lat="19.4527839" lon="-99.1902056"/>
  <node id="8140941501" lat="19.4577283" lon="-99.1855091"/>
  <node id="8140941502" lat="19.4584721" lon="-99.1853119">
    <tag k="barrier" v="gate"/>
  </node>
  <node id="8140941504" lat="19.4585957" lon="-99.1852793"/>
  <node id="8141026010" lat="19.4638794" lon="-99.1772097"/>
  <node id="8141026011" lat="19.4638857" lon="-99.1772224"/>
  <node id="8141026012" lat="19.4637649" lon="-99.1772076"/>
  <node id="8141026013" lat="19.4637580" lon="-99.1772123"/>
  <node id="8141026014" lat="19.4637548" lon="-99.1772237"/>
  <node id="8141026015" lat="19.4639103" lon="-99.1774376"/>
  <node id="8141026016" lat="19.4639034" lon="-99.1773632"/>
  <node id="8141035617" lat="19.4638673" lon="-99.1772036"/>
  <node id="8141035618" lat="19.4637668" lon="-99.1773766"/>
  <node id="8141035619" lat="19.4637742" lon="-99.1774504"/>
  <node id="8141035620" lat="19.4659774" lon="-99.1842684">
    <tag k="barrier" v="gate"/>
  </node>
  <node id="8141035621" lat="19.4659423" lon="-99.1837831"/>
  <node id="8141035622" lat="19.4659831" lon="-99.1843446"/>
  <node id="8141035623" lat="19.4597395" lon="-99.1831082"/>
  <node id="8141035624" lat="19.4678276" lon="-99.1772358"/>
  <node id="8141035625" lat="19.4678251" lon="-99.1772760"/>
  <node id="8141035626" lat="19.4678086" lon="-99.1773015"/>
  <node id="8141035627" lat="19.4677151" lon="-99.1773431"/>
  <node id="8141035628" lat="19.4676860" lon="-99.1773377"/>
  <node id="8141035629" lat="19.4674448" lon="-99.1768907"/>
  <node id="8141035630" lat="19.4675064" lon="-99.1770065">
    <tag k="barrier" v="lift_gate"/>
  </node>
  <node id="8141035631" lat="19.4676619" lon="-99.1773176"/>
  <node id="8141035632" lat="19.4676594" lon="-99.1769072"/>
  <node id="8141035633" lat="19.4676063" lon="-99.1767973"/>
  <node id="8141035634" lat="19.4591888" lon="-99.1816896"/>
  <node id="8141035635" lat="19.4586008" lon="-99.1818897">
    <tag k="access" v="permissive"/>
    <tag k="barrier" v="gate"/>
  </node>
  <node id="8141035636" lat="19.4585391" lon="-99.1819083"/>
  <node id="8141035637" lat="19.4591963" lon="-99.1837214">
    <tag k="barrier" v="gate"/>
  </node>
  <node id="8141035638" lat="19.4594568" lon="-99.1836329"/>
  <node id="8141035639" lat="19.4594606" lon="-99.1836195"/>
  <node id="8141035640" lat="19.4594075" lon="-99.1834545"/>
  <node id="8141035641" lat="19.4594455" lon="-99.1836396"/>
  <node id="8141035642" lat="19.4591421" lon="-99.1837384"/>
  <node id="8141078723" lat="19.4660768" lon="-99.1843355"/>
  <node id="8141078724" lat="19.4660839" lon="-99.1844536">
    <tag k="barrier" v="gate"/>
  </node>
  <node id="8141078725" lat="19.4661054" lon="-99.1848090"/>
  <node id="8141577280" lat="19.4577156" lon="-99.1823776">
    <tag k="barrier" v="gate"/>
  </node>
  <node id="8141577281" lat="19.4572098" lon="-99.1827035"/>
  <node id="8141577282" lat="19.4573192" lon="-99.1807716"/>
  <node id="8141577283" lat="19.4573192" lon="-99.1807569"/>
  <node id="8141577284" lat="19.4572610" lon="-99.1806610"/>
  <node id="8141577285" lat="19.4572515" lon="-99.1806563"/>
  <node id="8141577286" lat="19.4569507" lon="-99.1810647"/>
  <node id="8141577288" lat="19.4570195" lon="-99.1810078"/>
  <node id="8141577289" lat="19.4573116" lon="-99.1807830"/>
  <node id="8141577290" lat="19.4572414" lon="-99.1806597"/>
  <node id="8141577291" lat="19.4569203" lon="-99.1808851"/>
  <node id="8141577293" lat="19.4568551" lon="-99.1809470"/>
  <node id="8141577294" lat="19.4558302" lon="-99.1761468"/>
  <node id="8141577295" lat="19.4555007" lon="-99.1756575">
    <tag k="barrier" v="gate"/>
  </node>
  <node id="8141577296" lat="19.4554657" lon="-99.1756055"/>
  <node id="8141577297" lat="19.4499488" lon="-99.1792783"/>
  <node id="8141577298" lat="19.4499716" lon="-99.1793025"/>
  <node id="8141577299" lat="19.4499905" lon="-99.1793387"/>
  <node id="8141577300" lat="19.4495302" lon="-99.1791040"/>
  <node id="8141577301" lat="19.4495113" lon="-99.1791053"/>
  <node id="8141577302" lat="19.4502283" lon="-99.1792890"/>
  <node id="8141577303" lat="19.4502333" lon="-99.1792998"/>
  <node id="8141577304" lat="19.4502767" lon="-99.1796285"/>
  <node id="8141577305" lat="19.4502182" lon="-99.1792864"/>
  <node id="8141577306" lat="19.4501183" lon="-99.1792998"/>
  <node id="8141577307" lat="19.4501069" lon="-99.1793132"/>
  <node id="8141577308" lat="19.4501056" lon="-99.1793293"/>
  <node id="8141577309" lat="19.4501427" lon="-99.1796498"/>
  <node id="8141577310" lat="19.4504053" lon="-99.1792542"/>
  <node id="8141577312" lat="19.4504732" lon="-99.1795972"/>
  <node id="8142001079" lat="19.4570296" lon="-99.1809996">
    <tag k="barrier" v="gate"/>
  </node>
  <node id="8142001080" lat="19.4569404" lon="-99.1808702">
    <tag k="barrier" v="gate"/>
  </node>
  <node id="8142001081" lat="19.4537020" lon="-99.1788143"/>
  <node id="8142001082" lat="19.4539726" lon="-99.1787271"/>
  <node id="8142001083" lat="19.4536818" lon="-99.1788250"/>
  <node id="8142001084" lat="19.4536717" lon="-99.1788478"/>
  <node id="8142001085" lat="19.4536717" lon="-99.1788800"/>
  <node id="8142001086" lat="19.4536818" lon="-99.1789122"/>
  <node id="8142001087" lat="19.4539393" lon="-99.1793328"/>
  <node id="8142001088" lat="19.4560920" lon="-99.1800092"/>
  <node id="8142001090" lat="19.4558340" lon="-99.1801500"/>
  <node id="8142001091" lat="19.4558024" lon="-99.1801608"/>
  <node id="8142001092" lat="19.4557733" lon="-99.1801514"/>
  <node id="8142001093" lat="19.4557151" lon="-99.1800615"/>
  <node id="8142001107" lat="19.4505507" lon="-99.1754816"/>
  <node id="8142001112" lat="19.4497962" lon="-99.1757015"/>
  <node id="8142001113" lat="19.4534112" lon="-99.1789015"/>
  <node id="8142001114" lat="19.4534352" lon="-99.1789122"/>
  <node id="8142001115" lat="19.4533859" lon="-99.1789041"/>
  <node id="8142001116" lat="19.4532341" lon="-99.1789779"/>
  <node id="8142021017" lat="19.4537083" lon="-99.1793662"/>
  <node id="8142071053" lat="19.4568100" lon="-99.1853963"/>
  <node id="8142114039" lat="19.4536875" lon="-99.1793340">
    <tag k="barrier" v="gate"/>
  </node>
  <node id="8142114040" lat="19.4539201" lon="-99.1793031">
    <tag k="barrier" v="gate"/>
  </node>
  <node id="8142114041" lat="19.4559643" lon="-99.1800790">
    <tag k="barrier" v="lift_gate"/>
  </node>
  <node id="8142140293" lat="19.4508138" lon="-99.1757874"/>
  <node id="8142140294" lat="19.4504947" lon="-99.1760114"/>
  <node id="8142140295" lat="19.4504749" lon="-99.1758786"/>
  <node id="8142140296" lat="19.4504610" lon="-99.1758987"/>
  <node id="8142140297" lat="19.4504610" lon="-99.1759175"/>
  <node id="8142140298" lat="19.4507392" lon="-99.1756976"/>
  <node id="8142140299" lat="19.4508896" lon="-99.1758920"/>
  <node id="8142140300" lat="19.4508858" lon="-99.1759242"/>
  <node id="8142140301" lat="19.4508732" lon="-99.1759470"/>
  <node id="8142140302" lat="19.4505609" lon="-99.1761623"/>
  <node id="8142140303" lat="19.4508833" lon="-99.1758692"/>
  <node id="8142140304" lat="19.4506405" lon="-99.1755903"/>
  <node id="8142140305" lat="19.4503876" lon="-99.1757633"/>
  <node id="8142140306" lat="19.4503041" lon="-99.1758008"/>
  <node id="8142140307" lat="19.4499589" lon="-99.1759014"/>
  <node id="8142140308" lat="19.4554502" lon="-99.1803773"/>
  <node id="8142140309" lat="19.4551005" lon="-99.1804888"/>
  <node id="8142252816" lat="19.4505495" lon="-99.1761636"/>
  <node id="8142256417" lat="19.4505425" lon="-99.1761582"/>
  <node id="8142256418" lat="19.4586615" lon="-99.1812967"/>
  <node id="8142256419" lat="19.4584212" lon="-99.1814040">
    <tag k="barrier" v="gate"/>
  </node>
  <node id="8142256420" lat="19.4583764" lon="-99.1814275"/>
  <node id="8142306462" lat="19.4573910" lon="-99.1817867"/>
  <node id="8142306464" lat="19.4573034" lon="-99.1818452">
    <tag k="barrier" v="gate"/>
  </node>
  <node id="8142306465" lat="19.4571112" lon="-99.1819578"/>
  <node id="8142306466" lat="19.4570644" lon="-99.1819632"/>
  <node id="8142306467" lat="19.4570201" lon="-99.1819605"/>
  <node id="8142306468" lat="19.4569809" lon="-99.1819444"/>
  <node id="8142306469" lat="19.4569152" lon="-99.1819029"/>
  <node id="8142537638" lat="19.4534402" lon="-99.1890570">
    <tag k="barrier" v="gate"/>
  </node>
  <node id="8142537639" lat="19.4534162" lon="-99.1889483">
    <tag k="barrier" v="gate"/>
  </node>
  <node id="8142587975" lat="19.4529806" lon="-99.1901292"/>
  <node id="8142587976" lat="19.4529954" lon="-99.1900329"/>
  <node id="8144695756" lat="19.4579837" lon="-99.1888779"/>
  <node id="8144695757" lat="19.4580899" lon="-99.1889115"/>
  <node id="8144695758" lat="19.4582606" lon="-99.1889866"/>
  <node id="8144695759" lat="19.4583137" lon="-99.1890335"/>
  <node id="8144695760" lat="19.4583390" lon="-99.1890872"/>
  <node id="8144695761" lat="19.4583453" lon="-99.1891354"/>
  <node id="8144695762" lat="19.4582941" lon="-99.1894442"/>
  <node id="8144821151" lat="19.4569820" lon="-99.1808385"/>
  <node id="8144821152" lat="19.4570812" lon="-99.1809599"/>
  <node id="8144964478" lat="19.4505996" lon="-99.1795770">
    <tag k="access" v="private"/>
    <tag k="barrier" v="gate"/>
  </node>
  <node id="8144964479" lat="19.4501385" lon="-99.1794983"/>
  <node id="8144964480" lat="19.4501511" lon="-99.1795036"/>
  <node id="8144964481" lat="19.4502588" lon="-99.1794932"/>
  <node id="8144964482" lat="19.4501309" lon="-99.1794835"/>
  <node id="8145055477" lat="19.4540580" lon="-99.1799542"/>
  <node id="8145055478" lat="19.4539574" lon="-99.1796471"/>
  <node id="8145055479" lat="19.4540694" lon="-99.1799978">
    <tag k="barrier" v="gate"/>
  </node>
  <node id="8145102438" lat="19.4571919" lon="-99.1822100"/>
  <node id="8145124179" lat="19.4589735" lon="-99.1788854"/>
  <node id="8145463251" lat="19.4597257" lon="-99.1835849">
    <tag k="railway" v="level_crossing"/>
  </node>
  <node id="8145463252" lat="19.4598169" lon="-99.1841542">
    <tag k="railway" v="level_crossing"/>
  </node>
  <node id="8153332990" lat="19.4521204" lon="-99.1744783"/>
  <node id="8153363630" lat="19.4688094" lon="-99.1773780"/>
  <node id="8153363641" lat="19.4690040" lon="-99.1771925"/>
  <node id="8153363642" lat="19.4688657" lon="-99.1773217"/>
  <node id="8153363643" lat="19.4685888" lon="-99.1774907"/>
  <node id="8153363644" lat="19.4683650" lon="-99.1775107"/>
  <node id="8153363645" lat="19.4712200" lon="-99.1832829"/>
  <node id="8153363646" lat="19.4711973" lon="-99.1831796"/>
  <node id="8153363647" lat="19.4702538" lon="-99.1834047"/>
  <node id="8153450718" lat="19.4714786" lon="-99.1832178">
    <tag k="barrier" v="gate"/>
  </node>
  <node id="8153450719" lat="19.4684367" lon="-99.1775020">
    <tag k="barrier" v="gate"/>
  </node>
  <node id="8153450720" lat="19.4703147" lon="-99.1833895">
    <tag k="barrier" v="gate"/>
  </node>
  <node id="8153529787" lat="19.4536466" lon="-99.1747395"/>
  <node id="8153809834" lat="19.4612444" lon="-99.1732818"/>
  <node id="8153888587" lat="19.4711922" lon="-99.1805658">
    <tag k="barrier" v="gate"/>
  </node>
  <node id="8153888588" lat="19.4719079" lon="-99.1804625"/>
  <node id="8153888589" lat="19.4710585" lon="-99.1805846"/>
  <node id="8153888590" lat="19.4721974" lon="-99.1815729"/>
  <node id="8153888591" lat="19.4713503" lon="-99.1816936">
    <tag k="barrier" v="gate"/>
  </node>
  <node id="8153888592" lat="19.4712386" lon="-99.1817156"/>
  <node id="8227222886" lat="19.4692520" lon="-99.1736448"/>
  <node id="8256895038" lat="19.4721618" lon="-99.1964244"/>
  <node id="8256895040" lat="19.4717232" lon="-99.1948795"/>
  <node id="8342745788" lat="19.4700094" lon="-99.1816476">
    <tag k="highway" v="traffic_signals"/>
  </node>
  <node id="8342745789" lat="19.4697600" lon="-99.1818948">
    <tag k="highway" v="traffic_signals"/>
  </node>
  <node id="8504998689" lat="19.4699827" lon="-99.1817449"/>
  <node id="8504998690" lat="19.4710051" lon="-99.1866973"/>
  <node id="8505130823" lat="19.4503484" lon="-99.1884971"/>
  <node id="8505130824" lat="19.4515643" lon="-99.1873109"/>
  <node id="8505130825" lat="19.4670521" lon="-99.1858120"/>
  <node id="8505130826" lat="19.4671077" lon="-99.1858109"/>
  <node id="8505130827" lat="19.4671966" lon="-99.1858068"/>
  <node id="8505130828" lat="19.4546365" lon="-99.1850971"/>
  <node id="8505130829" lat="19.4558553" lon="-99.1843198"/>
  <node id="8505130830" lat="19.4605456" lon="-99.1789766"/>
  <node id="8505130831" lat="19.4637447" lon="-99.1824152"/>
  <node id="8505130832" lat="19.4637637" lon="-99.1825359"/>
  <node id="8505130833" lat="19.4637826" lon="-99.1827732"/>
  <node id="8505130834" lat="19.4633767" lon="-99.1819780"/>
  <node id="8610992913" lat="19.4521988" lon="-99.1908705">
    <tag k="barrier" v="gate"/>
  </node>
  <node id="8610992914" lat="19.4521277" lon="-99.1908922"/>
  <node id="8628895855" lat="19.4501176" lon="-99.1775124">
    <tag k="barrier" v="bollard"/>
  </node>
  <node id="8643469182" lat="19.4706560" lon="-99.1819231"/>
  <node id="8643469184" lat="19.4706809" lon="-99.1821012"/>
  <node id="8643469186" lat="19.4702556" lon="-99.1823685"/>
  <node id="8643469188" lat="19.4712590" lon="-99.1818303"/>
  <node id="8643469189" lat="19.4711485" lon="-99.1818515">
    <tag k="barrier" v="gate"/>
  </node>
  <node id="8643469190" lat="19.4711140" lon="-99.1818907"/>
  <node id="8643469191" lat="19.4709446" lon="-99.1818896"/>
  <node id="8643469192" lat="19.4701721" lon="-99.1819707"/>
  <node id="8643469194" lat="19.4700361" lon="-99.1818798">
    <tag k="barrier" v="gate"/>
  </node>
  <node id="8643469195" lat="19.4699634" lon="-99.1818320"/>
  <node id="8643469196" lat="19.4686210" lon="-99.1774880"/>
  <node id="8675623259" lat="19.4718198" lon="-99.1798658"/>
  <node id="8675623262" lat="19.4715754" lon="-99.1802634"/>
  <node id="8743486067" lat="19.4662461" lon="-99.1854835"/>
  <node id="8743486068" lat="19.4662522" lon="-99.1855432">
    <tag k="barrier" v="gate"/>
  </node>
  <node id="8743486069" lat="19.4662809" lon="-99.1860011"/>
  <node id="8743486070" lat="19.4672118" lon="-99.1861327"/>
  <node id="8743486071" lat="19.4664520" lon="-99.1866781">
    <tag k="barrier" v="gate"/>
  </node>
  <node id="8743486072" lat="19.4668454" lon="-99.1866547">
    <tag k="barrier" v="gate"/>
  </node>
  <node id="8743486073" lat="19.4664434" lon="-99.1866040"/>
  <node id="8743486074" lat="19.4664912" lon="-99.1871264"/>
  <node id="8743486075" lat="19.4668401" lon="-99.1865711"/>
  <node id="8743486076" lat="19.4668799" lon="-99.1870909"/>
  <node id="8743488495" lat="19.4640139" lon="-99.1870267"/>
  <node id="8743488496" lat="19.4655616" lon="-99.1866766"/>
  <node id="8743488497" lat="19.4655767" lon="-99.1869161"/>
  <node id="8743488498" lat="19.4653481" lon="-99.1868713"/>
  <node id="8743488499" lat="19.4653276" lon="-99.1866940"/>
  <node id="8743488500" lat="19.4653383" lon="-99.1868478"/>
  <node id="8743488501" lat="19.4653720" lon="-99.1868864"/>
  <node id="8743488502" lat="19.4654429" lon="-99.1869105"/>
  <node id="8743631335" lat="19.4596088" lon="-99.1916919"/>
  <node id="8743631336" lat="19.4597331" lon="-99.1923137"/>
  <node id="8746869784" lat="19.4616406" lon="-99.1756359"/>
  <node id="8746883181" lat="19.4623022" lon="-99.1782935"/>
  <node id="8746883182" lat="19.4623653" lon="-99.1782403"/>
  <node id="8746883183" lat="19.4623854" lon="-99.1782105"/>
  <node id="8746883184" lat="19.4624099" lon="-99.1781403"/>
  <node id="8746883185" lat="19.4624504" lon="-99.1779132"/>
  <node id="8746883186" lat="19.4624777" lon="-99.1778443"/>
  <node id="8746883187" lat="19.4625076" lon="-99.1777481"/>
  <node id="8746932782" lat="19.4604665" lon="-99.1808492"/>
  <node id="8746932783" lat="19.4603179" lon="-99.1809514">
    <tag k="barrier" v="gate"/>
  </node>
  <node id="8746932784" lat="19.4602738" lon="-99.1809823"/>
  <node id="8746932785" lat="19.4599177" lon="-99.1799041"/>
  <node id="8746932786" lat="19.4597470" lon="-99.1800340">
    <tag k="barrier" v="gate"/>
  </node>
  <node id="8746932787" lat="19.4597115" lon="-99.1800596"/>
  <node id="8747051439" lat="19.4679333" lon="-99.1762339"/>
  <node id="8747051440" lat="19.4679069" lon="-99.1760158"/>
  <node id="8747051441" lat="19.4679363" lon="-99.1761696"/>
  <node id="8747051442" lat="19.4679212" lon="-99.1762944"/>
  <node id="8747051443" lat="19.4678124" lon="-99.1770038"/>
  <node id="8747051444" lat="19.4677239" lon="-99.1768160">
    <tag k="barrier" v="swing_gate"/>
  </node>
  <node id="8747051445" lat="19.4676923" lon="-99.1767503"/>
  <node id="8747281659" lat="19.4563495" lon="-99.1940472"/>
  <node id="8747281665" lat="19.4560513" lon="-99.1944867"/>
  <node id="8747326738" lat="19.4564528" lon="-99.1896018"/>
  <node id="8747326739" lat="19.4562138" lon="-99.1896559">
    <tag k="barrier" v="gate"/>
  </node>
  <node id="8747326740" lat="19.4561676" lon="-99.1896660"/>
  <node id="8747361290" lat="19.4552034" lon="-99.1878915"/>
  <node id="8747361291" lat="19.4551787" lon="-99.1876681"/>
  <node id="8747361292" lat="19.4551477" lon="-99.1876756"/>
  <node id="8747361293" lat="19.4550750" lon="-99.1876912"/>
  <node id="8747361294" lat="19.4550277" lon="-99.1876882"/>
  <node id="8747361295" lat="19.4551529" lon="-99.1875429"/>
  <node id="8747361296" lat="19.4550782" lon="-99.1875590"/>
  <node id="8747361297" lat="19.4550105" lon="-99.1875767"/>
  <node id="8747361298" lat="19.4549896" lon="-99.1875818"/>
  <node id="8747361299" lat="19.4549675" lon="-99.1876595"/>
  <node id="8747541382" lat="19.4580348" lon="-99.1821461">
    <tag k="amenity" v="parking_entrance"/>
  </node>
  <node id="8747541383" lat="19.4562217" lon="-99.1823919"/>
  <node id="8747541384" lat="19.4561227" lon="-99.1824031"/>
  <node id="8747541385" lat="19.4563173" lon="-99.1823835"/>
  <node id="8747541386" lat="19.4569307" lon="-99.1822043"/>
  <node id="8747541387" lat="19.4573161" lon="-99.1821798"/>
  <node id="8747541388" lat="19.4570709" lon="-99.1822077"/>
  <node id="8747541389" lat="19.4569944" lon="-99.1822010"/>
  <node id="8747541390" lat="19.4573895" lon="-99.1824223"/>
  <node id="8747588851" lat="19.4587151" lon="-99.1809759"/>
  <node id="8747588852" lat="19.4583398" lon="-99.1811845">
    <tag k="barrier" v="gate"/>
  </node>
  <node id="8747588853" lat="19.4582896" lon="-99.1812165"/>
  <node id="8747629119" lat="19.4554172" lon="-99.1784279"/>
  <node id="8747629121" lat="19.4552974" lon="-99.1785473"/>
  <node id="8747629122" lat="19.4552815" lon="-99.1787011"/>
  <node id="8747629124" lat="19.4551950" lon="-99.1788020"/>
  <node id="8747629125" lat="19.4550940" lon="-99.1788534">
    <tag k="amenity" v="parking_entrance"/>
  </node>
  <node id="8747629126" lat="19.4548224" lon="-99.1786507"/>
  <node id="8747629127" lat="19.4548123" lon="-99.1786721"/>
  <node id="8747629128" lat="19.4548110" lon="-99.1787063"/>
  <node id="8747629129" lat="19.4548439" lon="-99.1788062"/>
  <node id="8747629130" lat="19.4550480" lon="-99.1784436"/>
  <node id="8747629132" lat="19.4548559" lon="-99.1786413">
    <tag k="barrier" v="gate"/>
  </node>
  <node id="8747629133" lat="19.4550229" lon="-99.1784166"/>
  <node id="8747629135" lat="19.4548281" lon="-99.1786172">
    <tag k="barrier" v="gate"/>
  </node>
  <node id="8747629136" lat="19.4549934" lon="-99.1783848"/>
  <node id="8747629138" lat="19.4548110" lon="-99.1785843">
    <tag k="amenity" v="parking_entrance"/>
  </node>
  <node id="8747629139" lat="19.4565004" lon="-99.1794323"/>
  <node id="8747629140" lat="19.4561223" lon="-99.1796619">
    <tag k="barrier" v="gate"/>
  </node>
  <node id="8747629141" lat="19.4560591" lon="-99.1796994"/>
  <node id="8750450020" lat="19.4543768" lon="-99.1876612"/>
  <node id="8750450021" lat="19.4544066" lon="-99.1879065"/>
  <node id="8750450022" lat="19.4544735" lon="-99.1878887"/>
  <node id="8750450023" lat="19.4545437" lon="-99.1878736"/>
  <node id="8750450024" lat="19.4545922" lon="-99.1878681"/>
  <node id="8750450025" lat="19.4546487" lon="-99.1878613"/>
  <node id="8792557627" lat="19.4678272" lon="-99.1764674">
    <tag k="highway" v="crossing"/>
  </node>
  <node id="8792557628" lat="19.4679123" lon="-99.1766132">
    <tag k="highway" v="crossing"/>
  </node>
  <node id="8861557943" lat="19.4785087" lon="-99.1881407"/>
  <node id="8861557944" lat="19.4787333" lon="-99.1880948">
    <tag k="highway" v="traffic_signals"/>
    <tag k="traffic_signals" v="signal"/>
  </node>
  <node id="8861557945" lat="19.4788608" lon="-99.1885341">
    <tag k="highway" v="traffic_signals"/>
    <tag k="traffic_signals" v="signal"/>
  </node>
  <node id="8861557947" lat="19.4691795" lon="-99.1738746"/>
  <node id="8904907085" lat="19.4606317" lon="-99.1778442"/>
  <node id="8904907384" lat="19.4595830" lon="-99.1784058"/>
  <node id="8904907467" lat="19.4620468" lon="-99.1777180"/>
  <node id="8904908027" lat="19.4648606" lon="-99.1774635"/>
  <node id="8931272360" lat="19.4734068" lon="-99.2010304"/>
  <node id="8931272361" lat="19.4733422" lon="-99.2012567"/>
  <node id="8931272362" lat="19.4733836" lon="-99.2011246"/>
  <node id="9072337055" lat="19.4587716" lon="-99.1790869"/>
  <node id="9072337056" lat="19.4588704" lon="-99.1791249"/>
  <node id="9072337057" lat="19.4588202" lon="-99.1791165"/>
  <node id="9072337058" lat="19.4589384" lon="-99.1791217"/>
  <node id="9072337059" lat="19.4590103" lon="-99.1791050"/>
  <node id="9143415180" lat="19.4623148" lon="-99.1775805"/>
  <node id="9143415181" lat="19.4623105" lon="-99.1775135"/>
  <node id="9143415182" lat="19.4622925" lon="-99.1774501"/>
  <node id="9143415183" lat="19.4622705" lon="-99.1774368"/>
  <node id="9143415184" lat="19.4622414" lon="-99.1773846"/>
  <node id="9143415185" lat="19.4622164" lon="-99.1770915"/>
  <node id="9143415186" lat="19.4625047" lon="-99.1770680"/>
  <node id="9143415187" lat="19.4621215" lon="-99.1770998"/>
  <node id="9143415188" lat="19.4623040" lon="-99.1774728"/>
  <node id="9143415189" lat="19.4622515" lon="-99.1774211"/>
  <node id="9156657648" lat="19.4667534" lon="-99.1772934"/>
  <node id="9156657649" lat="19.4667040" lon="-99.1770938"/>
  <node id="9156657650" lat="19.4667282" lon="-99.1771917"/>
  <node id="9156657651" lat="19.4664879" lon="-99.1772685"/>
  <node id="9156657652" lat="19.4649439" lon="-99.1774343"/>
  <node id="9156657653" lat="19.4649372" lon="-99.1773399"/>
  <node id="9156657654" lat="19.4649520" lon="-99.1775502"/>
  <node id="9156657655" lat="19.4647475" lon="-99.1773588"/>
  <node id="9156657656" lat="19.4647604" lon="-99.1775678"/>
  <node id="9156657657" lat="19.4634317" lon="-99.1774826"/>
  <node id="9156657658" lat="19.4634447" lon="-99.1776766"/>
  <node id="9156657659" lat="19.4622072" lon="-99.1775899"/>
  <node id="9156657660" lat="19.4622138" lon="-99.1777706"/>
  <node id="9156657661" lat="19.4622103" lon="-99.1776740"/>
  <node id="9156657662" lat="19.4634379" lon="-99.1775749"/>
  <node id="9156657663" lat="19.4647529" lon="-99.1774472"/>
  <node id="9156657664" lat="19.4595049" lon="-99.1783277"/>
  <node id="9156657665" lat="19.4596547" lon="-99.1784775"/>
  <node id="9156657666" lat="19.4605205" lon="-99.1777534"/>
  <node id="9156657667" lat="19.4605744" lon="-99.1779502"/>
  <node id="9156657668" lat="19.4607166" lon="-99.1777186"/>
  <node id="9156657669" lat="19.4607513" lon="-99.1779089"/>
  <node id="9156657670" lat="19.4618715" lon="-99.1776183"/>
  <node id="9156657671" lat="19.4618913" lon="-99.1777995"/>
  <node id="9156657672" lat="19.4618815" lon="-99.1777097"/>
  <node id="9156657673" lat="19.4607339" lon="-99.1778135"/>
  <node id="9156657674" lat="19.4605479" lon="-99.1778535"/>
  <node id="9156657675" lat="19.4603113" lon="-99.1779408"/>
  <node id="9191730788" lat="19.4590704" lon="-99.1790791"/>
  <node id="9191730789" lat="19.4591837" lon="-99.1788250"/>
  <node id="9191730790" lat="19.4591503" lon="-99.1790073"/>
  <node id="9191730791" lat="19.4591810" lon="-99.1787618"/>
  <node id="9191730792" lat="19.4591850" lon="-99.1788894"/>
  <node id="9191730793" lat="19.4591746" lon="-99.1789530"/>
  <node id="9191730794" lat="19.4591062" lon="-99.1790574"/>
  <node id="9193879235" lat="19.4589755" lon="-99.1791161">
    <tag k="crossing:barrier" v="no"/>
    <tag k="railway" v="level_crossing"/>
  </node>
  <node id="9374019998" lat="19.4644266" lon="-99.1787417"/>
  <node id="9374019999" lat="19.4649145" lon="-99.1782371"/>
  <node id="9374020000" lat="19.4650080" lon="-99.1791801"/>
  <node id="9445154533" lat="19.4699145" lon="-99.1894946"/>
  <node id="10030266403" lat="19.4577913" lon="-99.1889702"/>
  <node id="10030266404" lat="19.4577589" lon="-99.1888801"/>
  <node id="10030266405" lat="19.4577210" lon="-99.1887562"/>
  <node id="10030266406" lat="19.4576640" lon="-99.1887080"/>
  <node id="10030266407" lat="19.4575318" lon="-99.1887537"/>
  <node id="10030266408" lat="19.4576450" lon="-99.1888804"/>
  <node id="10030266409" lat="19.4576505" lon="-99.1889282"/>
  <node id="10030266410" lat="19.4576179" lon="-99.1892268"/>
  <node id="10030266411" lat="19.4576037" lon="-99.1892608"/>
  <node id="10030266412" lat="19.4578088" lon="-99.1893356"/>
  <node id="10030266413" lat="19.4588177" lon="-99.1896531"/>
  <node id="10030266414" lat="19.4582884" lon="-99.1911189"/>
  <node id="10030266415" lat="19.4587597" lon="-99.1904820"/>
  <node id="10030266416" lat="19.4590263" lon="-99.1900726"/>
  <node id="10030352517" lat="19.4592169" lon="-99.1898090"/>
  <node id="10030352518" lat="19.4593193" lon="-99.1895808"/>
  <node id="10030352519" lat="19.4601242" lon="-99.1891508"/>
  <node id="10030352520" lat="19.4601744" lon="-99.1891784"/>
  <node id="10030352521" lat="19.4604715" lon="-99.1893722"/>
  <node id="10030352522" lat="19.4600406" lon="-99.1896931"/>
  <node id="10030352523" lat="19.4600247" lon="-99.1891540"/>
  <node id="10030352524" lat="19.4601569" lon="-99.1894261"/>
  <node id="10030352525" lat="19.4602604" lon="-99.1895798"/>
  <node id="10030352526" lat="19.4604100" lon="-99.1897264"/>
  <node id="10030352527" lat="19.4605653" lon="-99.1898552"/>
  <node id="10030352528" lat="19.4607812" lon="-99.1899092"/>
  <node id="10030352529" lat="19.4614591" lon="-99.1900087"/>
  <node id="10030352530" lat="19.4615266" lon="-99.1899142"/>
  <node id="10030352531" lat="19.4616393" lon="-99.1899488"/>
  <node id="10030352532" lat="19.4626477" lon="-99.1899076"/>
  <node id="10030352533" lat="19.4626696" lon="-99.1899913"/>
  <node id="10030352534" lat="19.4627728" lon="-99.1903850"/>
  <node id="10030352535" lat="19.4624936" lon="-99.1904747"/>
  <node id="10030352536" lat="19.4623930" lon="-99.1905181"/>
  <node id="10030352537" lat="19.4615938" lon="-99.1908225"/>
  <node id="10030352538" lat="19.4614965" lon="-99.1908610"/>
  <node id="10030352539" lat="19.4609968" lon="-99.1910585"/>
  <node id="10030352540" lat="19.4605418" lon="-99.1911954"/>
  <node id="10030352541" lat="19.4602079" lon="-99.1913416"/>
  <node id="10030352542" lat="19.4599649" lon="-99.1915162"/>
  <node id="10030352543" lat="19.4598765" lon="-99.1916506"/>
  <node id="10030352544" lat="19.4598454" lon="-99.1917612"/>
  <node id="10030352545" lat="19.4598526" lon="-99.1917798"/>
  <node id="10030352546" lat="19.4600016" lon="-99.1917689"/>
  <node id="10030352547" lat="19.4595236" lon="-99.1917063"/>
  <node id="10030352548" lat="19.4595200" lon="-99.1913734"/>
  <node id="10030352549" lat="19.4595190" lon="-99.1912737"/>
  <node id="10030352550" lat="19.4595150" lon="-99.1908672"/>
  <node id="10030352551" lat="19.4595023" lon="-99.1908055"/>
  <node id="10030352552" lat="19.4595010" lon="-99.1905723"/>
  <node id="10030352553" lat="19.4595000" lon="-99.1902370"/>
  <node id="10030352554" lat="19.4594869" lon="-99.1901700"/>
  <node id="10030352555" lat="19.4594754" lon="-99.1901471"/>
  <node id="10030352556" lat="19.4594393" lon="-99.1901231"/>
  <node id="10030352557" lat="19.4593981" lon="-99.1901173"/>
  <node id="10030352558" lat="19.4593745" lon="-99.1901242"/>
  <node id="10030352559" lat="19.4593410" lon="-99.1901537"/>
  <node id="10030352560" lat="19.4592159" lon="-99.1903360"/>
  <node id="10030352561" lat="19.4588030" lon="-99.1909385"/>
  <node id="10030352562" lat="19.4587548" lon="-99.1909947"/>
  <node id="10030352563" lat="19.4586337" lon="-99.1911725"/>
  <node id="10030352564" lat="19.4585405" lon="-99.1913142"/>
  <node id="10030352565" lat="19.4584216" lon="-99.1914952"/>
  <node id="10030352566" lat="19.4583685" lon="-99.1914749"/>
  <node id="10030352567" lat="19.4582921" lon="-99.1914223"/>
  <node id="10030352568" lat="19.4581727" lon="-99.1913217"/>
  <node id="10030352569" lat="19.4581990" lon="-99.1912818"/>
  <node id="10030352570" lat="19.4582359" lon="-99.1912200"/>
  <node id="10030352571" lat="19.4582803" lon="-99.1912725"/>
  <node id="10030352572" lat="19.4583152" lon="-99.1912999"/>
  <node id="10030352573" lat="19.4584472" lon="-99.1911019"/>
  <node id="10030352574" lat="19.4589660" lon="-99.1903642"/>
  <node id="10030352575" lat="19.4593695" lon="-99.1897532"/>
  <node id="10030352576" lat="19.4594347" lon="-99.1894871"/>
  <node id="10030352577" lat="19.4594528" lon="-99.1893041"/>
  <node id="10030352578" lat="19.4594177" lon="-99.1889443"/>
  <node id="10030352579" lat="19.4593575" lon="-99.1885366"/>
  <node id="10030352580" lat="19.4593400" lon="-99.1885098"/>
  <node id="10030352581" lat="19.4593593" lon="-99.1893964"/>
  <node id="10030352584" lat="19.4596662" lon="-99.1887342"/>
  <node id="10030352585" lat="19.4597092" lon="-99.1889052"/>
  <node id="10030352586" lat="19.4598239" lon="-99.1889352"/>
  <node id="10030352587" lat="19.4598599" lon="-99.1890520"/>
  <node id="10030352588" lat="19.4598003" lon="-99.1890754"/>
  <node id="10030352589" lat="19.4605392" lon="-99.1907559"/>
  <node id="10030352590" lat="19.4603332" lon="-99.1901583"/>
  <node id="10030352591" lat="19.4602971" lon="-99.1901679"/>
  <node id="10030352592" lat="19.4602652" lon="-99.1902135"/>
  <node id="10030352593" lat="19.4602843" lon="-99.1902828"/>
  <node id="10030352594" lat="19.4603449" lon="-99.1904078"/>
  <node id="10030352595" lat="19.4604293" lon="-99.1905818"/>
  <node id="10030352596" lat="19.4604739" lon="-99.1906832"/>
  <node id="10030352597" lat="19.4606030" lon="-99.1907947"/>
  <node id="10030352598" lat="19.4606874" lon="-99.1908116"/>
  <node id="10030352599" lat="19.4600907" lon="-99.1900418"/>
  <node id="10030352600" lat="19.4605519" lon="-99.1902633"/>
  <node id="10030352601" lat="19.4607137" lon="-99.1903947"/>
  <node id="10030352602" lat="19.4608020" lon="-99.1905265"/>
  <node id="10030352603" lat="19.4608249" lon="-99.1906146"/>
  <node id="10030352604" lat="19.4608126" lon="-99.1907028"/>
  <node id="10030352605" lat="19.4607893" lon="-99.1907658"/>
  <node id="10039578571" lat="19.4543589" lon="-99.1774177">
    <tag k="highway" v="crossing"/>
  </node>
  <node id="10039578572" lat="19.4544007" lon="-99.1774783"/>
  <node id="10039578574" lat="19.4543475" lon="-99.1775221">
    <tag k="highway" v="crossing"/>
  </node>
  <node id="10039578575" lat="19.4542735" lon="-99.1775861">
    <tag k="highway" v="crossing"/>
  </node>
  <node id="10039578577" lat="19.4554453" lon="-99.1789929"/>
  <node id="10039578578" lat="19.4552338" lon="-99.1787605"/>
  <node id="10039578579" lat="19.4549928" lon="-99.1784992"/>
  <node id="10039578580" lat="19.4549670" lon="-99.1784730"/>
  <node id="10039578581" lat="19.4549386" lon="-99.1784438"/>
  <node id="10039578582" lat="19.4542099" lon="-99.1776428"/>
  <node id="10039578583" lat="19.4537937" lon="-99.1770449"/>
  <node id="10039578584" lat="19.4536387" lon="-99.1768350"/>
  <node id="10039578585" lat="19.4532743" lon="-99.1763310"/>
  <node id="10039622595" lat="19.4529111" lon="-99.1769033"/>
  <node id="10039622596" lat="19.4535224" lon="-99.1769408"/>
  <node id="10039622597" lat="19.4531893" lon="-99.1769183"/>
  <node id="10039622598" lat="19.4532025" lon="-99.1767241"/>
  <node id="10039622599" lat="19.4532297" lon="-99.1763834"/>
  <node id="10039622600" lat="19.4533440" lon="-99.1762449"/>
  <node id="10039622602" lat="19.4529347" lon="-99.1767104"/>
  <node id="10039622603" lat="19.4528579" lon="-99.1773390"/>
  <node id="10039622604" lat="19.4530255" lon="-99.1773981"/>
  <node id="10039665758" lat="19.4553549" lon="-99.1792089"/>
  <node id="10039665759" lat="19.4557361" lon="-99.1795104">
    <tag k="highway" v="crossing"/>
  </node>
  <node id="10039665760" lat="19.4555366" lon="-99.1791195"/>
  <node id="10039665761" lat="19.4554851" lon="-99.1790542">
    <tag k="highway" v="crossing"/>
  </node>
  <node id="10042666586" lat="19.4547378" lon="-99.1782231"/>
  <node id="10043573339" lat="19.4709438" lon="-99.1786020"/>
  <node id="10043573340" lat="19.4713414" lon="-99.1789898">
    <tag k="highway" v="crossing"/>
  </node>
  <node id="10043573341" lat="19.4717949" lon="-99.1793834">
    <tag k="highway" v="crossing"/>
  </node>
  <node id="10043573343" lat="19.4718605" lon="-99.1795189">
    <tag k="highway" v="crossing"/>
  </node>
  <node id="10043573345" lat="19.4716822" lon="-99.1797500">
    <tag k="highway" v="crossing"/>
  </node>
  <node id="10043573347" lat="19.4715229" lon="-99.1797475">
    <tag k="highway" v="crossing"/>
  </node>
  <node id="10043584676" lat="19.4709286" lon="-99.1788572"/>
  <node id="10043584677" lat="19.4708609" lon="-99.1789390"/>
  <node id="10043584678" lat="19.4708527" lon="-99.1789632"/>
  <node id="10043584679" lat="19.4708236" lon="-99.1787513"/>
  <node id="10043584680" lat="19.4708268" lon="-99.1787372"/>
  <node id="10043584681" lat="19.4709545" lon="-99.1788458"/>
  <node id="10043584682" lat="19.4708817" lon="-99.1789139"/>
  <node id="10043584683" lat="19.4708528" lon="-99.1787593"/>
  <node id="10043584684" lat="19.4709076" lon="-99.1786912">
    <tag k="highway" v="crossing"/>
  </node>
  <node id="10043584685" lat="19.4709430" lon="-99.1786441"/>
  <node id="10043584686" lat="19.4709286" lon="-99.1785285">
    <tag k="highway" v="crossing"/>
  </node>
  <node id="10043584687" lat="19.4708984" lon="-99.1789286">
    <tag k="highway" v="crossing"/>
  </node>
  <node id="10043584688" lat="19.4709390" lon="-99.1789703"/>
  <node id="10043584689" lat="19.4709183" lon="-99.1790109"/>
  <node id="10043584690" lat="19.4709143" lon="-99.1791103"/>
  <node id="10043584691" lat="19.4709023" lon="-99.1792090"/>
  <node id="10043584692" lat="19.4708377" lon="-99.1791241">
    <tag k="highway" v="crossing"/>
  </node>
  <node id="10043584693" lat="19.4706623" lon="-99.1789878">
    <tag k="highway" v="crossing"/>
  </node>
  <node id="10043584694" lat="19.4705638" lon="-99.1789383"/>
  <node id="10043584695" lat="19.4704655" lon="-99.1789245">
    <tag k="highway" v="crossing"/>
  </node>
  <node id="10043584696" lat="19.4703602" lon="-99.1789035"/>
  <node id="10043584697" lat="19.4703559" lon="-99.1787602">
    <tag k="highway" v="crossing"/>
  </node>
  <node id="10043584698" lat="19.4704807" lon="-99.1782728">
    <tag k="highway" v="crossing"/>
  </node>
  <node id="10043584699" lat="19.4704540" lon="-99.1785453"/>
  <node id="10043584700" lat="19.4703975" lon="-99.1786339">
    <tag k="highway" v="crossing"/>
  </node>
  <node id="10043584701" lat="19.4703568" lon="-99.1786974"/>
  <node id="10043584702" lat="19.4709040" lon="-99.1784119"/>
  <node id="10043584703" lat="19.4708092" lon="-99.1783734">
    <tag k="highway" v="crossing"/>
  </node>
  <node id="10043584704" lat="19.4707025" lon="-99.1783341"/>
  <node id="10043584705" lat="19.4705907" lon="-99.1782692">
    <tag k="highway" v="crossing"/>
  </node>
  <node id="10043584706" lat="19.4704882" lon="-99.1782083"/>
  <node id="10043584707" lat="19.4702416" lon="-99.1785930"/>
  <node id="10043584708" lat="19.4703520" lon="-99.1780828"/>
  <node id="10043609048" lat="19.4591542" lon="-99.1900779"/>
  <node id="10043688830" lat="19.4627553" lon="-99.1903175"/>
  <node id="10174663827" lat="19.4692049" lon="-99.1848990"/>
  <node id="10174663828" lat="19.4694081" lon="-99.1848561"/>
  <node id="10245458451" lat="19.4788001" lon="-99.1885400">
    <tag k="highway" v="crossing"/>
  </node>
  <node id="10245458452" lat="19.4789023" lon="-99.1888495">
    <tag k="highway" v="crossing"/>
  </node>
  <node id="10698051826" lat="19.4481695" lon="-99.1801643"/>
  <node id="10698051827" lat="19.4481797" lon="-99.1801929"/>
  <node id="10698051829" lat="19.4482151" lon="-99.1801997"/>
  <node id="10698051830" lat="19.4482745" lon="-99.1801923"/>
  <node id="10707991859" lat="19.4521679" lon="-99.1854749">
    <tag k="crossing" v="uncontrolled"/>
    <tag k="highway" v="crossing"/>
  </node>
  <node id="10707991860" lat="19.4521061" lon="-99.1855860"/>
  <node id="10707991861" lat="19.4521017" lon="-99.1856593">
    <tag k="crossing" v="uncontrolled"/>
    <tag k="highway" v="crossing"/>
  </node>
  <node id="10707991862" lat="19.4530444" lon="-99.1862749"/>
  <node id="10707991863" lat="19.4530465" lon="-99.1862009">
    <tag k="crossing" v="uncontrolled"/>
    <tag k="highway" v="crossing"/>
  </node>
  <node id="10722294313" lat="19.4573720" lon="-99.1872141"/>
  <node id="10722294314" lat="19.4588594" lon="-99.1868434"/>
  <node id="10722294315" lat="19.4589772" lon="-99.1868130"/>
  <node id="10722294317" lat="19.4573081" lon="-99.1872313"/>
  <node id="10722402398" lat="19.4489005" lon="-99.1792327"/>
  <node id="10722402399" lat="19.4488874" lon="-99.1790989">
    <tag k="crossing" v="unmarked"/>
    <tag k="crossing:barrier" v="no"/>
    <tag k="railway" v="crossing"/>
  </node>
  <node id="10873388268" lat="19.4680955" lon="-99.1854745"/>
  <node id="10873388269" lat="19.4678657" lon="-99.1855182"/>
  <node id="10873388270" lat="19.4678603" lon="-99.1855055"/>
  <node id="10873388271" lat="19.4678516" lon="-99.1854952"/>
  <node id="10873388272" lat="19.4678403" lon="-99.1854883"/>
  <node id="10873388273" lat="19.4677835" lon="-99.1855273"/>
  <node id="10873388274" lat="19.4677852" lon="-99.1855425"/>
  <node id="10873388275" lat="19.4677916" lon="-99.1855561"/>
  <node id="10873388276" lat="19.4678021" lon="-99.1855666"/>
  <node id="10873388277" lat="19.4678152" lon="-99.1855728"/>
  <node id="10873388278" lat="19.4678275" lon="-99.1854854"/>
  <node id="10873388279" lat="19.4678145" lon="-99.1854868"/>
  <node id="10873388280" lat="19.4678025" lon="-99.1854925"/>
  <node id="10873388281" lat="19.4677928" lon="-99.1855017"/>
  <node id="10873388282" lat="19.4677862" lon="-99.1855137"/>
  <node id="10873388283" lat="19.4678296" lon="-99.1855738"/>
  <node id="10873388284" lat="19.4678435" lon="-99.1855697"/>
  <node id="10873388285" lat="19.4678551" lon="-99.1855608"/>
  <node id="10873388286" lat="19.4678633" lon="-99.1855482"/>
  <node id="10873388287" lat="19.4678669" lon="-99.1855334"/>
  <node id="10873388288" lat="19.4675364" lon="-99.1855828"/>
  <node id="10873388289" lat="19.4677982" lon="-99.1852907"/>
  <node id="10873388290" lat="19.4678424" lon="-99.1857392"/>
  <node id="10873388291" lat="19.4680898" lon="-99.1856859"/>
  <node id="10873388292" lat="19.4680446" lon="-99.1852575"/>
  <node id="10873388293" lat="19.4675498" lon="-99.1853742"/>
  <node id="10873388294" lat="19.4675762" lon="-99.1857550"/>
  <node id="10873388295" lat="19.4678002" lon="-99.1853151"/>
  <node id="10873388296" lat="19.4680680" lon="-99.1854797"/>
  <node id="10873388297" lat="19.4675640" lon="-99.1855784"/>
  <node id="10873388298" lat="19.4678408" lon="-99.1857194"/>
  <node id="10873388299" lat="19.4675268" lon="-99.1857531"/>
  <node id="10873388300" lat="19.4674946" lon="-99.1853852"/>
  <node id="10873388301" lat="19.4670704" lon="-99.1854298"/>
  <node id="10873388302" lat="19.4670801" lon="-99.1857826"/>
  <node id="10873388303" lat="19.4675121" lon="-99.1855853"/>
  <node id="10873388304" lat="19.4672971" lon="-99.1856018"/>
  <node id="10873400505" lat="19.4673045" lon="-99.1857678"/>
  <node id="10873400506" lat="19.4673071" lon="-99.1857974"/>
  <node id="10881941964" lat="19.4604736" lon="-99.1872960"/>
  <node id="10913560142" lat="19.4582049" lon="-99.1827821">
    <tag k="highway" v="crossing"/>
  </node>
  <node id="10913560146" lat="19.4488644" lon="-99.1716696"/>
  <node id="11108612856" lat="19.4709947" lon="-99.1819133"/>
  <node id="11293471427" lat="19.4480207" lon="-99.1800847"/>
  <node id="11293471428" lat="19.4476668" lon="-99.1805290"/>
  <node id="11293477017" lat="19.4522444" lon="-99.1748537"/>
  <node id="11293495743" lat="19.4497088" lon="-99.1779971"/>
  <node id="11293495744" lat="19.4492500" lon="-99.1785226"/>
  <node id="11293495745" lat="19.4486257" lon="-99.1793130"/>
  <node id="11293495746" lat="19.4485712" lon="-99.1794062"/>
  <node id="11293495747" lat="19.4480488" lon="-99.1800533"/>
  <node id="11293495748" lat="19.4480823" lon="-99.1800272"/>
  <node id="11293495749" lat="19.4495072" lon="-99.1782106"/>
  <node id="11293495750" lat="19.4475981" lon="-99.1806556"/>
  <node id="11513219683" lat="19.4485237" lon="-99.1827133"/>
  <node id="11513219684" lat="19.4483651" lon="-99.1825836">
    <tag k="highway" v="traffic_signals"/>
    <tag k="traffic_signals" v="signal"/>
  </node>
  <node id="11513219685" lat="19.4483212" lon="-99.1825478">
    <tag k="cycleway" v="asl"/>
  </node>
  <node id="11514661658" lat="19.4515354" lon="-99.1849459"/>
  <node id="11514661659" lat="19.4517238" lon="-99.1851048">
    <tag k="highway" v="traffic_signals"/>
    <tag k="traffic_signals" v="signal"/>
  </node>
  <node id="11514661660" lat="19.4517637" lon="-99.1851384">
    <tag k="cycleway" v="asl"/>
  </node>
  <node id="11553024168" lat="19.4554449" lon="-99.1790720">
    <tag k="traffic_calming" v="bump"/>
  </node>
  <node id="11553076688" lat="19.4553019" lon="-99.1787225">
    <tag k="traffic_calming" v="hump"/>
  </node>
  <node id="11553076689" lat="19.4551881" lon="-99.1785981">
    <tag k="crossing" v="uncontrolled"/>
    <tag k="crossing:markings" v="yes"/>
    <tag k="highway" v="crossing"/>
  </node>
  <node id="11553076690" lat="19.4552670" lon="-99.1785137">
    <tag k="crossing" v="uncontrolled"/>
    <tag k="crossing:markings" v="yes"/>
    <tag k="highway" v="crossing"/>
  </node>
  <node id="11553076717" lat="19.4551992" lon="-99.1791843">
    <tag k="traffic_calming" v="bump"/>
  </node>
  <node id="11553076740" lat="19.4553133" lon="-99.1796907">
    <tag k="crossing" v="uncontrolled"/>
    <tag k="crossing:markings" v="yes"/>
    <tag k="highway" v="crossing"/>
  </node>
  <node id="11553076747" lat="19.4551331" lon="-99.1791999">
    <tag k="direction" v="forward"/>
    <tag k="highway" v="stop"/>
  </node>
  <node id="11553076760" lat="19.4552806" lon="-99.1797018">
    <tag k="traffic_calming" v="hump"/>
  </node>
  <node id="11553076772" lat="19.4557138" lon="-99.1794694"/>
  <node id="11553076773" lat="19.4554954" lon="-99.1795594"/>
  <node id="11553076774" lat="19.4553371" lon="-99.1796272"/>
  <node id="11553076777" lat="19.4553693" lon="-99.1796134"/>
  <node id="11553076778" lat="19.4552340" lon="-99.1792512"/>
  <node id="11553076793" lat="19.4552552" lon="-99.1793080"/>
  <node id="11553076816" lat="19.4562202" lon="-99.1790093"/>
  <node id="11553076817" lat="19.4563239" lon="-99.1791945"/>
  <node id="11553076818" lat="19.4564102" lon="-99.1791402"/>
  <node id="11553076819" lat="19.4564405" lon="-99.1791944"/>
  <node id="11553076820" lat="19.4558910" lon="-99.1792123">
    <tag k="crossing" v="uncontrolled"/>
    <tag k="crossing:markings" v="yes"/>
    <tag k="highway" v="crossing"/>
  </node>
  <node id="11553076821" lat="19.4559005" lon="-99.1792069">
    <tag k="direction" v="forward"/>
    <tag k="highway" v="give_way"/>
  </node>
  <node id="11553076826" lat="19.4554154" lon="-99.1791802"/>
  <node id="11553076827" lat="19.4554970" lon="-99.1793738"/>
  <node id="11553076828" lat="19.4555577" lon="-99.1795315"/>
  <node id="11553076829" lat="19.4555427" lon="-99.1793621"/>
  <node id="11553076830" lat="19.4556372" lon="-99.1793144"/>
  <node id="11680363319" lat="19.4682879" lon="-99.1767910"/>
  <node id="11680363320" lat="19.4679072" lon="-99.1766164"/>
  <node id="11680363321" lat="19.4678168" lon="-99.1764733"/>
  <node id="11680363322" lat="19.4679937" lon="-99.1761063"/>
  <node id="11680363323" lat="19.4681033" lon="-99.1760010"/>
  <node id="11680363325" lat="19.4681622" lon="-99.1758994"/>
  <node id="11680363326" lat="19.4683672" lon="-99.1758829"/>
  <node id="11680363328" lat="19.4686346" lon="-99.1760544"/>
  <node id="11680363329" lat="19.4686784" lon="-99.1761677"/>
  <node id="11680363330" lat="19.4686213" lon="-99.1763734"/>
  <node id="11680363331" lat="19.4685444" lon="-99.1764534"/>
  <node id="11680363332" lat="19.4684695" lon="-99.1766205"/>
  <node id="11727426099" lat="19.4560718" lon="-99.1740928"/>
  <node id="11774677141" lat="19.4440315" lon="-99.1852053">
    <tag k="crossing" v="uncontrolled"/>
    <tag k="highway" v="crossing"/>
  </node>
  <node id="11774693737" lat="19.4501021" lon="-99.1774965"/>
  <node id="11774694389" lat="19.4439340" lon="-99.1852215">
    <tag k="crossing" v="uncontrolled"/>
    <tag k="highway" v="crossing"/>
  </node>
  <node id="11774709782" lat="19.4502257" lon="-99.1773391">
    <tag k="direction" v="backward"/>
    <tag k="highway" v="stop"/>
  </node>
  <node id="11774709783" lat="19.4499633" lon="-99.1776887"/>
  <node id="11774709784" lat="19.4499422" lon="-99.1775446"/>
  <node id="11774709785" lat="19.4498839" lon="-99.1777858"/>
  <node id="11774709786" lat="19.4498514" lon="-99.1775613"/>
  <node id="11774709787" lat="19.4498079" lon="-99.1778787"/>
  <node id="11774709788" lat="19.4497641" lon="-99.1775773"/>
  <node id="11774766226" lat="19.4488264" lon="-99.1786362"/>
  <node id="11774768411" lat="19.4488810" lon="-99.1790332">
    <tag k="crossing" v="unmarked"/>
    <tag k="crossing:barrier" v="no"/>
    <tag k="railway" v="crossing"/>
  </node>
  <node id="11774768412" lat="19.4488938" lon="-99.1791645">
    <tag k="crossing" v="unmarked"/>
    <tag k="crossing:barrier" v="no"/>
    <tag k="railway" v="crossing"/>
  </node>
  <node id="12025138983" lat="19.4565997" lon="-99.1844738">
    <tag k="barrier" v="block"/>
  </node>
  <node id="12030019754" lat="19.4624261" lon="-99.1904212">
    <tag k="highway" v="crossing"/>
  </node>
  <node id="12030019755" lat="19.4624583" lon="-99.1904314">
    <tag k="highway" v="crossing"/>
  </node>
  <node id="12030019756" lat="19.4625443" lon="-99.1904584"/>
  <node id="12030019757" lat="19.4627368" lon="-99.1904550">
    <tag k="railway" v="crossing"/>
  </node>
  <node id="12030019758" lat="19.4626964" lon="-99.1904802">
    <tag k="railway" v="crossing"/>
  </node>
  <node id="12030051907" lat="19.4608052" lon="-99.1885976"/>
  <node id="12030051908" lat="19.4626274" lon="-99.1904317">
    <tag k="railway" v="crossing"/>
  </node>
  <node id="12030051909" lat="19.4625985" lon="-99.1904410">
    <tag k="railway" v="crossing"/>
  </node>
  <node id="12030051910" lat="19.4614944" lon="-99.1899619">
    <tag k="railway" v="crossing"/>
  </node>
  <node id="12031527807" lat="19.4626909" lon="-99.1860040"/>
  <node id="12031527808" lat="19.4629901" lon="-99.1862944"/>
  <node id="12031527809" lat="19.4631296" lon="-99.1866277"/>
  <node id="12031527810" lat="19.4628296" lon="-99.1860254"/>
  <node id="12031527811" lat="19.4627278" lon="-99.1860812"/>
  <node id="12031527812" lat="19.4626869" lon="-99.1859962"/>
  <node id="12031527813" lat="19.4627795" lon="-99.1859688"/>
  <node id="12031527814" lat="19.4627970" lon="-99.1859715"/>
  <node id="12031527815" lat="19.4628182" lon="-99.1860319"/>
  <node id="12031527816" lat="19.4611648" lon="-99.1862808"/>
  <node id="12031527817" lat="19.4610877" lon="-99.1858768"/>
  <node id="12031529497" lat="19.4602227" lon="-99.1909400"/>
  <node id="12031529504" lat="19.4609754" lon="-99.1899512"/>
  <node id="12031529505" lat="19.4609402" lon="-99.1902158"/>
  <node id="12031529506" lat="19.4607531" lon="-99.1904327"/>
  <node id="12031530701" lat="19.4592268" lon="-99.1881303"/>
  <node id="12031530702" lat="19.4591382" lon="-99.1876408"/>
  <node id="12031530703" lat="19.4590409" lon="-99.1872103"/>
  <node id="12031530704" lat="19.4588922" lon="-99.1868359"/>
  <node id="12031530705" lat="19.4587450" lon="-99.1863922"/>
  <node id="12031530706" lat="19.4585930" lon="-99.1856464"/>
  <node id="12031530707" lat="19.4589907" lon="-99.1870712"/>
  <node id="12031530708" lat="19.4593333" lon="-99.1891545"/>
  <node id="12031530712" lat="19.4585866" lon="-99.1887447"/>
  <node id="12031530713" lat="19.4584788" lon="-99.1886656"/>
  <node id="12031530714" lat="19.4583560" lon="-99.1886476"/>
  <node id="12031530715" lat="19.4582421" lon="-99.1886901"/>
  <node id="12031530716" lat="19.4581678" lon="-99.1887864"/>
  <node id="12031530717" lat="19.4581377" lon="-99.1889087"/>
  <node id="12031530718" lat="19.4581639" lon="-99.1890386"/>
  <node id="12123579867" lat="19.4542426" lon="-99.1970952"/>
  <node id="12124103357" lat="19.4688848" lon="-99.1757623"/>
  <node id="12124103358" lat="19.4690140" lon="-99.1757349"/>
  <node id="12124103359" lat="19.4690306" lon="-99.1757437"/>
  <node id="12124103360" lat="19.4690836" lon="-99.1759859"/>
  <node id="12125894522" lat="19.4608655" lon="-99.1710726"/>
  <node id="12125894533" lat="19.4609058" lon="-99.1712999"/>
  <node id="12126434938" lat="19.4593772" lon="-99.1776288"/>
  <node id="12126434939" lat="19.4593759" lon="-99.1776435"/>
  <node id="12126434940" lat="19.4593633" lon="-99.1776516"/>
  <node id="12126434941" lat="19.4590358" lon="-99.1768576">
    <tag k="barrier" v="gate"/>
  </node>
  <node id="12126434942" lat="19.4604710" lon="-99.1772063">
    <tag k="barrier" v="gate"/>
  </node>
  <node id="12126434943" lat="19.4590901" lon="-99.1775630"/>
  <node id="12126434944" lat="19.4591331" lon="-99.1775335"/>
  <node id="12126434945" lat="19.4591002" lon="-99.1776636"/>
  <node id="12126434946" lat="19.4591078" lon="-99.1776837"/>
  <node id="12126434947" lat="19.4591230" lon="-99.1776891"/>
  <node id="12126434948" lat="19.4593540" lon="-99.1775110"/>
  <node id="12126434949" lat="19.4590288" lon="-99.1767931"/>
  <node id="12126434950" lat="19.4591091" lon="-99.1773847"/>
  <node id="12126434951" lat="19.4591420" lon="-99.1775483"/>
  <node id="12126434952" lat="19.4591584" lon="-99.1775483"/>
  <node id="12126434953" lat="19.4596149" lon="-99.1774625"/>
  <node id="12126434954" lat="19.4597894" lon="-99.1774061"/>
  <node id="12126434955" lat="19.4601536" lon="-99.1773257"/>
  <node id="12126434956" lat="19.4601991" lon="-99.1773149"/>
  <node id="12126434957" lat="19.4605266" lon="-99.1771862"/>
  <node id="12126491729" lat="19.4556329" lon="-99.1811699">
    <tag k="barrier" v="gate"/>
  </node>
  <node id="12126491730" lat="19.4556649" lon="-99.1811968"/>
  <node id="12126491731" lat="19.4557461" lon="-99.1813476"/>
  <node id="12126491732" lat="19.4556848" lon="-99.1812105"/>
  <node id="12126491733" lat="19.4556759" lon="-99.1812028"/>
  <node id="12126491734" lat="19.4556494" lon="-99.1811901"/>
  <node id="12126491735" lat="19.4556393" lon="-99.1811800"/>
  <node id="12126614911" lat="19.4703236" lon="-99.1884609">
    <tag k="barrier" v="lift_gate"/>
  </node>
  <node id="12126614912" lat="19.4698892" lon="-99.1884293">
    <tag k="barrier" v="lift_gate"/>
  </node>
  <node id="12126614913" lat="19.4703021" lon="-99.1881175"/>
  <node id="12126614914" lat="19.4702945" lon="-99.1881014"/>
  <node id="12126614915" lat="19.4702818" lon="-99.1880934"/>
  <node id="12126614916" lat="19.4701870" lon="-99.1880961"/>
  <node id="12126614917" lat="19.4701731" lon="-99.1881014"/>
  <node id="12126614918" lat="19.4701642" lon="-99.1881189"/>
  <node id="12126614919" lat="19.4701883" lon="-99.1884018"/>
  <node id="12126614920" lat="19.4703362" lon="-99.1885554"/>
  <node id="12126614921" lat="19.4703172" lon="-99.1883898"/>
  <node id="12126614922" lat="19.4697879" lon="-99.1884368"/>
  <node id="12126628511" lat="19.4648890" lon="-99.1814093"/>
  <node id="12126628512" lat="19.4647891" lon="-99.1811022"/>
  <node id="12720771427" lat="19.4562045" lon="-99.1901453"/>
  <node id="12720771428" lat="19.4563373" lon="-99.1901112"/>
  <node id="13971763804" lat="19.4538749" lon="-99.1767125"/>
  <node id="13971763814" lat="19.4569050" lon="-99.1808996"/>
  <node id="13971763825" lat="19.4587268" lon="-99.1851427"/>
  <node id="13971763858" lat="19.4516369" lon="-99.1733949"/>
  <node id="13971763859" lat="19.4515781" lon="-99.1733713">
    <tag k="highway" v="crossing"/>
  </node>
  <node id="13971763863" lat="19.4534281" lon="-99.1760628">
    <tag k="highway" v="crossing"/>
  </node>
  <node id="13971763864" lat="19.4543508" lon="-99.1774235">
    <tag k="highway" v="crossing"/>
  </node>
  <node id="13971763865" lat="19.4543914" lon="-99.1774857"/>
  <node id="13971763866" lat="19.4547534" lon="-99.1778934">
    <tag k="highway" v="crossing"/>
  </node>
  <node id="13971763867" lat="19.4553398" lon="-99.1785037">
    <tag k="highway" v="crossing"/>
  </node>
  <node id="13971763868" lat="19.4558829" lon="-99.1792168">
    <tag k="highway" v="crossing"/>
  </node>
  <node id="13971763869" lat="19.4558692" lon="-99.1792246"/>
  <node id="13971763870" lat="19.4559182" lon="-99.1791969"/>
  <node id="13971763871" lat="19.4561094" lon="-99.1796695">
    <tag k="highway" v="crossing"/>
  </node>
  <node id="13971763872" lat="19.4562511" lon="-99.1799508">
    <tag k="highway" v="crossing"/>
  </node>
  <node id="13971763873" lat="19.4564807" lon="-99.1803515">
    <tag k="highway" v="crossing"/>
  </node>
  <node id="13971763874" lat="19.4565645" lon="-99.1804658">
    <tag k="highway" v="crossing"/>
  </node>
  <node id="13971763875" lat="19.4570013" lon="-99.1810229">
    <tag k="highway" v="crossing"/>
  </node>
  <node id="13971763877" lat="19.4576149" lon="-99.1817993">
    <tag k="highway" v="crossing"/>
  </node>
  <node id="13971763878" lat="19.4579326" lon="-99.1821990">
    <tag k="highway" v="crossing"/>
  </node>
  <node id="13971763879" lat="19.4584689" lon="-99.1839632">
    <tag k="highway" v="crossing"/>
  </node>
  <node id="13971763880" lat="19.4592733" lon="-99.1878400"/>
  <node id="13971763881" lat="19.4592060" lon="-99.1875449"/>
  <node id="13971763882" lat="19.4592854" lon="-99.1874500"/>
  <node id="13971763883" lat="19.4594527" lon="-99.1881871"/>
  <node id="13971763884" lat="19.4592399" lon="-99.1872152"/>
  <node id="13971763885" lat="19.4592050" lon="-99.1870838"/>
  <node id="13971763886" lat="19.4591333" lon="-99.1869020"/>
  <node id="13971763887" lat="19.4590436" lon="-99.1866533"/>
  <node id="13971763888" lat="19.4589399" lon="-99.1863451"/>
  <node id="13971763889" lat="19.4588690" lon="-99.1857440"/>
  <node id="13971763890" lat="19.4588826" lon="-99.1857412"/>
  <node id="13971763891" lat="19.4586263" lon="-99.1858099"/>
  <node id="13971763892" lat="19.4582984" lon="-99.1838867"/>
  <node id="13971763893" lat="19.4580161" lon="-99.1827013"/>
  <node id="13971763894" lat="19.4578746" lon="-99.1824194"/>
  <node id="13971763896" lat="19.4567992" lon="-99.1810431"/>
  <node id="13971763897" lat="19.4556400" lon="-99.1791098"/>
  <node id="13971763898" lat="19.4556362" lon="-99.1788058"/>
  <node id="13971763899" lat="19.4556189" lon="-99.1788235"/>
  <node id="13971763901" lat="19.4553209" lon="-99.1784510"/>
  <node id="13971763902" lat="19.4551372" lon="-99.1786558"/>
  <node id="13971763903" lat="19.4553059" lon="-99.1784684"/>
  <node id="13971763904" lat="19.4544347" lon="-99.1777768"/>
  <node id="13971763905" lat="19.4538611" lon="-99.1766605"/>
  <node id="13971763922" lat="19.4538472" lon="-99.1766707"/>
  <node id="13971784002" lat="19.4589303" lon="-99.1868251"/>
  <node id="13971784005" lat="19.4588410" lon="-99.1867334"/>
  <node id="13971784006" lat="19.4586549" lon="-99.1858022"/>
  <node id="13971784007" lat="19.4586171" lon="-99.1856390"/>
  <node id="13971784008" lat="19.4585376" lon="-99.1852946"/>
  <node id="13971784011" lat="19.4583948" lon="-99.1846503"/>
  <node id="13971784012" lat="19.4583616" lon="-99.1846579"/>
  <node id="13971784013" lat="19.4586049" lon="-99.1846033"/>
  <node id="13971784014" lat="19.4582905" lon="-99.1841126"/>
  <node id="13971784016" lat="19.4580060" lon="-99.1829666"/>
  <node id="13971784019" lat="19.4577527" lon="-99.1823490"/>
  <node id="13971784020" lat="19.4577012" lon="-99.1822799"/>
  <node id="13971784021" lat="19.4575492" lon="-99.1820797"/>
  <node id="13971784022" lat="19.4573382" lon="-99.1818220"/>
  <node id="13971784024" lat="19.4572003" lon="-99.1815491"/>
  <node id="13971784030" lat="19.4563659" lon="-99.1805924"/>
  <node id="13971784031" lat="19.4562838" lon="-99.1804829"/>
  <node id="13971784033" lat="19.4560434" lon="-99.1800358"/>
  <node id="13971784034" lat="19.4557754" lon="-99.1794943"/>
  <node id="13971784039" lat="19.4552459" lon="-99.1787455"/>
  <node id="13971784040" lat="19.4551506" lon="-99.1786406"/>
  <node id="13971784042" lat="19.4549504" lon="-99.1784311"/>
  <node id="13971784043" lat="19.4547493" lon="-99.1782165"/>
  <node id="13971784049" lat="19.4532975" lon="-99.1763023"/>
  <node id="13971784051" lat="19.4528772" lon="-99.1756827"/>
  <node id="13971784203" lat="19.4488644" lon="-99.1716487">
    <tag k="highway" v="crossing"/>
  </node>
  <node id="13971784204" lat="19.4536541" lon="-99.1768227"/>
  <node id="13971784205" lat="19.4542317" lon="-99.1776233"/>
  <node id="13971784206" lat="19.4550042" lon="-99.1784877">
    <tag k="highway" v="crossing"/>
  </node>
  <node id="13971784207" lat="19.4549789" lon="-99.1784610">
    <tag k="highway" v="crossing"/>
  </node>
  <node id="13971784208" lat="19.4555142" lon="-99.1790431">
    <tag k="highway" v="crossing"/>
  </node>
  <node id="13971784209" lat="19.4554609" lon="-99.1789755"/>
  <node id="14038602933" lat="19.4685628" lon="-99.1752563"/>
  <node id="14044835698" lat="19.4621143" lon="-99.1777000"/>
  <node id="14044835699" lat="19.4619884" lon="-99.1777051"/>
  <way id="4856186">
    <nd ref="271607712"/>
    <nd ref="13971784030"/>
    <nd ref="7918257953"/>
    <nd ref="6136109697"/>
    <nd ref="7873706159"/>
    <tag k="bus:lanes" v="||designated"/>
    <tag k="highway" v="secondary"/>
    <tag k="lanes" v="3"/>
    <tag k="maxspeed" v="50"/>
    <tag k="maxspeed:type" v="sign"/>
    <tag k="name" v="Calzada General Mariano Escobedo"/>
    <tag k="oneway" v="yes"/>
    <tag k="surface" v="asphalt"/>
    <tag k="trolley_wire" v="yes"/>
  </way>
  <way id="8119476">
    <nd ref="271528181"/>
    <nd ref="271529655"/>
    <nd ref="4598003693"/>
    <nd ref="1970822643"/>
    <nd ref="2816993136"/>
    <nd ref="1932895735"/>
    <nd ref="4598003593"/>
    <nd ref="4598957677"/>
    <nd ref="1932895736"/>
    <nd ref="4598957667"/>
    <nd ref="4598762386"/>
    <nd ref="4598762387"/>
    <nd ref="6363873835"/>
    <nd ref="7913445279"/>
    <nd ref="385635305"/>
    <nd ref="385635297"/>
    <nd ref="8256895040"/>
    <nd ref="385635298"/>
    <nd ref="372453562"/>
    <nd ref="372453537"/>
    <nd ref="2941322759"/>
    <nd ref="8256895038"/>
    <nd ref="372453558"/>
    <nd ref="372453449"/>
    <nd ref="372453413"/>
    <nd ref="4228921542"/>
    <nd ref="372453357"/>
    <nd ref="4228921580"/>
    <nd ref="372453378"/>
    <nd ref="372453368"/>
    <nd ref="372452974"/>
    <nd ref="1932895753"/>
    <nd ref="372452978"/>
    <nd ref="8931272360"/>
    <nd ref="4228923489"/>
    <nd ref="8931272362"/>
    <nd ref="8931272361"/>
    <tag k="highway" v="secondary"/>
    <tag k="lanes" v="2"/>
    <tag k="maxspeed" v="50"/>
    <tag k="maxspeed:type" v="sign"/>
    <tag k="name" v="Avenida 5 de Mayo"/>
    <tag k="oneway" v="yes"/>
    <tag k="surface" v="asphalt"/>
  </way>
  <way id="8640976">
    <nd ref="1417791872"/>
    <nd ref="13971763880"/>
    <nd ref="13971763881"/>
    <nd ref="2377718543"/>
    <nd ref="10722294315"/>
    <nd ref="7918185959"/>
    <nd ref="372949736"/>
    <nd ref="8140941504"/>
    <nd ref="7918185957"/>
    <nd ref="7918185956"/>
    <nd ref="372949052"/>
    <nd ref="13971763892"/>
    <nd ref="372949057"/>
    <nd ref="7869424139"/>
    <nd ref="13971763893"/>
    <nd ref="7918513864"/>
    <nd ref="13971763894"/>
    <nd ref="1865202538"/>
    <nd ref="8000582642"/>
    <nd ref="372949159"/>
    <nd ref="8142306462"/>
    <nd ref="13971784024"/>
    <nd ref="13971763896"/>
    <nd ref="271607712"/>
    <tag k="alt_name" v="MEX-Tacuba"/>
    <tag k="cycleway:left" v="no"/>
    <tag k="cycleway:right" v="track"/>
    <tag k="highway" v="secondary"/>
    <tag k="lanes" v="3"/>
    <tag k="maxspeed" v="50"/>
    <tag k="maxspeed:type" v="sign"/>
    <tag k="name" v="Calzada México - Tacuba"/>
    <tag k="oneway" v="yes"/>
    <tag k="surface" v="asphalt"/>
  </way>
  <way id="8837240">
    <nd ref="271592329"/>
    <nd ref="271592336"/>
    <nd ref="7873349041"/>
    <nd ref="1417791889"/>
    <nd ref="7873349040"/>
    <nd ref="7873349039"/>
    <nd ref="1417791890"/>
    <nd ref="7873349038"/>
    <nd ref="7873349037"/>
    <nd ref="7872732120"/>
    <nd ref="7873349036"/>
    <nd ref="7873349035"/>
    <nd ref="1932723177"/>
    <nd ref="7873349034"/>
    <nd ref="1932723178"/>
    <nd ref="7873349033"/>
    <nd ref="7873349032"/>
    <nd ref="1417791893"/>
    <nd ref="7873349031"/>
    <nd ref="2859139303"/>
    <nd ref="7873349030"/>
    <nd ref="2859139307"/>
    <nd ref="7873349029"/>
    <nd ref="7873349028"/>
    <nd ref="2859139309"/>
    <nd ref="7873349027"/>
    <nd ref="7873349026"/>
    <nd ref="7873349025"/>
    <nd ref="2859139310"/>
    <tag k="bridge" v="yes"/>
    <tag k="destination" v="Naucalpan"/>
    <tag k="highway" v="motorway_link"/>
    <tag k="lanes" v="1"/>
    <tag k="layer" v="1"/>
    <tag k="oneway" v="yes"/>
    <tag k="surface" v="asphalt"/>
  </way>
  <way id="8838817">
    <nd ref="1932723171"/>
    <nd ref="1932723167"/>
    <nd ref="7873374256"/>
    <nd ref="63998737"/>
    <nd ref="7873374255"/>
    <nd ref="7873374254"/>
    <nd ref="7873374253"/>
    <nd ref="63998739"/>
    <nd ref="7873374252"/>
    <nd ref="7873374251"/>
    <nd ref="7873374250"/>
    <nd ref="271593017"/>
    <nd ref="1417791870"/>
    <tag k="bridge" v="yes"/>
    <tag k="destination" v="Calzada Legaría"/>
    <tag k="highway" v="motorway_link"/>
    <tag k="lanes" v="2"/>
    <tag k="layer" v="1"/>
    <tag k="oneway" v="yes"/>
    <tag k="surface" v="asphalt"/>
  </way>
  <way id="8839551">
    <nd ref="31319297"/>
    <nd ref="64011083"/>
    <nd ref="956656261"/>
    <nd ref="1417791898"/>
    <nd ref="1932723180"/>
    <tag k="bridge" v="yes"/>
    <tag k="destination" v="Naucalpan"/>
    <tag k="highway" v="motorway_link"/>
    <tag k="lanes" v="1"/>
    <tag k="layer" v="1"/>
    <tag k="oneway" v="yes"/>
    <tag k="surface" v="asphalt"/>
  </way>
  <way id="24984048">
    <nd ref="31319302"/>
    <nd ref="31319304"/>
    <nd ref="1417791928"/>
    <tag k="bridge" v="yes"/>
    <tag k="highway" v="motorway"/>
    <tag k="lanes" v="3"/>
    <tag k="layer" v="1"/>
    <tag k="maxspeed" v="80"/>
    <tag k="maxspeed:type" v="sign"/>
    <tag k="name" v="Avenida Aquiles Serdán"/>
    <tag k="oneway" v="yes"/>
    <tag k="ref" v="RADIAL 6"/>
    <tag k="surface" v="asphalt"/>
  </way>
  <way id="24984074">
    <nd ref="271529556"/>
    <nd ref="271529555"/>
    <nd ref="6099310296"/>
    <nd ref="1404444946"/>
    <nd ref="1404444921"/>
    <nd ref="2938268489"/>
    <nd ref="2377733917"/>
    <nd ref="385638880"/>
    <nd ref="2377736123"/>
    <nd ref="1404444982"/>
    <nd ref="2459309458"/>
    <nd ref="1404444949"/>
    <nd ref="1404444969"/>
    <nd ref="1404444970"/>
    <nd ref="6100641259"/>
    <nd ref="6100641261"/>
    <nd ref="10245458451"/>
    <nd ref="8861557945"/>
    <tag k="bus:lanes" v="|designated"/>
    <tag k="highway" v="tertiary"/>
    <tag k="lanes" v="2"/>
    <tag k="maxspeed" v="40"/>
    <tag k="maxspeed:type" v="sign"/>
    <tag k="name" v="Avenida Aquiles Serdán"/>
    <tag k="oneway" v="yes"/>
    <tag k="surface" v="asphalt"/>
  </way>
  <way id="24985115">
    <nd ref="271598818"/>
    <nd ref="1417722253"/>
    <nd ref="271598863"/>
    <tag k="alt_name" v="Avenida Marina Nacional"/>
    <tag k="highway" v="motorway"/>
    <tag k="lanes" v="3"/>
    <tag k="name" v="Avenida Aquiles Serdán"/>
    <tag k="oneway" v="yes"/>
    <tag k="surface" v="asphalt"/>
  </way>
  <way id="24985146">
    <nd ref="2859139310"/>
    <nd ref="7872732119"/>
    <nd ref="7873349024"/>
    <nd ref="7873349023"/>
    <nd ref="2859139306"/>
    <nd ref="2859139305"/>
    <nd ref="2859139304"/>
    <nd ref="2859139302"/>
    <nd ref="2859139308"/>
    <nd ref="7873349022"/>
    <nd ref="7873349021"/>
    <nd ref="7873349020"/>
    <nd ref="7873349019"/>
    <nd ref="2377718539"/>
    <nd ref="7873349018"/>
    <nd ref="61631984"/>
    <tag k="destination" v="Naucalpan"/>
    <tag k="highway" v="motorway_link"/>
    <tag k="lanes" v="1"/>
    <tag k="oneway" v="yes"/>
    <tag k="surface" v="asphalt"/>
  </way>
  <way id="24985154">
    <nd ref="1932723170"/>
    <nd ref="1932723175"/>
    <nd ref="7873349017"/>
    <nd ref="7873349016"/>
    <nd ref="1932723179"/>
    <nd ref="7873349015"/>
    <nd ref="63978475"/>
    <nd ref="7873349014"/>
    <nd ref="7873349013"/>
    <nd ref="1417791901"/>
    <nd ref="7873349012"/>
    <nd ref="7873349011"/>
    <nd ref="7873349010"/>
    <nd ref="1417791903"/>
    <nd ref="7873349009"/>
    <nd ref="7873349008"/>
    <nd ref="1417791905"/>
    <nd ref="63978478"/>
    <nd ref="7873349007"/>
    <nd ref="7873349006"/>
    <nd ref="7873349005"/>
    <nd ref="63978480"/>
    <nd ref="7873349004"/>
    <nd ref="7873349003"/>
    <nd ref="1417791908"/>
    <nd ref="7873349002"/>
    <nd ref="7873349001"/>
    <nd ref="63978482"/>
    <nd ref="7873349000"/>
    <nd ref="1417791904"/>
    <nd ref="7873348999"/>
    <nd ref="63978484"/>
    <nd ref="7873348998"/>
    <nd ref="7873348997"/>
    <nd ref="1417791896"/>
    <tag k="bridge" v="yes"/>
    <tag k="highway" v="motorway_link"/>
    <tag k="lanes" v="2"/>
    <tag k="layer" v="1"/>
    <tag k="oneway" v="yes"/>
    <tag k="surface" v="asphalt"/>
  </way>
  <way id="24985276">
    <nd ref="271599771"/>
    <nd ref="61639940"/>
    <tag k="destination" v="Insurgentes Centro"/>
    <tag k="highway" v="motorway_link"/>
    <tag k="lanes" v="1"/>
    <tag k="oneway" v="yes"/>
    <tag k="surface" v="asphalt"/>
  </way>
  <way id="24985286">
    <nd ref="271600756"/>
    <nd ref="7918143222"/>
    <nd ref="7918143223"/>
    <nd ref="10030266413"/>
    <nd ref="271601309"/>
    <tag k="highway" v="motorway_link"/>
    <tag k="lanes" v="2"/>
    <tag k="name" v="Calle Golfo de Australia"/>
    <tag k="oneway" v="yes"/>
    <tag k="surface" v="asphalt"/>
  </way>
  <way id="24985287">
    <nd ref="271600755"/>
    <nd ref="1417791866"/>
    <nd ref="12031530712"/>
    <nd ref="1417791865"/>
    <nd ref="12031530713"/>
    <nd ref="271600761"/>
    <nd ref="12031530714"/>
    <nd ref="271600760"/>
    <nd ref="12031530715"/>
    <nd ref="271600759"/>
    <nd ref="12031530716"/>
    <nd ref="1417791863"/>
    <nd ref="12031530717"/>
    <nd ref="1417791862"/>
    <nd ref="12031530718"/>
    <nd ref="271600758"/>
    <nd ref="271600570"/>
    <tag k="bridge" v="yes"/>
    <tag k="destination" v="Aquiles Serdan"/>
    <tag k="highway" v="motorway_link"/>
    <tag k="lanes" v="2"/>
    <tag k="layer" v="1"/>
    <tag k="oneway" v="yes"/>
    <tag k="surface" v="asphalt"/>
  </way>
  <way id="24985291">
    <nd ref="271598601"/>
    <nd ref="7873349042"/>
    <nd ref="7873349043"/>
    <nd ref="7873349044"/>
    <nd ref="1417722251"/>
    <nd ref="7873349045"/>
    <nd ref="271601281"/>
    <nd ref="372949008"/>
    <nd ref="372948643"/>
    <nd ref="10030266408"/>
    <nd ref="271601282"/>
    <tag k="highway" v="secondary"/>
    <tag k="maxspeed" v="40"/>
    <tag k="maxspeed:type" v="sign"/>
    <tag k="name" v="Avenida Marina Nacional"/>
    <tag k="oneway" v="yes"/>
    <tag k="surface" v="asphalt"/>
  </way>
  <way id="24985296">
    <nd ref="271601309"/>
    <nd ref="271601630"/>
    <nd ref="8144695762"/>
    <nd ref="957869370"/>
    <nd ref="10030266410"/>
    <nd ref="1480964215"/>
    <nd ref="4522213610"/>
    <nd ref="372949727"/>
    <nd ref="271601473"/>
    <nd ref="271601475"/>
    <nd ref="1417722250"/>
    <nd ref="1417722249"/>
    <nd ref="8750450025"/>
    <nd ref="1417722248"/>
    <tag k="highway" v="secondary"/>
    <tag k="lanes" v="2"/>
    <tag k="maxspeed" v="40"/>
    <tag k="maxspeed:type" v="sign"/>
    <tag k="name" v="Avenida Marina Nacional"/>
    <tag k="oneway" v="yes"/>
    <tag k="surface" v="asphalt"/>
  </way>
  <way id="24992905">
    <nd ref="394159293"/>
    <nd ref="271706622"/>
    <nd ref="394159255"/>
    <nd ref="394159254"/>
    <nd ref="394159237"/>
    <nd ref="271706623"/>
    <nd ref="394159231"/>
    <nd ref="271706625"/>
    <tag k="highway" v="tertiary"/>
    <tag k="lanes" v="2"/>
    <tag k="name" v="Avenida Biólogo Maximino Martínez"/>
    <tag k="oneway" v="yes"/>
    <tag k="surface" v="asphalt"/>
  </way>
  <way id="24992924">
    <nd ref="271707262"/>
    <nd ref="3050564911"/>
    <nd ref="271707261"/>
    <nd ref="8746869784"/>
    <nd ref="394159286"/>
    <nd ref="271707260"/>
    <nd ref="8153809834"/>
    <nd ref="394159292"/>
    <nd ref="394159295"/>
    <nd ref="394159297"/>
    <nd ref="394159301"/>
    <nd ref="12125894533"/>
    <nd ref="12125894522"/>
    <nd ref="271706884"/>
    <tag k="cycleway:left" v="no"/>
    <tag k="cycleway:right" v="track"/>
    <tag k="highway" v="tertiary"/>
    <tag k="lanes" v="2"/>
    <tag k="name" v="Avenida Biólogo Maximino Martínez"/>
    <tag k="oneway" v="yes"/>
    <tag k="surface" v="asphalt"/>
  </way>
  <way id="33063987">
    <nd ref="372948643"/>
    <nd ref="372948668"/>
    <nd ref="372948655"/>
    <nd ref="372949731"/>
    <nd ref="372948705"/>
    <nd ref="958684288"/>
    <nd ref="8505130829"/>
    <nd ref="372949755"/>
    <nd ref="372948626"/>
    <nd ref="372949145"/>
    <nd ref="372949357"/>
    <nd ref="1865195750"/>
    <tag k="highway" v="residential"/>
    <tag k="name" v="Calle Mar Negro"/>
    <tag k="oneway" v="yes"/>
    <tag k="surface" v="asphalt"/>
  </way>
  <way id="33063988">
    <nd ref="7869708887"/>
    <nd ref="7869708888"/>
    <nd ref="372948692"/>
    <nd ref="372949019"/>
    <nd ref="372948655"/>
    <tag k="highway" v="residential"/>
    <tag k="name" v="Calle Golfo de Vizcaya"/>
    <tag k="oneway" v="yes"/>
    <tag k="surface" v="asphalt"/>
  </way>
  <way id="33063989">
    <nd ref="372948662"/>
    <nd ref="372949014"/>
    <nd ref="372948668"/>
    <nd ref="372949746"/>
    <tag k="highway" v="residential"/>
    <tag k="name" v="Calle Golfo de México"/>
    <tag k="oneway" v="yes"/>
    <tag k="surface" v="asphalt"/>
  </way>
  <way id="33063990">
    <nd ref="7869686270"/>
    <nd ref="8747361290"/>
    <nd ref="7869686271"/>
    <nd ref="8747361291"/>
    <nd ref="8747361295"/>
    <nd ref="372948692"/>
    <nd ref="372948711"/>
    <nd ref="8505130828"/>
    <nd ref="7873270169"/>
    <tag k="highway" v="residential"/>
    <tag k="name" v="Calle Golfo de Riga"/>
    <tag k="oneway" v="yes"/>
    <tag k="surface" v="asphalt"/>
  </way>
  <way id="33063991">
    <nd ref="372948705"/>
    <nd ref="372949026"/>
    <nd ref="372948711"/>
    <nd ref="372948723"/>
    <nd ref="372948715"/>
    <tag k="highway" v="residential"/>
    <tag k="name" v="Calle Golfo de San Jorge"/>
    <tag k="oneway" v="yes"/>
    <tag k="surface" v="asphalt"/>
  </way>
  <way id="33063992">
    <nd ref="1417791860"/>
    <nd ref="6133467599"/>
    <nd ref="372948723"/>
    <nd ref="958684292"/>
    <tag k="alt_name" v="Calle Golfo de Sidra"/>
    <tag k="highway" v="residential"/>
    <tag k="name" v="Calle Mar Cantábrico"/>
    <tag k="oneway" v="yes"/>
    <tag k="surface" v="asphalt"/>
  </way>
  <way id="33063993">
    <nd ref="6137895770"/>
    <nd ref="11553076717"/>
    <nd ref="373110948"/>
    <nd ref="11553024168"/>
    <nd ref="10039665761"/>
    <nd ref="13971784208"/>
    <nd ref="1865202531"/>
    <tag k="highway" v="residential"/>
    <tag k="lanes" v="2"/>
    <tag k="maxspeed" v="20"/>
    <tag k="name" v="Calle Mar Blanco"/>
    <tag k="oneway" v="yes"/>
    <tag k="surface" v="asphalt"/>
  </way>
  <way id="33063994">
    <nd ref="372948790"/>
    <nd ref="372949471"/>
    <nd ref="372948783"/>
    <nd ref="1865202490"/>
    <tag k="highway" v="residential"/>
    <tag k="name" v="Calle Lago Garda"/>
    <tag k="oneway" v="yes"/>
    <tag k="surface" v="asphalt"/>
  </way>
  <way id="33063995">
    <nd ref="3430643832"/>
    <nd ref="8114191495"/>
    <nd ref="372949786"/>
    <nd ref="7866029919"/>
    <nd ref="7866029929"/>
    <nd ref="8114517494"/>
    <nd ref="8114517501"/>
    <nd ref="8134631692"/>
    <nd ref="372948797"/>
    <tag k="highway" v="residential"/>
    <tag k="name" v="Calle Lago Texcoco"/>
    <tag k="surface" v="asphalt"/>
  </way>
  <way id="33063998">
    <nd ref="372948824"/>
    <nd ref="372948909"/>
    <nd ref="8140727612"/>
    <nd ref="373110930"/>
    <nd ref="1932895502"/>
    <nd ref="372949866"/>
    <nd ref="7898725675"/>
    <nd ref="8142587976"/>
    <nd ref="372949707"/>
    <tag k="highway" v="tertiary"/>
    <tag k="lanes" v="2"/>
    <tag k="name" v="Calle Felipe Carrillo Puerto"/>
    <tag k="surface" v="asphalt"/>
  </way>
  <way id="33064000">
    <nd ref="372948897"/>
    <nd ref="372948903"/>
    <nd ref="372949500"/>
    <nd ref="372948892"/>
    <nd ref="372948886"/>
    <tag k="highway" v="residential"/>
    <tag k="name" v="Calle Lago Mayor"/>
    <tag k="oneway" v="yes"/>
    <tag k="surface" v="asphalt"/>
  </way>
  <way id="33064002">
    <nd ref="372948903"/>
    <nd ref="6133467610"/>
    <nd ref="372948913"/>
    <nd ref="372949588"/>
    <nd ref="8505130824"/>
    <nd ref="372948906"/>
    <tag k="highway" v="residential"/>
    <tag k="name" v="Primer Callejón Lago Mayor"/>
    <tag k="surface" v="asphalt"/>
  </way>
  <way id="33064003">
    <nd ref="380224297"/>
    <nd ref="6183047521"/>
    <nd ref="372948920"/>
    <nd ref="372948916"/>
    <nd ref="372949504"/>
    <nd ref="372948913"/>
    <nd ref="372948909"/>
    <tag k="highway" v="residential"/>
    <tag k="name" v="Calle Lago Constanza"/>
    <tag k="oneway" v="yes"/>
    <tag k="surface" v="asphalt"/>
  </way>
  <way id="33064008">
    <nd ref="1417722250"/>
    <nd ref="372949878"/>
    <nd ref="372949717"/>
    <tag k="highway" v="residential"/>
    <tag k="name" v="Calle Lago Michigan"/>
    <tag k="oneway" v="no"/>
    <tag k="surface" v="asphalt"/>
  </way>
  <way id="33064010">
    <nd ref="372948999"/>
    <nd ref="373110744"/>
    <nd ref="372949674"/>
    <nd ref="372949640"/>
    <nd ref="372949003"/>
    <nd ref="372949727"/>
    <tag k="highway" v="residential"/>
    <tag k="name" v="Calle Lago Superior"/>
    <tag k="oneway" v="yes"/>
    <tag k="surface" v="asphalt"/>
  </way>
  <way id="33064011">
    <nd ref="7873270155"/>
    <nd ref="372949026"/>
    <nd ref="372949019"/>
    <nd ref="372949014"/>
    <nd ref="372949008"/>
    <tag k="highway" v="residential"/>
    <tag k="name" v="Calle Golfo de Gabes"/>
    <tag k="oneway" v="yes"/>
    <tag k="surface" v="asphalt"/>
  </way>
  <way id="33064012">
    <nd ref="372949057"/>
    <nd ref="13971784016"/>
    <nd ref="372949064"/>
    <nd ref="372949068"/>
    <nd ref="372949072"/>
    <nd ref="372949076"/>
    <nd ref="372948626"/>
    <nd ref="372949082"/>
    <nd ref="372948731"/>
    <nd ref="5116384958"/>
    <nd ref="372949401"/>
    <nd ref="5116384967"/>
    <nd ref="372949085"/>
    <nd ref="1417791850"/>
    <nd ref="372949093"/>
    <tag k="highway" v="residential"/>
    <tag k="name" v="Calle Mar Tirreno"/>
    <tag k="oneway" v="yes"/>
    <tag k="surface" v="asphalt"/>
  </way>
  <way id="33064018">
    <nd ref="372949205"/>
    <nd ref="372949200"/>
    <nd ref="372949196"/>
    <nd ref="373110712"/>
    <nd ref="372949189"/>
    <nd ref="372949183"/>
    <nd ref="372949176"/>
    <nd ref="372949231"/>
    <nd ref="8747588853"/>
    <nd ref="372949337"/>
    <nd ref="8142256420"/>
    <nd ref="372949235"/>
    <nd ref="8141035636"/>
    <nd ref="372949287"/>
    <nd ref="372949282"/>
    <nd ref="8141035642"/>
    <nd ref="372949278"/>
    <nd ref="372949326"/>
    <nd ref="372949240"/>
    <nd ref="1865863095"/>
    <nd ref="372949260"/>
    <nd ref="8000756732"/>
    <nd ref="8000756739"/>
    <nd ref="1932895687"/>
    <nd ref="61470944"/>
    <tag k="highway" v="residential"/>
    <tag k="name" v="Calle Mar Mediterráneo"/>
    <tag k="oneway" v="yes"/>
    <tag k="surface" v="asphalt"/>
  </way>
  <way id="33064022">
    <nd ref="372949260"/>
    <nd ref="8000756735"/>
    <nd ref="7752793018"/>
    <tag k="highway" v="residential"/>
    <tag k="name" v="Calle Mar Okhotsk"/>
    <tag k="surface" v="asphalt"/>
  </way>
  <way id="33064023">
    <nd ref="372949240"/>
    <nd ref="13971763825"/>
    <nd ref="372949270"/>
    <tag k="highway" v="residential"/>
    <tag k="name" v="Calle Mar Arábigo"/>
    <tag k="oneway" v="yes"/>
    <tag k="surface" v="asphalt"/>
  </way>
  <way id="33064024">
    <nd ref="372949273"/>
    <nd ref="13971763879"/>
    <nd ref="372949278"/>
    <tag k="highway" v="residential"/>
    <tag k="name" v="Calle Mar Baffin"/>
    <tag k="oneway" v="yes"/>
    <tag k="surface" v="asphalt"/>
  </way>
  <way id="33064027">
    <nd ref="6311236715"/>
    <nd ref="394152018"/>
    <nd ref="394151994"/>
    <nd ref="373110718"/>
    <nd ref="372949221"/>
    <nd ref="372949292"/>
    <nd ref="6136109700"/>
    <nd ref="1865863091"/>
    <nd ref="372949287"/>
    <tag k="highway" v="residential"/>
    <tag k="name" v="Calle Venecia"/>
    <tag k="oneway" v="yes"/>
    <tag k="surface" v="asphalt"/>
  </way>
  <way id="33064028">
    <nd ref="8141035623"/>
    <nd ref="372949306"/>
    <nd ref="372949311"/>
    <nd ref="394153804"/>
    <tag k="highway" v="residential"/>
    <tag k="name" v="Calle Independencia"/>
  </way>
  <way id="33064029">
    <nd ref="394153648"/>
    <nd ref="372949311"/>
    <nd ref="372949315"/>
    <nd ref="1865863104"/>
    <nd ref="6135326928"/>
    <nd ref="1865863095"/>
    <tag k="highway" v="residential"/>
    <tag k="name" v="Calle Libertad"/>
    <tag k="surface" v="asphalt"/>
  </way>
  <way id="33064031">
    <nd ref="372949326"/>
    <nd ref="372949330"/>
    <tag k="highway" v="service"/>
    <tag k="name" v="Calle Mar Berhing"/>
    <tag k="service" v="alley"/>
    <tag k="surface" v="asphalt"/>
  </way>
  <way id="33064032">
    <nd ref="372949348"/>
    <nd ref="13971763877"/>
    <nd ref="372949337"/>
    <tag k="highway" v="residential"/>
    <tag k="name" v="Calle Mar Hudson"/>
    <tag k="oneway" v="yes"/>
    <tag k="surface" v="asphalt"/>
  </way>
  <way id="33064033">
    <nd ref="372949352"/>
    <nd ref="372949407"/>
    <nd ref="958684297"/>
    <nd ref="372949364"/>
    <nd ref="372949357"/>
    <tag k="highway" v="residential"/>
    <tag k="name" v="Calle Mar Jónico"/>
    <tag k="oneway" v="yes"/>
    <tag k="surface" v="asphalt"/>
  </way>
  <way id="33064034">
    <nd ref="372949360"/>
    <nd ref="372949364"/>
    <nd ref="372949370"/>
    <nd ref="372949082"/>
    <nd ref="372949380"/>
    <nd ref="372949375"/>
    <tag k="highway" v="residential"/>
    <tag k="name" v="Calle Mar Azov"/>
    <tag k="note" v="Slight spelling difference in INEGI vs OSM data"/>
    <tag k="oneway" v="yes"/>
    <tag k="surface" v="asphalt"/>
  </way>
  <way id="33064035">
    <nd ref="372949380"/>
    <nd ref="372948698"/>
    <nd ref="372948727"/>
    <nd ref="372949394"/>
    <nd ref="372949385"/>
    <tag k="highway" v="residential"/>
    <tag k="name" v="Calle Mar de Irlanda"/>
    <tag k="oneway" v="yes"/>
    <tag k="surface" v="asphalt"/>
  </way>
  <way id="33064036">
    <nd ref="372949416"/>
    <nd ref="372949412"/>
    <nd ref="372949407"/>
    <nd ref="372949119"/>
    <nd ref="372949401"/>
    <nd ref="372949394"/>
    <nd ref="372949390"/>
    <tag k="highway" v="residential"/>
    <tag k="name" v="Calle Mar Adriático"/>
    <tag k="oneway" v="yes"/>
    <tag k="surface" v="asphalt"/>
  </way>
  <way id="33064037">
    <nd ref="372949421"/>
    <nd ref="372949439"/>
    <tag k="highway" v="residential"/>
    <tag k="name" v="Calle Mar de Kara"/>
    <tag k="oneway" v="yes"/>
    <tag k="surface" v="asphalt"/>
  </way>
  <way id="33064041">
    <nd ref="372949452"/>
    <nd ref="372949457"/>
    <tag k="highway" v="residential"/>
    <tag k="name" v="Calle Mar de Japón"/>
    <tag k="oneway" v="yes"/>
    <tag k="surface" v="asphalt"/>
  </way>
  <way id="33064042">
    <nd ref="372949466"/>
    <nd ref="372949471"/>
    <nd ref="7869610559"/>
    <nd ref="7869610558"/>
    <nd ref="372949475"/>
    <tag k="highway" v="residential"/>
    <tag k="name" v="Calle Lago Iseo"/>
    <tag k="oneway" v="yes"/>
    <tag k="surface" v="asphalt"/>
  </way>
  <way id="33064043">
    <nd ref="372949479"/>
    <nd ref="5118742586"/>
    <nd ref="372949483"/>
    <nd ref="8133507568"/>
    <nd ref="380224318"/>
    <nd ref="6138070846"/>
    <nd ref="7914318669"/>
    <nd ref="2266986693"/>
    <nd ref="3430646018"/>
    <nd ref="8133507548"/>
    <nd ref="380224289"/>
    <nd ref="6137895733"/>
    <nd ref="5178762403"/>
    <nd ref="8129377973"/>
    <nd ref="380224287"/>
    <tag k="highway" v="residential"/>
    <tag k="name" v="Calle Lago Como"/>
    <tag k="oneway" v="yes"/>
    <tag k="surface" v="asphalt"/>
  </way>
  <way id="33064044">
    <nd ref="380224301"/>
    <nd ref="380224306"/>
    <nd ref="372949492"/>
    <nd ref="372949496"/>
    <tag k="highway" v="residential"/>
    <tag k="name" v="Calle Lago Guanacacha"/>
    <tag k="oneway" v="yes"/>
    <tag k="surface" v="asphalt"/>
  </way>
  <way id="33064045">
    <nd ref="372949500"/>
    <nd ref="6133467614"/>
    <nd ref="372949504"/>
    <nd ref="372949583"/>
    <nd ref="372949508"/>
    <nd ref="372949512"/>
    <tag k="highway" v="residential"/>
    <tag k="name" v="Segundo Callejón Lago Mayor"/>
    <tag k="surface" v="asphalt"/>
  </way>
  <way id="33064046">
    <nd ref="372949517"/>
    <nd ref="7898523936"/>
    <nd ref="372949522"/>
    <tag k="highway" v="residential"/>
    <tag k="name" v="Primera Cerrada San Juanico"/>
    <tag k="surface" v="asphalt"/>
  </way>
  <way id="33064049">
    <nd ref="372949531"/>
    <nd ref="372949536"/>
    <nd ref="372948942"/>
    <nd ref="380224304"/>
    <nd ref="380224296"/>
    <tag k="highway" v="residential"/>
    <tag k="name" v="Calle Lago Peypus"/>
    <tag k="surface" v="asphalt"/>
  </way>
  <way id="33064050">
    <nd ref="372949541"/>
    <nd ref="372949550"/>
    <nd ref="1526796194"/>
    <nd ref="7898479227"/>
    <nd ref="372949544"/>
    <tag k="highway" v="residential"/>
    <tag k="lanes" v="1"/>
    <tag k="name" v="Callejón Eucalipto"/>
    <tag k="oneway" v="no"/>
    <tag k="surface" v="asphalt"/>
  </way>
  <way id="33064051">
    <nd ref="372949550"/>
    <nd ref="372949555"/>
    <tag k="highway" v="residential"/>
    <tag k="name" v="Privada Nicolás Bravo"/>
    <tag k="surface" v="asphalt"/>
  </way>
  <way id="33064054">
    <nd ref="372949508"/>
    <nd ref="1526803256"/>
    <nd ref="372948906"/>
    <tag k="highway" v="residential"/>
    <tag k="name" v="Prolongación Lago Peypus"/>
    <tag k="surface" v="asphalt"/>
  </way>
  <way id="33064063">
    <nd ref="372949736"/>
    <nd ref="13971784007"/>
    <nd ref="12031530706"/>
    <nd ref="958825951"/>
    <nd ref="372949741"/>
    <nd ref="8140727594"/>
    <nd ref="372949731"/>
    <tag k="highway" v="residential"/>
    <tag k="name" v="Calle Golfo de Campeche"/>
    <tag k="oneway" v="yes"/>
    <tag k="surface" v="asphalt"/>
  </way>
  <way id="33064064">
    <nd ref="3654571210"/>
    <nd ref="12025138983"/>
    <nd ref="958825960"/>
    <nd ref="8142071053"/>
    <nd ref="394154580"/>
    <nd ref="372949741"/>
    <nd ref="10722294317"/>
    <nd ref="372949746"/>
    <nd ref="10030266406"/>
    <nd ref="271601282"/>
    <nd ref="957869370"/>
    <tag k="highway" v="residential"/>
    <tag k="name" v="Cerrada Golfo de Bengala"/>
    <tag k="oneway" v="yes"/>
    <tag k="surface" v="asphalt"/>
  </way>
  <way id="33064065">
    <nd ref="372949751"/>
    <nd ref="372949755"/>
    <tag k="highway" v="residential"/>
    <tag k="name" v="Cerrada Mar Negro"/>
    <tag k="surface" v="asphalt"/>
  </way>
  <way id="33064066">
    <nd ref="372949761"/>
    <nd ref="1932933924"/>
    <nd ref="8129265347"/>
    <nd ref="372949766"/>
    <nd ref="380231715"/>
    <nd ref="380231744"/>
    <nd ref="380231742"/>
    <nd ref="1417791847"/>
    <tag k="highway" v="residential"/>
    <tag k="name" v="Calle Colegio Salesiano"/>
    <tag k="oneway" v="yes"/>
    <tag k="surface" v="asphalt"/>
  </way>
  <way id="33064076">
    <nd ref="7898725675"/>
    <nd ref="6133467606"/>
    <nd ref="372948856"/>
    <tag k="highway" v="residential"/>
    <tag k="lanes" v="1"/>
    <tag k="lit" v="yes"/>
    <tag k="maxspeed" v="40"/>
    <tag k="maxspeed:type" v="sign"/>
    <tag k="name" v="Callejón de la Luz"/>
    <tag k="oneway" v="yes"/>
    <tag k="surface" v="asphalt"/>
  </way>
  <way id="33064077">
    <nd ref="372949883"/>
    <nd ref="7898479226"/>
    <tag k="highway" v="residential"/>
    <tag k="lanes" v="1"/>
    <tag k="name" v="Cerrada Lago Garda"/>
    <tag k="narrow" v="yes"/>
    <tag k="surface" v="asphalt"/>
  </way>
  <way id="33064078">
    <nd ref="372949897"/>
    <nd ref="372948754"/>
    <nd ref="372949902"/>
    <nd ref="373110826"/>
    <nd ref="372949914"/>
    <nd ref="372949924"/>
    <tag k="highway" v="residential"/>
    <tag k="name" v="Calle Cañitas"/>
  </way>
  <way id="33072313">
    <nd ref="373110709"/>
    <nd ref="373110708"/>
    <nd ref="372949189"/>
    <nd ref="11553076816"/>
    <nd ref="13971763870"/>
    <nd ref="11553076821"/>
    <nd ref="11553076820"/>
    <nd ref="13971763868"/>
    <nd ref="13971763869"/>
    <nd ref="1932912875"/>
    <tag k="highway" v="residential"/>
    <tag k="name" v="Calle Mar de Celebes"/>
    <tag k="oneway" v="yes"/>
    <tag k="sidewalk" v="both"/>
    <tag k="surface" v="asphalt"/>
  </way>
  <way id="33072315">
    <nd ref="373110712"/>
    <nd ref="372949208"/>
    <nd ref="373110711"/>
    <tag k="highway" v="residential"/>
    <tag k="name" v="Calle Mar de la Sonda"/>
    <tag k="oneway" v="yes"/>
    <tag k="sidewalk" v="both"/>
    <tag k="surface" v="asphalt"/>
  </way>
  <way id="33072316">
    <nd ref="271707261"/>
    <nd ref="373110713"/>
    <nd ref="12126434949"/>
    <nd ref="373110714"/>
    <tag k="highway" v="residential"/>
    <tag k="name" v="Calle Norte 75"/>
    <tag k="surface" v="asphalt"/>
  </way>
  <way id="33072318">
    <nd ref="373110717"/>
    <nd ref="9191730794"/>
    <nd ref="373110720"/>
    <nd ref="8746932787"/>
    <nd ref="373110723"/>
    <nd ref="8746932784"/>
    <nd ref="373110718"/>
    <nd ref="394152759"/>
    <nd ref="394152789"/>
    <nd ref="394152805"/>
    <nd ref="394152774"/>
    <nd ref="394159169"/>
    <nd ref="6135326939"/>
    <nd ref="394152830"/>
    <tag k="highway" v="residential"/>
    <tag k="lanes" v="3"/>
    <tag k="maxspeed" v="30"/>
    <tag k="name" v="Calle José Sánchez Trujillo"/>
    <tag k="oneway" v="yes"/>
    <tag k="surface" v="asphalt"/>
  </way>
  <way id="33072320">
    <nd ref="394141589"/>
    <nd ref="6311236718"/>
    <nd ref="394149073"/>
    <nd ref="373110722"/>
    <nd ref="373110723"/>
    <nd ref="1865863086"/>
    <tag k="highway" v="residential"/>
    <tag k="name" v="Calle Franklin"/>
    <tag k="oneway" v="yes"/>
    <tag k="surface" v="asphalt"/>
  </way>
  <way id="33072345">
    <nd ref="373110821"/>
    <nd ref="373110822"/>
    <nd ref="373110823"/>
    <nd ref="373110825"/>
    <nd ref="373110826"/>
    <tag k="highway" v="residential"/>
    <tag k="name" v="Cerrada Cañitas"/>
  </way>
  <way id="33072388">
    <nd ref="373110930"/>
    <nd ref="373110931"/>
    <tag k="highway" v="residential"/>
    <tag k="name" v="Cerrada Lago Espiridino"/>
    <tag k="oneway" v="yes"/>
    <tag k="surface" v="asphalt"/>
  </way>
  <way id="33072395">
    <nd ref="6137964854"/>
    <nd ref="13971784043"/>
    <nd ref="10042666586"/>
    <nd ref="7918287522"/>
    <nd ref="7918287520"/>
    <nd ref="6137964855"/>
    <nd ref="7918287521"/>
    <nd ref="6137895760"/>
    <nd ref="373110953"/>
    <nd ref="7918287518"/>
    <nd ref="7918287519"/>
    <nd ref="373110950"/>
    <tag k="highway" v="residential"/>
    <tag k="name" v="Calle Noche Triste"/>
    <tag k="oneway" v="yes"/>
    <tag k="surface" v="asphalt"/>
  </way>
  <way id="33072396">
    <nd ref="1865202514"/>
    <nd ref="372949443"/>
    <tag k="highway" v="residential"/>
    <tag k="name" v="Calle Mar de China"/>
    <tag k="oneway" v="yes"/>
    <tag k="surface" v="asphalt"/>
  </way>
  <way id="33418179">
    <nd ref="1865202487"/>
    <nd ref="8111194211"/>
    <nd ref="8111194212"/>
    <nd ref="1865202489"/>
    <nd ref="13971784203"/>
    <nd ref="10913560146"/>
    <nd ref="7910174378"/>
    <nd ref="380231717"/>
    <nd ref="380231718"/>
    <nd ref="380231708"/>
    <nd ref="372948809"/>
    <nd ref="8142001112"/>
    <nd ref="372949761"/>
    <nd ref="3430643835"/>
    <nd ref="1932933926"/>
    <nd ref="1865202498"/>
    <nd ref="1865202499"/>
    <nd ref="372949439"/>
    <nd ref="5209848809"/>
    <nd ref="1865202500"/>
    <nd ref="372949443"/>
    <nd ref="372949466"/>
    <nd ref="372949452"/>
    <nd ref="372948815"/>
    <nd ref="47063540"/>
    <nd ref="372949352"/>
    <nd ref="372949100"/>
    <nd ref="372949113"/>
    <nd ref="372949085"/>
    <nd ref="372949385"/>
    <tag k="highway" v="tertiary"/>
    <tag k="lanes" v="2"/>
    <tag k="name" v="Calle Felipe Carrillo Puerto"/>
    <tag k="surface" v="asphalt"/>
  </way>
  <way id="33544175">
    <nd ref="382903886"/>
    <nd ref="382904203"/>
    <nd ref="1404444966"/>
    <nd ref="382903894"/>
    <nd ref="1932473842"/>
    <nd ref="3228723990"/>
    <nd ref="382903885"/>
    <nd ref="2937932887"/>
    <nd ref="394159306"/>
    <tag k="highway" v="residential"/>
    <tag k="maxspeed" v="40"/>
    <tag k="name" v="Calle Norte 79 A"/>
    <tag k="oneway" v="yes"/>
    <tag k="source" v="yahoo"/>
    <tag k="surface" v="asphalt"/>
  </way>
  <way id="33544176">
    <nd ref="382903889"/>
    <nd ref="3228723989"/>
    <nd ref="1932473841"/>
    <nd ref="1404444922"/>
    <nd ref="382903888"/>
    <nd ref="382903887"/>
    <tag k="highway" v="residential"/>
    <tag k="name" v="Calle Norte 79 B"/>
    <tag k="oneway" v="yes"/>
    <tag k="source" v="yahoo"/>
    <tag k="surface" v="asphalt"/>
  </way>
  <way id="33544178">
    <nd ref="382903892"/>
    <nd ref="382904202"/>
    <tag k="highway" v="residential"/>
    <tag k="name" v="Calle Norte 81"/>
    <tag k="oneway" v="no"/>
    <tag k="source" v="yahoo"/>
    <tag k="surface" v="asphalt"/>
  </way>
  <way id="33544181">
    <nd ref="382903899"/>
    <nd ref="10043573340"/>
    <nd ref="382904200"/>
    <tag k="highway" v="residential"/>
    <tag k="name" v="Calle Norte 85"/>
    <tag k="oneway" v="yes"/>
    <tag k="source" v="yahoo"/>
    <tag k="surface" v="asphalt"/>
  </way>
  <way id="33544192">
    <nd ref="382903929"/>
    <nd ref="382903931"/>
    <nd ref="382903939"/>
    <tag k="highway" v="residential"/>
    <tag k="name" v="Calle Nubia"/>
    <tag k="source" v="yahoo"/>
    <tag k="surface" v="asphalt"/>
  </way>
  <way id="33544197">
    <nd ref="382903942"/>
    <nd ref="382903943"/>
    <tag k="highway" v="residential"/>
    <tag k="name" v="Calle Norte 87-A"/>
    <tag k="source" v="yahoo"/>
    <tag k="surface" v="asphalt"/>
  </way>
  <way id="33544198">
    <nd ref="382903945"/>
    <nd ref="382903946"/>
    <nd ref="8675623262"/>
    <nd ref="382903947"/>
    <tag k="highway" v="residential"/>
    <tag k="name" v="Calle Irapuato"/>
    <tag k="source" v="yahoo"/>
    <tag k="surface" v="asphalt"/>
  </way>
  <way id="33544202">
    <nd ref="382903955"/>
    <nd ref="382903954"/>
    <tag k="highway" v="residential"/>
    <tag k="name" v="Calle Norte 79 A"/>
    <tag k="oneway" v="yes"/>
    <tag k="surface" v="asphalt"/>
  </way>
  <way id="33726443">
    <nd ref="1932895727"/>
    <nd ref="394148157"/>
    <nd ref="394147808"/>
    <nd ref="8000656841"/>
    <nd ref="8000656842"/>
    <nd ref="2898253863"/>
    <nd ref="1404444975"/>
    <nd ref="1404444945"/>
    <tag k="alt_name" v="Calle Golfo Siam"/>
    <tag k="highway" v="residential"/>
    <tag k="name" v="Calle José F. Gutiérrez"/>
    <tag k="oneway" v="yes"/>
    <tag k="surface" v="asphalt"/>
  </way>
  <way id="33832688">
    <nd ref="1932912872"/>
    <nd ref="13971763804"/>
    <nd ref="372949205"/>
    <nd ref="387547960"/>
    <nd ref="8141577296"/>
    <nd ref="387547961"/>
    <nd ref="387547954"/>
    <nd ref="387547984"/>
    <tag k="highway" v="residential"/>
    <tag k="name" v="Calle Mar de Arafura"/>
    <tag k="oneway" v="yes"/>
    <tag k="surface" v="asphalt"/>
  </way>
  <way id="33832691">
    <nd ref="387547958"/>
    <nd ref="11727426099"/>
    <nd ref="387547954"/>
    <nd ref="373110710"/>
    <nd ref="373110711"/>
    <nd ref="373110709"/>
    <nd ref="1932912877"/>
    <nd ref="1865863075"/>
    <tag k="highway" v="residential"/>
    <tag k="name" v="Calle Mar Mármara"/>
    <tag k="oneway" v="yes"/>
    <tag k="sidewalk" v="both"/>
    <tag k="surface" v="asphalt"/>
  </way>
  <way id="33832693">
    <nd ref="372949212"/>
    <nd ref="373110708"/>
    <nd ref="372949208"/>
    <nd ref="373111117"/>
    <nd ref="387547961"/>
    <nd ref="387547962"/>
    <tag k="highway" v="residential"/>
    <tag k="name" v="Calle Mar Egeo"/>
    <tag k="oneway" v="yes"/>
    <tag k="sidewalk" v="both"/>
    <tag k="surface" v="asphalt"/>
  </way>
  <way id="33832706">
    <nd ref="387547996"/>
    <nd ref="373110750"/>
    <tag k="highway" v="residential"/>
    <tag k="name" v="Calle Colegio Militar"/>
  </way>
  <way id="34119660">
    <nd ref="1865185436"/>
    <nd ref="6452026103"/>
    <nd ref="1403884787"/>
    <nd ref="1403764311"/>
    <nd ref="391104945"/>
    <tag k="highway" v="residential"/>
    <tag k="name" v="Calle Tebas"/>
    <tag k="oneway" v="yes"/>
    <tag k="surface" v="asphalt"/>
  </way>
  <way id="34359744">
    <nd ref="1404444974"/>
    <nd ref="385638882"/>
    <nd ref="394141493"/>
    <tag k="highway" v="residential"/>
    <tag k="name" v="Calle Otoño"/>
    <tag k="oneway" v="no"/>
    <tag k="surface" v="asphalt"/>
  </way>
  <way id="34359759">
    <nd ref="394159184"/>
    <nd ref="394142998"/>
    <nd ref="7992897495"/>
    <nd ref="7992897499"/>
    <nd ref="7992897498"/>
    <nd ref="7992897497"/>
    <nd ref="7992897496"/>
    <nd ref="1404219177"/>
    <nd ref="6095648508"/>
    <nd ref="394152254"/>
    <tag k="highway" v="residential"/>
    <tag k="name" v="Calle Norte 81"/>
    <tag k="oneway" v="yes"/>
    <tag k="surface" v="asphalt"/>
  </way>
  <way id="34359764">
    <nd ref="394141599"/>
    <nd ref="394141704"/>
    <nd ref="394141597"/>
    <nd ref="394141600"/>
    <nd ref="394141601"/>
    <tag k="highway" v="residential"/>
    <tag k="name" v="Calle Alejandría"/>
    <tag k="surface" v="asphalt"/>
  </way>
  <way id="34359786">
    <nd ref="394141875"/>
    <nd ref="394141867"/>
    <nd ref="394159180"/>
    <nd ref="7992897500"/>
    <nd ref="394141857"/>
    <tag k="highway" v="residential"/>
    <tag k="name" v="Calle Texcoco"/>
    <tag k="oneway" v="yes"/>
    <tag k="surface" v="asphalt"/>
  </way>
  <way id="34359796">
    <nd ref="6311236715"/>
    <nd ref="394159182"/>
    <tag k="highway" v="residential"/>
    <tag k="name" v="Calle Maravatío"/>
    <tag k="oneway" v="no"/>
    <tag k="surface" v="asphalt"/>
  </way>
  <way id="34359809">
    <nd ref="394143657"/>
    <nd ref="394159176"/>
    <nd ref="394159172"/>
    <nd ref="394149324"/>
    <nd ref="6872534817"/>
    <nd ref="394159173"/>
    <nd ref="394143660"/>
    <nd ref="394143662"/>
    <nd ref="394143671"/>
    <tag k="highway" v="residential"/>
    <tag k="name" v="Calle Norte 79 A"/>
    <tag k="oneway" v="yes"/>
    <tag k="surface" v="asphalt"/>
  </way>
  <way id="34359812">
    <nd ref="394143682"/>
    <nd ref="394143788"/>
    <nd ref="394143966"/>
    <tag k="highway" v="residential"/>
    <tag k="name" v="Calle Norte 87-A"/>
    <tag k="surface" v="asphalt"/>
  </way>
  <way id="34359815">
    <nd ref="394143998"/>
    <nd ref="394144296"/>
    <nd ref="394144299"/>
    <tag k="highway" v="residential"/>
    <tag k="name" v="Calle Norte 87-B"/>
    <tag k="surface" v="asphalt"/>
  </way>
  <way id="34359819">
    <nd ref="1404393976"/>
    <nd ref="10873388268"/>
    <nd ref="394144746"/>
    <nd ref="394144743"/>
    <nd ref="6135931738"/>
    <nd ref="394144741"/>
    <nd ref="6135931728"/>
    <nd ref="394144328"/>
    <tag k="highway" v="residential"/>
    <tag k="name" v="Calle Memphis"/>
    <tag k="oneway" v="yes"/>
    <tag k="surface" v="asphalt"/>
  </way>
  <way id="34359831">
    <nd ref="394145994"/>
    <nd ref="394146453"/>
    <nd ref="394146456"/>
    <nd ref="394146459"/>
    <nd ref="394146462"/>
    <tag k="highway" v="residential"/>
    <tag k="name" v="Calle Oasis"/>
    <tag k="oneway" v="yes"/>
    <tag k="surface" v="asphalt"/>
  </way>
  <way id="34359832">
    <nd ref="394146481"/>
    <nd ref="394146786"/>
    <tag k="highway" v="residential"/>
    <tag k="name" v="Calle Moreras"/>
    <tag k="surface" v="asphalt"/>
  </way>
  <way id="34359834">
    <nd ref="394146800"/>
    <nd ref="394147055"/>
    <nd ref="394147057"/>
    <tag k="highway" v="residential"/>
    <tag k="name" v="Calle Pirámides"/>
    <tag k="surface" v="asphalt"/>
  </way>
  <way id="34359835">
    <nd ref="394147081"/>
    <nd ref="394147294"/>
    <tag k="highway" v="residential"/>
    <tag k="name" v="Calle Pirámides"/>
    <tag k="surface" v="asphalt"/>
  </way>
  <way id="34359836">
    <nd ref="394147887"/>
    <nd ref="394148157"/>
    <nd ref="1404444991"/>
    <tag k="highway" v="residential"/>
    <tag k="name" v="Calle Golfo de Tehuantepec"/>
    <tag k="surface" v="asphalt"/>
  </way>
  <way id="34359838">
    <nd ref="394148466"/>
    <nd ref="394153804"/>
    <nd ref="394153645"/>
    <nd ref="394152774"/>
    <nd ref="394148955"/>
    <nd ref="394148469"/>
    <tag k="highway" v="residential"/>
    <tag k="name" v="Calle Niza"/>
    <tag k="surface" v="asphalt"/>
  </way>
  <way id="34359840">
    <nd ref="394159170"/>
    <nd ref="8137557739"/>
    <nd ref="394148955"/>
    <nd ref="394148958"/>
    <nd ref="394148962"/>
    <nd ref="1403764330"/>
    <nd ref="394151774"/>
    <nd ref="394151994"/>
    <nd ref="394149073"/>
    <nd ref="394148965"/>
    <tag k="highway" v="residential"/>
    <tag k="name" v="Calle Grecia"/>
    <tag k="oneway" v="yes"/>
    <tag k="surface" v="asphalt"/>
  </way>
  <way id="34359842">
    <nd ref="394149324"/>
    <nd ref="394149413"/>
    <tag k="highway" v="residential"/>
    <tag k="name" v="Avenida Clavería"/>
    <tag k="oneway" v="no"/>
    <tag k="surface" v="asphalt"/>
  </way>
  <way id="34359855">
    <nd ref="373110716"/>
    <nd ref="8904907085"/>
    <nd ref="394152234"/>
    <nd ref="394152213"/>
    <nd ref="394152254"/>
    <nd ref="394152306"/>
    <tag k="highway" v="residential"/>
    <tag k="name" v="Calle Poniente 44"/>
    <tag k="oneway" v="no"/>
    <tag k="surface" v="asphalt"/>
  </way>
  <way id="34359860">
    <nd ref="394152830"/>
    <nd ref="394145893"/>
    <tag k="highway" v="residential"/>
    <tag k="name" v="Calle Abisinia"/>
    <tag k="oneway" v="yes"/>
    <tag k="surface" v="asphalt"/>
  </way>
  <way id="34359861">
    <nd ref="394153645"/>
    <nd ref="394153648"/>
    <nd ref="372949226"/>
    <tag k="alt_name" v="Calle Mar Egeo"/>
    <tag k="highway" v="residential"/>
    <tag k="name" v="Calle Benito Juárez"/>
    <tag k="oneway" v="yes"/>
    <tag k="surface" v="asphalt"/>
  </way>
  <way id="34360286">
    <nd ref="1932895696"/>
    <nd ref="2466717583"/>
    <nd ref="394159167"/>
    <tag k="highway" v="residential"/>
    <tag k="name" v="Calle Santa Cruz Atenco"/>
  </way>
  <way id="34360287">
    <nd ref="394159170"/>
    <nd ref="394159169"/>
    <tag k="highway" v="residential"/>
    <tag k="name" v="Calle Trujillo"/>
    <tag k="oneway" v="yes"/>
    <tag k="surface" v="asphalt"/>
  </way>
  <way id="34360288">
    <nd ref="394159171"/>
    <nd ref="6872534829"/>
    <nd ref="394141584"/>
    <nd ref="9374019998"/>
    <nd ref="6872534837"/>
    <nd ref="6872534841"/>
    <nd ref="394159172"/>
    <tag k="highway" v="residential"/>
    <tag k="name" v="Avenida Clavería"/>
    <tag k="oneway" v="yes"/>
    <tag k="sidewalk" v="both"/>
    <tag k="surface" v="asphalt"/>
  </way>
  <way id="34360289">
    <nd ref="394159173"/>
    <nd ref="6872534814"/>
    <nd ref="7512314431"/>
    <nd ref="394159174"/>
    <tag k="highway" v="residential"/>
    <tag k="name" v="Avenida Clavería"/>
    <tag k="oneway" v="yes"/>
    <tag k="sidewalk" v="both"/>
    <tag k="surface" v="asphalt"/>
  </way>
  <way id="34360291">
    <nd ref="394159175"/>
    <nd ref="394159176"/>
    <nd ref="394159177"/>
    <nd ref="394159178"/>
    <nd ref="394159179"/>
    <nd ref="394159180"/>
    <tag k="highway" v="residential"/>
    <tag k="name" v="Calle Begonias"/>
    <tag k="oneway" v="yes"/>
    <tag k="surface" v="asphalt"/>
  </way>
  <way id="34360293">
    <nd ref="394141857"/>
    <nd ref="6311236713"/>
    <nd ref="394159182"/>
    <nd ref="394159183"/>
    <nd ref="394159184"/>
    <nd ref="394159185"/>
    <nd ref="47068271"/>
    <tag k="highway" v="tertiary"/>
    <tag k="lanes" v="2"/>
    <tag k="name" v="Calle Egipto"/>
    <tag k="oneway" v="yes"/>
    <tag k="sidewalk" v="right"/>
    <tag k="surface" v="asphalt"/>
  </way>
  <way id="34360313">
    <nd ref="271706626"/>
    <nd ref="7990049775"/>
    <nd ref="8746883181"/>
    <nd ref="394143657"/>
    <nd ref="394159230"/>
    <nd ref="394159229"/>
    <nd ref="394159228"/>
    <tag k="highway" v="tertiary"/>
    <tag k="lanes" v="2"/>
    <tag k="name" v="Calle Egipto"/>
    <tag k="oneway" v="yes"/>
    <tag k="sidewalk" v="right"/>
    <tag k="surface" v="asphalt"/>
  </way>
  <way id="34360319">
    <nd ref="3012734337"/>
    <nd ref="6364018162"/>
    <nd ref="3012734336"/>
    <nd ref="3012734334"/>
    <nd ref="394159233"/>
    <nd ref="394159249"/>
    <nd ref="394159283"/>
    <nd ref="271706623"/>
    <nd ref="271707261"/>
    <tag k="hgv" v="no"/>
    <tag k="highway" v="residential"/>
    <tag k="name" v="Calle Norte 75"/>
    <tag k="oneway" v="no"/>
    <tag k="surface" v="asphalt"/>
  </way>
  <way id="34360322">
    <nd ref="394159247"/>
    <nd ref="394159263"/>
    <nd ref="394159252"/>
    <nd ref="394159248"/>
    <nd ref="394159249"/>
    <nd ref="394159250"/>
    <nd ref="394159251"/>
    <nd ref="8904908027"/>
    <nd ref="394149413"/>
    <tag k="highway" v="residential"/>
    <tag k="name" v="Calle Poniente 58"/>
    <tag k="oneway" v="no"/>
    <tag k="surface" v="asphalt"/>
  </way>
  <way id="34360329">
    <nd ref="394159278"/>
    <nd ref="394159280"/>
    <nd ref="394159281"/>
    <nd ref="394159282"/>
    <nd ref="394159283"/>
    <nd ref="394159284"/>
    <nd ref="394159285"/>
    <tag k="highway" v="residential"/>
    <tag k="name" v="Calle Poniente 54"/>
    <tag k="oneway" v="no"/>
    <tag k="surface" v="asphalt"/>
  </way>
  <way id="82254753">
    <nd ref="957869370"/>
    <nd ref="10030266412"/>
    <nd ref="372949645"/>
    <nd ref="372949669"/>
    <nd ref="10030352569"/>
    <nd ref="372949649"/>
    <nd ref="957880261"/>
    <nd ref="957869366"/>
    <nd ref="957880229"/>
    <nd ref="957872295"/>
    <nd ref="957872296"/>
    <nd ref="957869372"/>
    <tag k="highway" v="residential"/>
    <tag k="name" v="Calle Lago Güija"/>
    <tag k="oneway" v="yes"/>
    <tag k="surface" v="asphalt"/>
  </way>
  <way id="82313136">
    <nd ref="958684276"/>
    <nd ref="7873270164"/>
    <nd ref="7873270165"/>
    <nd ref="7873270166"/>
    <nd ref="958684272"/>
    <nd ref="7873270167"/>
    <nd ref="7873270168"/>
    <nd ref="4858072123"/>
    <nd ref="7873270169"/>
    <nd ref="7873270170"/>
    <nd ref="7873270152"/>
    <nd ref="958684266"/>
    <nd ref="7873270171"/>
    <nd ref="7873270172"/>
    <nd ref="4858072122"/>
    <nd ref="7873270173"/>
    <nd ref="7873270174"/>
    <nd ref="7873270175"/>
    <nd ref="958684265"/>
    <nd ref="7873270176"/>
    <nd ref="7873270177"/>
    <nd ref="7873270178"/>
    <nd ref="4858071518"/>
    <nd ref="6133461081"/>
    <nd ref="7873270179"/>
    <nd ref="372949375"/>
    <nd ref="7873270180"/>
    <nd ref="4858071520"/>
    <nd ref="7873270181"/>
    <nd ref="7873270182"/>
    <nd ref="7873270183"/>
    <nd ref="958684263"/>
    <nd ref="7873270184"/>
    <nd ref="7873302885"/>
    <nd ref="4858071517"/>
    <nd ref="7873302886"/>
    <nd ref="7873302887"/>
    <nd ref="7873270153"/>
    <nd ref="372949033"/>
    <nd ref="7873270154"/>
    <nd ref="7873270155"/>
    <nd ref="7873270156"/>
    <nd ref="4858071519"/>
    <nd ref="7873270157"/>
    <nd ref="7873270158"/>
    <nd ref="958684262"/>
    <nd ref="7873270159"/>
    <nd ref="7873270160"/>
    <nd ref="958684260"/>
    <nd ref="7873270161"/>
    <nd ref="7873270162"/>
    <nd ref="7873270163"/>
    <nd ref="958684276"/>
    <tag k="highway" v="residential"/>
    <tag k="junction" v="roundabout"/>
    <tag k="name" v="Jardín Diana"/>
    <tag k="surface" v="asphalt"/>
  </way>
  <way id="82313137">
    <nd ref="372949033"/>
    <nd ref="958684288"/>
    <nd ref="3654571210"/>
    <nd ref="958825939"/>
    <nd ref="13971784014"/>
    <nd ref="372949052"/>
    <tag k="highway" v="residential"/>
    <tag k="name" v="Calle Golfo de California"/>
    <tag k="oneway" v="yes"/>
    <tag k="surface" v="asphalt"/>
  </way>
  <way id="82313138">
    <nd ref="958684292"/>
    <nd ref="958684266"/>
    <tag k="highway" v="residential"/>
    <tag k="name" v="Calle Golfo de California"/>
    <tag k="surface" v="asphalt"/>
  </way>
  <way id="82313140">
    <nd ref="372948727"/>
    <nd ref="372948731"/>
    <nd ref="958684295"/>
    <nd ref="958684297"/>
    <nd ref="3050572491"/>
    <tag k="highway" v="residential"/>
    <tag k="name" v="Calle Mar Cantábrico"/>
    <tag k="oneway" v="yes"/>
    <tag k="surface" v="asphalt"/>
  </way>
  <way id="82325474">
    <nd ref="958825939"/>
    <nd ref="958825940"/>
    <nd ref="958825942"/>
    <tag k="highway" v="residential"/>
    <tag k="name" v="Cerrada Golfo de Campeche"/>
    <tag k="oneway" v="yes"/>
  </way>
  <way id="82325475">
    <nd ref="958825949"/>
    <nd ref="958825951"/>
    <tag k="highway" v="residential"/>
    <tag k="name" v="Cerrada Golfo de Campeche"/>
    <tag k="oneway" v="yes"/>
  </way>
  <way id="82325476">
    <nd ref="958825953"/>
    <nd ref="958825949"/>
    <tag k="highway" v="residential"/>
    <tag k="name" v="Cerrada Golfo de Campeche"/>
  </way>
  <way id="82325477">
    <nd ref="958825960"/>
    <nd ref="958825940"/>
    <tag k="alt_name" v="Segunda Cerrada Golfo de California"/>
    <tag k="highway" v="residential"/>
    <tag k="name" v="Privada Golfo de California"/>
  </way>
  <way id="126678306">
    <nd ref="382903930"/>
    <nd ref="391104944"/>
    <tag k="highway" v="secondary"/>
    <tag k="lanes" v="2"/>
    <tag k="maxspeed" v="50"/>
    <tag k="maxspeed:type" v="sign"/>
    <tag k="name" v="Calle Salónica"/>
    <tag k="oneway" v="yes"/>
    <tag k="surface" v="asphalt"/>
  </way>
  <way id="126678308">
    <nd ref="1403764322"/>
    <nd ref="394141595"/>
    <nd ref="8000859825"/>
    <nd ref="8342745789"/>
    <nd ref="382903941"/>
    <nd ref="394144299"/>
    <nd ref="394143682"/>
    <nd ref="8000859822"/>
    <nd ref="394141683"/>
    <nd ref="1403764306"/>
    <nd ref="394141899"/>
    <tag k="highway" v="secondary"/>
    <tag k="lanes" v="2"/>
    <tag k="maxspeed" v="50"/>
    <tag k="maxspeed:type" v="sign"/>
    <tag k="name" v="Calle Salónica"/>
    <tag k="oneway" v="yes"/>
    <tag k="surface" v="asphalt"/>
  </way>
  <way id="126678311">
    <nd ref="382903941"/>
    <nd ref="382903936"/>
    <nd ref="382903939"/>
    <nd ref="8153363647"/>
    <nd ref="391104945"/>
    <nd ref="1403764297"/>
    <nd ref="382903938"/>
    <nd ref="1403764315"/>
    <nd ref="8504998690"/>
    <nd ref="1404444953"/>
    <nd ref="3662355938"/>
    <nd ref="1404444967"/>
    <nd ref="1404444946"/>
    <tag k="highway" v="residential"/>
    <tag k="name" v="Calle Heraldo"/>
    <tag k="oneway" v="no"/>
    <tag k="source" v="yahoo"/>
    <tag k="surface" v="asphalt"/>
  </way>
  <way id="126678326">
    <nd ref="7896255927"/>
    <nd ref="394142744"/>
    <nd ref="394141867"/>
    <nd ref="394141682"/>
    <tag k="highway" v="tertiary"/>
    <tag k="lanes" v="2"/>
    <tag k="name" v="Avenida Clavería"/>
    <tag k="oneway" v="no"/>
    <tag k="sidewalk" v="both"/>
    <tag k="surface" v="asphalt"/>
  </way>
  <way id="126678329">
    <nd ref="382903937"/>
    <nd ref="8504998689"/>
    <tag k="highway" v="residential"/>
    <tag k="name" v="Calle Palestina"/>
    <tag k="source" v="yahoo"/>
    <tag k="surface" v="asphalt"/>
  </way>
  <way id="126678330">
    <nd ref="394141687"/>
    <nd ref="394151490"/>
    <tag k="highway" v="tertiary"/>
    <tag k="lanes" v="4"/>
    <tag k="name" v="Calle Egipto"/>
    <tag k="oneway" v="no"/>
    <tag k="sidewalk" v="both"/>
    <tag k="surface" v="asphalt"/>
  </way>
  <way id="126678331">
    <nd ref="394141449"/>
    <nd ref="394141493"/>
    <nd ref="6135298889"/>
    <nd ref="6135298898"/>
    <nd ref="1865185437"/>
    <nd ref="1865185439"/>
    <nd ref="6135298896"/>
    <nd ref="6135298895"/>
    <nd ref="3662355938"/>
    <nd ref="4503010983"/>
    <nd ref="1932473830"/>
    <nd ref="61470952"/>
    <nd ref="4503010977"/>
    <nd ref="6135298900"/>
    <nd ref="1865185445"/>
    <nd ref="8129173749"/>
    <nd ref="1932473852"/>
    <nd ref="1932473862"/>
    <nd ref="1932473873"/>
    <nd ref="1865185447"/>
    <nd ref="4503010970"/>
    <nd ref="1865185448"/>
    <tag k="bicycle:lanes" v="|designated"/>
    <tag k="cycleway:left" v="no"/>
    <tag k="cycleway:right" v="track"/>
    <tag k="highway" v="tertiary"/>
    <tag k="lanes" v="2"/>
    <tag k="name" v="Avenida Azcapotzalco"/>
    <tag k="oneway" v="yes"/>
    <tag k="surface" v="asphalt"/>
  </way>
  <way id="126678335">
    <nd ref="1403764301"/>
    <nd ref="1403764319"/>
    <tag k="highway" v="residential"/>
    <tag k="name" v="Calle Norte 79 B"/>
    <tag k="oneway" v="yes"/>
    <tag k="surface" v="asphalt"/>
  </way>
  <way id="126678345">
    <nd ref="271527723"/>
    <nd ref="2884390065"/>
    <nd ref="61422324"/>
    <nd ref="2884390068"/>
    <nd ref="271527724"/>
    <nd ref="271529137"/>
    <nd ref="2884390061"/>
    <nd ref="271527725"/>
    <nd ref="271527726"/>
    <nd ref="2884390067"/>
    <nd ref="1403764303"/>
    <nd ref="1403764322"/>
    <nd ref="2884390050"/>
    <nd ref="1865185435"/>
    <nd ref="2884390052"/>
    <nd ref="391104944"/>
    <nd ref="1865185436"/>
    <nd ref="7992986193"/>
    <nd ref="2884390058"/>
    <nd ref="271527723"/>
    <tag k="highway" v="secondary"/>
    <tag k="junction" v="roundabout"/>
    <tag k="lanes" v="2"/>
    <tag k="surface" v="asphalt"/>
  </way>
  <way id="126678348">
    <nd ref="61470942"/>
    <nd ref="61470943"/>
    <nd ref="7917373645"/>
    <nd ref="8000656847"/>
    <nd ref="1417791882"/>
    <nd ref="2898253866"/>
    <nd ref="61470944"/>
    <nd ref="6311315902"/>
    <nd ref="1865863116"/>
    <nd ref="8134198572"/>
    <nd ref="394147887"/>
    <nd ref="8134280888"/>
    <nd ref="1932895719"/>
    <nd ref="1932895721"/>
    <nd ref="394141449"/>
    <tag k="bicycle:lanes" v="|designated"/>
    <tag k="cycleway:left" v="no"/>
    <tag k="cycleway:right" v="track"/>
    <tag k="highway" v="tertiary"/>
    <tag k="lanes" v="2"/>
    <tag k="name" v="Avenida Azcapotzalco"/>
    <tag k="oneway" v="yes"/>
    <tag k="surface" v="asphalt"/>
  </way>
  <way id="126678350">
    <nd ref="1403764307"/>
    <nd ref="394143966"/>
    <tag k="highway" v="residential"/>
    <tag k="name" v="Nilo"/>
    <tag k="oneway" v="yes"/>
    <tag k="surface" v="asphalt"/>
  </way>
  <way id="126678351">
    <nd ref="8504998689"/>
    <nd ref="382903941"/>
    <tag k="highway" v="tertiary"/>
    <tag k="lanes" v="2"/>
    <tag k="name" v="Calle Palestina"/>
    <tag k="source" v="yahoo"/>
    <tag k="surface" v="asphalt"/>
  </way>
  <way id="126678354">
    <nd ref="271592316"/>
    <nd ref="271595170"/>
    <nd ref="271595171"/>
    <nd ref="1404444932"/>
    <nd ref="31319302"/>
    <tag k="highway" v="motorway"/>
    <tag k="lanes" v="3"/>
    <tag k="maxspeed" v="80"/>
    <tag k="maxspeed:type" v="sign"/>
    <tag k="name" v="Avenida Aquiles Serdán"/>
    <tag k="oneway" v="yes"/>
    <tag k="ref" v="RADIAL 6"/>
    <tag k="surface" v="asphalt"/>
  </way>
  <way id="126678358">
    <nd ref="394141487"/>
    <nd ref="394141597"/>
    <nd ref="394141488"/>
    <nd ref="8141035622"/>
    <nd ref="8141078723"/>
    <nd ref="394146459"/>
    <nd ref="394147055"/>
    <nd ref="394141575"/>
    <nd ref="394144743"/>
    <nd ref="1403884774"/>
    <nd ref="394141489"/>
    <nd ref="271527726"/>
    <tag k="highway" v="residential"/>
    <tag k="name" v="Calle Tebas"/>
    <tag k="surface" v="asphalt"/>
  </way>
  <way id="126678363">
    <nd ref="394151490"/>
    <nd ref="394151771"/>
    <nd ref="394151774"/>
    <nd ref="394152759"/>
    <nd ref="372949297"/>
    <nd ref="8141035623"/>
    <nd ref="372949301"/>
    <tag k="highway" v="residential"/>
    <tag k="name" v="Calle Londres"/>
    <tag k="surface" v="asphalt"/>
  </way>
  <way id="126678367">
    <nd ref="394141575"/>
    <nd ref="394141592"/>
    <nd ref="394141713"/>
    <nd ref="394143998"/>
    <nd ref="394143966"/>
    <nd ref="394141681"/>
    <nd ref="394141875"/>
    <nd ref="394142741"/>
    <nd ref="394141697"/>
    <nd ref="394141582"/>
    <nd ref="394143660"/>
    <nd ref="394141577"/>
    <nd ref="394141578"/>
    <tag k="highway" v="residential"/>
    <tag k="name" v="Calle Nilo"/>
    <tag k="oneway" v="yes"/>
    <tag k="surface" v="asphalt"/>
  </way>
  <way id="126678373">
    <nd ref="394141682"/>
    <nd ref="394141428"/>
    <tag k="highway" v="tertiary"/>
    <tag k="lanes" v="2"/>
    <tag k="name" v="Avenida Clavería"/>
    <tag k="oneway" v="no"/>
    <tag k="sidewalk" v="both"/>
    <tag k="surface" v="asphalt"/>
  </way>
  <way id="126678374">
    <nd ref="394141682"/>
    <nd ref="394146481"/>
    <nd ref="394145994"/>
    <nd ref="394147081"/>
    <nd ref="1403764307"/>
    <nd ref="394141681"/>
    <nd ref="394141684"/>
    <nd ref="394141683"/>
    <tag k="highway" v="residential"/>
    <tag k="name" v="Calle Irapuato"/>
    <tag k="oneway" v="yes"/>
    <tag k="surface" v="asphalt"/>
  </way>
  <way id="126678383">
    <nd ref="47067640"/>
    <nd ref="13971763873"/>
    <nd ref="372949183"/>
    <nd ref="372949212"/>
    <nd ref="7990231307"/>
    <nd ref="1865863075"/>
    <nd ref="6136109703"/>
    <nd ref="6136109712"/>
    <nd ref="3430700464"/>
    <nd ref="9156657664"/>
    <nd ref="3050564909"/>
    <nd ref="7990035575"/>
    <nd ref="7990035576"/>
    <nd ref="9156657666"/>
    <nd ref="373110716"/>
    <nd ref="9156657668"/>
    <nd ref="7992815272"/>
    <tag k="bus:lanes" v="||designated"/>
    <tag k="highway" v="secondary"/>
    <tag k="lanes" v="3"/>
    <tag k="maxspeed" v="50"/>
    <tag k="maxspeed:type" v="sign"/>
    <tag k="name" v="Avenida Cuitláhuac"/>
    <tag k="oneway" v="yes"/>
    <tag k="surface" v="asphalt"/>
    <tag k="trolley_wire" v="yes"/>
  </way>
  <way id="126678386">
    <nd ref="1403764316"/>
    <nd ref="1403764330"/>
    <tag k="highway" v="residential"/>
    <tag k="name" v="Privada Grecia"/>
    <tag k="surface" v="asphalt"/>
  </way>
  <way id="126678396">
    <nd ref="394159233"/>
    <nd ref="394159246"/>
    <nd ref="394159253"/>
    <nd ref="7977692486"/>
    <nd ref="3012734333"/>
    <tag k="highway" v="residential"/>
    <tag k="name" v="Calle Poniente 62"/>
    <tag k="surface" v="asphalt"/>
  </way>
  <way id="126678397">
    <nd ref="394145891"/>
    <nd ref="394145893"/>
    <tag k="highway" v="residential"/>
    <tag k="name" v="Calle Egipto"/>
    <tag k="oneway" v="yes"/>
    <tag k="surface" v="asphalt"/>
  </way>
  <way id="126678400">
    <nd ref="47053919"/>
    <nd ref="382903934"/>
    <tag k="highway" v="residential"/>
    <tag k="name" v="Calle Norte 87-B"/>
    <tag k="source" v="omael"/>
    <tag k="surface" v="asphalt"/>
  </way>
  <way id="126678401">
    <nd ref="394151499"/>
    <nd ref="6103002208"/>
    <nd ref="394141857"/>
    <tag k="highway" v="residential"/>
    <tag k="name" v="Calle Laconia"/>
    <tag k="surface" v="asphalt"/>
  </way>
  <way id="126678403">
    <nd ref="394145895"/>
    <nd ref="1403764310"/>
    <tag k="highway" v="residential"/>
    <tag k="name" v="Calle Palestina"/>
    <tag k="oneway" v="yes"/>
    <tag k="surface" v="asphalt"/>
  </way>
  <way id="126678406">
    <nd ref="382903941"/>
    <nd ref="394141714"/>
    <nd ref="394144328"/>
    <nd ref="394141713"/>
    <nd ref="394147294"/>
    <nd ref="394146453"/>
    <nd ref="394146786"/>
    <nd ref="394141712"/>
    <tag k="highway" v="tertiary"/>
    <tag k="lanes" v="2"/>
    <tag k="name" v="Calle Palestina"/>
    <tag k="oneway" v="yes"/>
    <tag k="surface" v="asphalt"/>
  </way>
  <way id="126678408">
    <nd ref="1865185441"/>
    <nd ref="10043584697"/>
    <nd ref="394141686"/>
    <nd ref="394141697"/>
    <nd ref="394159174"/>
    <nd ref="7896255927"/>
    <nd ref="394159171"/>
    <nd ref="394159178"/>
    <nd ref="394159229"/>
    <tag k="highway" v="tertiary"/>
    <tag k="lanes" v="4"/>
    <tag k="name" v="Calle Ignacio Allende"/>
    <tag k="sidewalk" v="both"/>
    <tag k="surface" v="asphalt"/>
  </way>
  <way id="126678411">
    <nd ref="7990231318"/>
    <nd ref="394152018"/>
    <nd ref="394151771"/>
    <nd ref="1403764316"/>
    <nd ref="394141680"/>
    <nd ref="1403764310"/>
    <nd ref="394141678"/>
    <nd ref="7955901165"/>
    <nd ref="7955901164"/>
    <tag k="highway" v="residential"/>
    <tag k="name" v="Calle Atenas"/>
    <tag k="oneway" v="yes"/>
    <tag k="surface" v="asphalt"/>
  </way>
  <way id="126678412">
    <nd ref="394141703"/>
    <nd ref="394148486"/>
    <tag k="highway" v="residential"/>
    <tag k="name" v="Calle Egipto"/>
    <tag k="oneway" v="no"/>
    <tag k="sidewalk" v="both"/>
    <tag k="surface" v="asphalt"/>
  </way>
  <way id="126678416">
    <nd ref="394141449"/>
    <nd ref="394147779"/>
    <nd ref="1404444957"/>
    <tag k="highway" v="tertiary"/>
    <tag k="lanes" v="2"/>
    <tag k="name" v="Calle Estio"/>
    <tag k="oneway" v="no"/>
    <tag k="surface" v="asphalt"/>
  </way>
  <way id="126678425">
    <nd ref="394141448"/>
    <nd ref="394141591"/>
    <nd ref="394141488"/>
    <nd ref="394141705"/>
    <nd ref="394145888"/>
    <nd ref="8137191768"/>
    <nd ref="8136883196"/>
    <nd ref="8136883198"/>
    <nd ref="394141449"/>
    <tag k="highway" v="tertiary"/>
    <tag k="lanes" v="2"/>
    <tag k="name" v="Avenida Clavería"/>
    <tag k="oneway" v="no"/>
    <tag k="sidewalk" v="both"/>
    <tag k="surface" v="asphalt"/>
  </way>
  <way id="126678427">
    <nd ref="394141712"/>
    <nd ref="2286230456"/>
    <nd ref="2286230454"/>
    <nd ref="2286230452"/>
    <nd ref="394141448"/>
    <nd ref="2286230450"/>
    <nd ref="2286230448"/>
    <nd ref="2286230446"/>
    <nd ref="394151484"/>
    <nd ref="2286230445"/>
    <nd ref="2286230447"/>
    <nd ref="2286230449"/>
    <nd ref="394141428"/>
    <nd ref="2286230451"/>
    <nd ref="2286230453"/>
    <nd ref="2286230455"/>
    <nd ref="394141712"/>
    <tag k="highway" v="tertiary"/>
    <tag k="junction" v="roundabout"/>
    <tag k="lanes" v="1"/>
    <tag k="sidewalk" v="both"/>
    <tag k="surface" v="asphalt"/>
  </way>
  <way id="126678430">
    <nd ref="3050372725"/>
    <nd ref="10043573347"/>
    <nd ref="382903950"/>
    <nd ref="1403764318"/>
    <tag k="highway" v="residential"/>
    <tag k="name" v="Calle Texcoco"/>
    <tag k="surface" v="asphalt"/>
  </way>
  <way id="126678432">
    <nd ref="394141590"/>
    <nd ref="394141600"/>
    <nd ref="394141591"/>
    <nd ref="1403884783"/>
    <nd ref="394146456"/>
    <nd ref="394146800"/>
    <nd ref="394141592"/>
    <nd ref="394144741"/>
    <nd ref="394141593"/>
    <nd ref="394141595"/>
    <tag k="highway" v="residential"/>
    <tag k="name" v="Calle Nubia"/>
    <tag k="oneway" v="yes"/>
    <tag k="surface" v="asphalt"/>
  </way>
  <way id="126678437">
    <nd ref="1403764315"/>
    <nd ref="1403764333"/>
    <tag k="highway" v="residential"/>
    <tag k="name" v="Calle Floresta"/>
    <tag k="surface" v="asphalt"/>
  </way>
  <way id="126678441">
    <nd ref="1403764329"/>
    <nd ref="7966287299"/>
    <nd ref="8089004745"/>
    <nd ref="7966287300"/>
    <nd ref="1403764334"/>
    <tag k="highway" v="secondary_link"/>
    <tag k="lanes" v="2"/>
    <tag k="oneway" v="yes"/>
    <tag k="surface" v="asphalt"/>
  </way>
  <way id="126678446">
    <nd ref="372949320"/>
    <nd ref="8145463252"/>
    <nd ref="372949306"/>
    <tag k="highway" v="residential"/>
    <tag k="name" v="Calle Bocanegra"/>
  </way>
  <way id="126678455">
    <nd ref="382903938"/>
    <nd ref="1403764324"/>
    <tag k="highway" v="residential"/>
    <tag k="name" v="Calle Novedades"/>
    <tag k="oneway" v="yes"/>
    <tag k="surface" v="asphalt"/>
  </way>
  <way id="126678456">
    <nd ref="382903935"/>
    <nd ref="382903934"/>
    <tag k="highway" v="residential"/>
    <tag k="name" v="Calle Norte 87-B"/>
    <tag k="source" v="omael"/>
    <tag k="surface" v="asphalt"/>
  </way>
  <way id="126678458">
    <nd ref="394148486"/>
    <nd ref="394141487"/>
    <nd ref="394148469"/>
    <nd ref="394141590"/>
    <nd ref="7955901164"/>
    <nd ref="8505130833"/>
    <nd ref="8505130832"/>
    <nd ref="8505130831"/>
    <nd ref="394145895"/>
    <tag k="highway" v="residential"/>
    <tag k="name" v="Calle Egipto"/>
    <tag k="oneway" v="no"/>
    <tag k="sidewalk" v="both"/>
    <tag k="surface" v="asphalt"/>
  </way>
  <way id="126678467">
    <nd ref="394141703"/>
    <nd ref="394141704"/>
    <nd ref="394141705"/>
    <nd ref="8136883181"/>
    <nd ref="8743486067"/>
    <nd ref="394146462"/>
    <nd ref="394147057"/>
    <nd ref="394141574"/>
    <nd ref="10873388289"/>
    <nd ref="394144746"/>
    <nd ref="1403884788"/>
    <nd ref="394141706"/>
    <tag k="highway" v="residential"/>
    <tag k="name" v="Calle Cairo"/>
    <tag k="oneway" v="yes"/>
    <tag k="sidewalk" v="both"/>
    <tag k="surface" v="asphalt"/>
  </way>
  <way id="126678474">
    <nd ref="1403764306"/>
    <nd ref="1403764331"/>
    <nd ref="394141875"/>
    <tag k="highway" v="residential"/>
    <tag k="name" v="Calle Texcoco"/>
    <tag k="oneway" v="yes"/>
    <tag k="surface" v="asphalt"/>
  </way>
  <way id="126678475">
    <nd ref="271598528"/>
    <nd ref="271600570"/>
    <nd ref="271592329"/>
    <nd ref="271592310"/>
    <nd ref="1417791900"/>
    <nd ref="271592311"/>
    <nd ref="271592313"/>
    <nd ref="271592314"/>
    <nd ref="1417791911"/>
    <nd ref="271592316"/>
    <tag k="bridge" v="yes"/>
    <tag k="highway" v="motorway"/>
    <tag k="lanes" v="3"/>
    <tag k="layer" v="1"/>
    <tag k="name" v="Avenida Aquiles Serdán"/>
    <tag k="oneway" v="yes"/>
    <tag k="surface" v="asphalt"/>
  </way>
  <way id="126678480">
    <nd ref="394151484"/>
    <nd ref="394141601"/>
    <nd ref="394145895"/>
    <tag k="highway" v="tertiary"/>
    <tag k="lanes" v="2"/>
    <tag k="name" v="Calle Palestina"/>
    <tag k="oneway" v="yes"/>
    <tag k="surface" v="asphalt"/>
  </way>
  <way id="126678489">
    <nd ref="394159231"/>
    <nd ref="394159284"/>
    <nd ref="394159250"/>
    <nd ref="394159232"/>
    <tag k="highway" v="residential"/>
    <tag k="name" v="Calle Norte 77"/>
    <tag k="oneway" v="no"/>
    <tag k="surface" v="asphalt"/>
  </way>
  <way id="126678497">
    <nd ref="394145886"/>
    <nd ref="8134092025"/>
    <nd ref="8135769055"/>
    <nd ref="8134092024"/>
    <nd ref="8743486075"/>
    <nd ref="8743486073"/>
    <nd ref="394145888"/>
    <tag k="highway" v="residential"/>
    <tag k="name" v="Calle Floresta"/>
    <tag k="surface" v="asphalt"/>
  </way>
  <way id="126678502">
    <nd ref="394141687"/>
    <nd ref="7955809826"/>
    <nd ref="394151499"/>
    <nd ref="12126628512"/>
    <nd ref="394141682"/>
    <tag k="highway" v="residential"/>
    <tag k="name" v="Calle Irapuato"/>
    <tag k="oneway" v="yes"/>
    <tag k="surface" v="asphalt"/>
  </way>
  <way id="126678504">
    <nd ref="60978300"/>
    <nd ref="1865189500"/>
    <nd ref="382903887"/>
    <nd ref="1403764334"/>
    <nd ref="382903886"/>
    <nd ref="382903892"/>
    <nd ref="382903891"/>
    <nd ref="10043584703"/>
    <nd ref="47053905"/>
    <nd ref="1865185443"/>
    <nd ref="10043584693"/>
    <nd ref="1865185442"/>
    <nd ref="1403764318"/>
    <nd ref="382903945"/>
    <nd ref="382903944"/>
    <nd ref="8000859823"/>
    <nd ref="382903935"/>
    <nd ref="8342745788"/>
    <nd ref="8504998689"/>
    <nd ref="8643469195"/>
    <nd ref="382903936"/>
    <nd ref="8000859824"/>
    <nd ref="382903930"/>
    <tag k="highway" v="secondary"/>
    <tag k="lanes" v="2"/>
    <tag k="maxspeed" v="50"/>
    <tag k="maxspeed:type" v="sign"/>
    <tag k="name" v="Calle Salónica"/>
    <tag k="oneway" v="yes"/>
    <tag k="surface" v="asphalt"/>
  </way>
  <way id="126678507">
    <nd ref="394145895"/>
    <nd ref="394151488"/>
    <nd ref="8505130834"/>
    <nd ref="394141687"/>
    <tag k="highway" v="tertiary"/>
    <tag k="lanes" v="4"/>
    <tag k="name" v="Calle Egipto"/>
    <tag k="oneway" v="no"/>
    <tag k="sidewalk" v="both"/>
    <tag k="surface" v="asphalt"/>
  </way>
  <way id="126705603">
    <nd ref="1403884783"/>
    <nd ref="394146786"/>
    <tag k="highway" v="residential"/>
    <tag k="name" v="Calle Moreras"/>
    <tag k="oneway" v="yes"/>
    <tag k="surface" v="asphalt"/>
  </way>
  <way id="126705604">
    <nd ref="1403884785"/>
    <nd ref="1403884787"/>
    <tag k="highway" v="residential"/>
    <tag k="name" v="2a Cerrada de Tebas"/>
    <tag k="surface" v="asphalt"/>
  </way>
  <way id="126705606">
    <nd ref="1403884788"/>
    <nd ref="1403884774"/>
    <tag k="highway" v="residential"/>
    <tag k="name" v="1a Cerrada de Tebas"/>
    <tag k="surface" v="asphalt"/>
  </way>
  <way id="126748181">
    <nd ref="394152254"/>
    <nd ref="8505130830"/>
    <nd ref="1404219178"/>
    <tag k="highway" v="residential"/>
    <tag k="name" v="Calle Partenón"/>
    <tag k="oneway" v="no"/>
    <tag k="surface" v="asphalt"/>
  </way>
  <way id="126763067">
    <nd ref="394141493"/>
    <nd ref="394145886"/>
    <nd ref="1404393988"/>
    <nd ref="10873388288"/>
    <nd ref="394141574"/>
    <tag k="highway" v="residential"/>
    <tag k="name" v="Calle Nilo"/>
    <tag k="oneway" v="no"/>
    <tag k="surface" v="asphalt"/>
  </way>
  <way id="126763070">
    <nd ref="1404393979"/>
    <nd ref="1404393976"/>
    <nd ref="10873388290"/>
    <nd ref="1404393988"/>
    <nd ref="10873400506"/>
    <nd ref="8505130827"/>
    <nd ref="8505130826"/>
    <nd ref="8505130825"/>
    <nd ref="1404393952"/>
    <nd ref="394147057"/>
    <tag k="highway" v="residential"/>
    <tag k="name" v="Calle Novedades"/>
    <tag k="oneway" v="no"/>
    <tag k="surface" v="asphalt"/>
  </way>
  <way id="126763072">
    <nd ref="7982020531"/>
    <nd ref="10043584692"/>
    <nd ref="382903932"/>
    <nd ref="7955539286"/>
    <nd ref="10043584687"/>
    <nd ref="6376355914"/>
    <nd ref="1404393972"/>
    <tag k="destination:ref" v="EJE 3 NTE"/>
    <tag k="highway" v="primary_link"/>
    <tag k="lanes" v="1"/>
    <tag k="oneway" v="yes"/>
    <tag k="surface" v="asphalt"/>
  </way>
  <way id="126772480">
    <nd ref="271595170"/>
    <nd ref="1404444950"/>
    <tag k="destination" v="Heliopolis;Salonica"/>
    <tag k="highway" v="motorway_link"/>
    <tag k="lanes" v="1"/>
    <tag k="oneway" v="yes"/>
    <tag k="surface" v="asphalt"/>
  </way>
  <way id="126772494">
    <nd ref="1404444980"/>
    <nd ref="1404444932"/>
    <tag k="highway" v="motorway_link"/>
    <tag k="lanes" v="1"/>
    <tag k="oneway" v="yes"/>
    <tag k="surface" v="asphalt"/>
  </way>
  <way id="126772495">
    <nd ref="1404444988"/>
    <nd ref="10245458452"/>
    <nd ref="6100641257"/>
    <nd ref="1404444979"/>
    <nd ref="1404444943"/>
    <nd ref="1404444935"/>
    <nd ref="2377736121"/>
    <nd ref="1417791936"/>
    <nd ref="7913394814"/>
    <nd ref="8129173742"/>
    <nd ref="2377733919"/>
    <nd ref="1404444971"/>
    <nd ref="1404444983"/>
    <nd ref="6135298902"/>
    <nd ref="271529654"/>
    <nd ref="6099310297"/>
    <nd ref="271529655"/>
    <nd ref="271529656"/>
    <tag k="bus:lanes" v="|designated"/>
    <tag k="highway" v="tertiary"/>
    <tag k="lanes" v="2"/>
    <tag k="maxspeed" v="40"/>
    <tag k="maxspeed:type" v="sign"/>
    <tag k="name" v="Avenida Aquiles Serdán"/>
    <tag k="oneway" v="yes"/>
    <tag k="surface" v="asphalt"/>
  </way>
  <way id="126772498">
    <nd ref="382904201"/>
    <nd ref="382903891"/>
    <tag k="highway" v="residential"/>
    <tag k="name" v="Calle Norte 81-A"/>
    <tag k="oneway" v="yes"/>
    <tag k="source" v="yahoo"/>
    <tag k="surface" v="asphalt"/>
  </way>
  <way id="126778537">
    <nd ref="1404497734"/>
    <nd ref="1404497726"/>
    <tag k="highway" v="primary_link"/>
    <tag k="lanes" v="2"/>
    <tag k="oneway" v="no"/>
    <tag k="surface" v="asphalt"/>
  </way>
  <way id="128250766">
    <nd ref="1417791852"/>
    <nd ref="7914348751"/>
    <nd ref="10707991861"/>
    <nd ref="372948824"/>
    <nd ref="372948897"/>
    <nd ref="372948963"/>
    <nd ref="7873373583"/>
    <tag k="bus:lanes" v="|||designated"/>
    <tag k="highway" v="secondary"/>
    <tag k="lanes" v="4"/>
    <tag k="maxspeed" v="50"/>
    <tag k="maxspeed:type" v="sign"/>
    <tag k="name" v="Avenida Marina Nacional"/>
    <tag k="oneway" v="yes"/>
    <tag k="surface" v="asphalt"/>
  </way>
  <way id="128250768">
    <nd ref="271598602"/>
    <nd ref="7873349049"/>
    <nd ref="7873349050"/>
    <nd ref="7873349051"/>
    <nd ref="1417722252"/>
    <nd ref="271598528"/>
    <tag k="alt_name" v="Avenida Marina Nacional"/>
    <tag k="highway" v="motorway"/>
    <tag k="lanes" v="3"/>
    <tag k="name" v="Avenida Aquiles Serdán"/>
    <tag k="oneway" v="yes"/>
    <tag k="surface" v="asphalt"/>
  </way>
  <way id="128255275">
    <nd ref="271592352"/>
    <nd ref="31319297"/>
    <nd ref="31319296"/>
    <nd ref="31319295"/>
    <nd ref="271599148"/>
    <nd ref="31319292"/>
    <nd ref="7873348995"/>
    <nd ref="7873348996"/>
    <nd ref="1417791896"/>
    <nd ref="1932723171"/>
    <nd ref="61328804"/>
    <nd ref="271590730"/>
    <nd ref="271598818"/>
    <tag k="bridge" v="yes"/>
    <tag k="highway" v="motorway"/>
    <tag k="lanes" v="3"/>
    <tag k="layer" v="1"/>
    <tag k="name" v="Avenida Aquiles Serdán"/>
    <tag k="oneway" v="yes"/>
    <tag k="surface" v="asphalt"/>
  </way>
  <way id="128255282">
    <nd ref="1417791930"/>
    <nd ref="271529420"/>
    <nd ref="271529419"/>
    <tag k="bridge" v="yes"/>
    <tag k="highway" v="motorway"/>
    <tag k="lanes" v="3"/>
    <tag k="layer" v="1"/>
    <tag k="maxspeed" v="80"/>
    <tag k="maxspeed:type" v="sign"/>
    <tag k="name" v="Avenida Aquiles Serdán"/>
    <tag k="oneway" v="yes"/>
    <tag k="ref" v="RADIAL 6"/>
    <tag k="surface" v="asphalt"/>
  </way>
  <way id="128255283">
    <nd ref="1417791928"/>
    <nd ref="1404444928"/>
    <nd ref="31319305"/>
    <nd ref="31319307"/>
    <nd ref="1417791945"/>
    <tag k="highway" v="motorway"/>
    <tag k="lanes" v="3"/>
    <tag k="maxspeed" v="80"/>
    <tag k="maxspeed:type" v="sign"/>
    <tag k="name" v="Avenida Aquiles Serdán"/>
    <tag k="oneway" v="yes"/>
    <tag k="ref" v="RADIAL 6"/>
    <tag k="surface" v="asphalt"/>
  </way>
  <way id="128255284">
    <nd ref="271529419"/>
    <nd ref="1417791926"/>
    <nd ref="2377725657"/>
    <nd ref="271594905"/>
    <nd ref="1417791912"/>
    <nd ref="2377724415"/>
    <nd ref="271592352"/>
    <tag k="highway" v="motorway"/>
    <tag k="lanes" v="3"/>
    <tag k="maxspeed" v="80"/>
    <tag k="maxspeed:type" v="sign"/>
    <tag k="name" v="Avenida Aquiles Serdán"/>
    <tag k="oneway" v="yes"/>
    <tag k="ref" v="RADIAL 6"/>
    <tag k="surface" v="asphalt"/>
  </way>
  <way id="128255285">
    <nd ref="1417791946"/>
    <nd ref="1417791941"/>
    <nd ref="271597355"/>
    <nd ref="271595218"/>
    <nd ref="1417791930"/>
    <tag k="highway" v="motorway"/>
    <tag k="lanes" v="3"/>
    <tag k="maxspeed" v="80"/>
    <tag k="maxspeed:type" v="sign"/>
    <tag k="name" v="Avenida Aquiles Serdán"/>
    <tag k="oneway" v="yes"/>
    <tag k="ref" v="RADIAL 6"/>
    <tag k="surface" v="asphalt"/>
  </way>
  <way id="128255288">
    <nd ref="7869708891"/>
    <nd ref="7869708892"/>
    <nd ref="7920986541"/>
    <tag k="highway" v="steps"/>
  </way>
  <way id="128255290">
    <nd ref="1417791853"/>
    <nd ref="1417791852"/>
    <tag k="highway" v="secondary_link"/>
    <tag k="lanes" v="2"/>
    <tag k="surface" v="asphalt"/>
  </way>
  <way id="128255296">
    <nd ref="1417791926"/>
    <nd ref="1417791922"/>
    <tag k="highway" v="motorway_link"/>
    <tag k="lanes" v="1"/>
    <tag k="oneway" v="yes"/>
    <tag k="surface" v="asphalt"/>
  </way>
  <way id="128255298">
    <nd ref="2459293360"/>
    <nd ref="1417791912"/>
    <tag k="highway" v="motorway_link"/>
    <tag k="lanes" v="1"/>
    <tag k="oneway" v="yes"/>
    <tag k="surface" v="asphalt"/>
  </way>
  <way id="128255303">
    <nd ref="271529656"/>
    <nd ref="7753560418"/>
    <nd ref="271529657"/>
    <nd ref="1417791927"/>
    <nd ref="2884387700"/>
    <nd ref="1417791922"/>
    <nd ref="2377725647"/>
    <nd ref="2884387666"/>
    <nd ref="2459293360"/>
    <nd ref="2377724406"/>
    <nd ref="2884387677"/>
    <nd ref="2459293367"/>
    <nd ref="2459293373"/>
    <nd ref="2459293361"/>
    <nd ref="10043688830"/>
    <nd ref="8137557202"/>
    <nd ref="12030019755"/>
    <nd ref="2459293362"/>
    <nd ref="8134280880"/>
    <nd ref="1417791909"/>
    <nd ref="1417791906"/>
    <nd ref="2459293368"/>
    <nd ref="7914059803"/>
    <nd ref="7914059804"/>
    <nd ref="2459293371"/>
    <nd ref="64011091"/>
    <nd ref="956656269"/>
    <nd ref="1932723159"/>
    <tag k="bus:lanes" v="|designated"/>
    <tag k="foot" v="yes"/>
    <tag k="highway" v="tertiary"/>
    <tag k="lanes" v="2"/>
    <tag k="maxspeed" v="40"/>
    <tag k="maxspeed:type" v="sign"/>
    <tag k="name" v="Avenida Aquiles Serdán"/>
    <tag k="oneway" v="yes"/>
    <tag k="surface" v="asphalt"/>
  </way>
  <way id="134736797">
    <nd ref="1480964066"/>
    <nd ref="7897529162"/>
    <nd ref="6133467597"/>
    <nd ref="6133467598"/>
    <nd ref="6133467595"/>
    <nd ref="6133467593"/>
    <nd ref="392066398"/>
    <nd ref="7894921742"/>
    <nd ref="8142587976"/>
    <tag k="cycleway:left" v="no"/>
    <tag k="cycleway:right" v="track"/>
    <tag k="highway" v="tertiary"/>
    <tag k="lanes" v="2"/>
    <tag k="name" v="Calle Lago Chiem"/>
    <tag k="oneway" v="yes"/>
    <tag k="sidewalk" v="right"/>
    <tag k="surface" v="asphalt"/>
  </way>
  <way id="134736799">
    <nd ref="372949707"/>
    <nd ref="8142587975"/>
    <nd ref="1480964190"/>
    <nd ref="8140824184"/>
    <nd ref="372949606"/>
    <nd ref="1480964137"/>
    <nd ref="1480964115"/>
    <nd ref="373110743"/>
    <nd ref="7897529163"/>
    <nd ref="373110918"/>
    <nd ref="373110731"/>
    <nd ref="380224332"/>
    <tag k="cycleway:left" v="no"/>
    <tag k="cycleway:right" v="track"/>
    <tag k="highway" v="tertiary"/>
    <tag k="lanes" v="2"/>
    <tag k="name" v="Calle Lago Chiem"/>
    <tag k="oneway" v="yes"/>
    <tag k="sidewalk" v="right"/>
    <tag k="surface" v="asphalt"/>
  </way>
  <way id="139272988">
    <nd ref="1526796290"/>
    <nd ref="1526796215"/>
    <tag k="alt_name" v="Calle Segunda Cerrada Lago Trasimeno"/>
    <tag k="highway" v="service"/>
    <tag k="lanes" v="1"/>
    <tag k="name" v="Calle Segunda Privada Lago Trasimeno"/>
    <tag k="narrow" v="yes"/>
    <tag k="oneway" v="no"/>
    <tag k="service" v="alley"/>
    <tag k="surface" v="asphalt"/>
  </way>
  <way id="139272992">
    <nd ref="1526796191"/>
    <nd ref="372948916"/>
    <nd ref="372949496"/>
    <nd ref="372948892"/>
    <nd ref="372948959"/>
    <nd ref="372948875"/>
    <nd ref="1865195745"/>
    <nd ref="372948878"/>
    <nd ref="372948882"/>
    <nd ref="372948790"/>
    <tag k="highway" v="residential"/>
    <tag k="name" v="Calle Lago Garda"/>
    <tag k="oneway" v="yes"/>
    <tag k="surface" v="asphalt"/>
  </way>
  <way id="175951482">
    <nd ref="372949106"/>
    <nd ref="372949100"/>
    <tag k="highway" v="residential"/>
    <tag k="name" v="Calle Lago Como"/>
    <tag k="oneway" v="yes"/>
    <tag k="surface" v="asphalt"/>
  </way>
  <way id="175951483">
    <nd ref="1865195750"/>
    <nd ref="1865195747"/>
    <tag k="highway" v="residential"/>
    <tag k="name" v="Calle Mar Negro"/>
    <tag k="oneway" v="yes"/>
    <tag k="surface" v="asphalt"/>
  </way>
  <way id="175952210">
    <nd ref="373110750"/>
    <nd ref="1865202516"/>
    <nd ref="13971784051"/>
    <nd ref="1865202519"/>
    <tag k="highway" v="residential"/>
    <tag k="name" v="Calle Colegio Militar"/>
    <tag k="surface" v="asphalt"/>
  </way>
  <way id="175952212">
    <nd ref="372949421"/>
    <nd ref="1865202511"/>
    <nd ref="1865202514"/>
    <tag k="highway" v="residential"/>
    <tag k="name" v="Calle Mar Adriático"/>
    <tag k="oneway" v="yes"/>
    <tag k="surface" v="asphalt"/>
  </way>
  <way id="175952213">
    <nd ref="372948797"/>
    <nd ref="8129265348"/>
    <tag k="highway" v="residential"/>
    <tag k="name" v="Calle Laguna del Carmen"/>
    <tag k="surface" v="asphalt"/>
  </way>
  <way id="175952214">
    <nd ref="1865202493"/>
    <nd ref="1865202499"/>
    <tag k="highway" v="residential"/>
    <tag k="name" v="Calle Lago Texcoco"/>
    <tag k="oneway" v="yes"/>
    <tag k="surface" v="asphalt"/>
  </way>
  <way id="175952216">
    <nd ref="10039622600"/>
    <nd ref="13971784049"/>
    <nd ref="10039578585"/>
    <nd ref="10039622599"/>
    <nd ref="10039622602"/>
    <nd ref="10039622595"/>
    <nd ref="10039622603"/>
    <nd ref="10039622604"/>
    <nd ref="372948754"/>
    <tag k="highway" v="footway"/>
  </way>
  <way id="182917059">
    <nd ref="4856499518"/>
    <nd ref="7238049831"/>
    <nd ref="7238049840"/>
    <nd ref="4919737493"/>
    <nd ref="7894834816"/>
    <nd ref="12123579867"/>
    <nd ref="990830004"/>
    <nd ref="1588718396"/>
    <nd ref="7908978150"/>
    <nd ref="7908978152"/>
    <nd ref="7917771019"/>
    <nd ref="4211244220"/>
    <nd ref="8747281665"/>
    <nd ref="8140674006"/>
    <nd ref="7909075937"/>
    <nd ref="8747281659"/>
    <nd ref="2898035847"/>
    <nd ref="7909075939"/>
    <nd ref="2898035845"/>
    <nd ref="372949846"/>
    <nd ref="7917373647"/>
    <nd ref="372949649"/>
    <nd ref="10030352571"/>
    <nd ref="372949659"/>
    <nd ref="271600756"/>
    <tag k="highway" v="secondary"/>
    <tag k="lanes" v="3"/>
    <tag k="maxspeed" v="50"/>
    <tag k="maxspeed:type" v="sign"/>
    <tag k="name" v="Calzada Legaria"/>
    <tag k="oneway" v="yes"/>
    <tag k="surface" v="asphalt"/>
  </way>
  <way id="182917064">
    <nd ref="1932723154"/>
    <nd ref="1932723158"/>
    <tag k="highway" v="service"/>
    <tag k="service" v="parking_aisle"/>
    <tag k="surface" v="concrete"/>
  </way>
  <way id="182917066">
    <nd ref="61631985"/>
    <nd ref="10030352599"/>
    <nd ref="1932723170"/>
    <tag k="highway" v="motorway_link"/>
    <tag k="lanes" v="2"/>
    <tag k="oneway" v="yes"/>
    <tag k="surface" v="asphalt"/>
  </way>
  <way id="182917067">
    <nd ref="1417791870"/>
    <nd ref="271592864"/>
    <tag k="bridge" v="yes"/>
    <tag k="destination" v="Calzada Legaría"/>
    <tag k="highway" v="motorway_link"/>
    <tag k="lanes" v="2"/>
    <tag k="layer" v="1"/>
    <tag k="oneway" v="yes"/>
    <tag k="surface" v="asphalt"/>
  </way>
  <way id="182917079">
    <nd ref="271600120"/>
    <nd ref="1932723154"/>
    <nd ref="1932723160"/>
    <tag k="highway" v="service"/>
    <tag k="surface" v="concrete"/>
  </way>
  <way id="182934772">
    <nd ref="394152830"/>
    <nd ref="1932895710"/>
    <nd ref="12031527809"/>
    <nd ref="1932895707"/>
    <nd ref="1932895706"/>
    <nd ref="1932895705"/>
    <nd ref="6135326940"/>
    <nd ref="1932895703"/>
    <nd ref="1932895701"/>
    <nd ref="6135326935"/>
    <nd ref="1932895698"/>
    <nd ref="1932895696"/>
    <nd ref="1932895692"/>
    <nd ref="1932895691"/>
    <nd ref="8137557208"/>
    <nd ref="10881941964"/>
    <nd ref="1932895687"/>
    <tag k="highway" v="residential"/>
    <tag k="name" v="Calle Mar del Norte"/>
    <tag k="surface" v="asphalt"/>
  </way>
  <way id="182934818">
    <nd ref="1932895707"/>
    <nd ref="1932895709"/>
    <nd ref="8134280889"/>
    <nd ref="1932895716"/>
    <nd ref="1932895719"/>
    <tag k="highway" v="residential"/>
    <tag k="name" v="Calle Benito Juárez"/>
    <tag k="surface" v="asphalt"/>
  </way>
  <way id="182934820">
    <nd ref="6182548517"/>
    <nd ref="372949873"/>
    <nd ref="373110931"/>
    <nd ref="8140824170"/>
    <nd ref="372948966"/>
    <tag k="highway" v="residential"/>
    <tag k="name" v="Calle Lago Espiridino"/>
    <tag k="oneway" v="yes"/>
    <tag k="surface" v="asphalt"/>
  </way>
  <way id="182934828">
    <nd ref="1932895721"/>
    <nd ref="8137557200"/>
    <nd ref="1932895727"/>
    <nd ref="1404444927"/>
    <tag k="highway" v="residential"/>
    <tag k="name" v="Calle Primavera"/>
    <tag k="oneway" v="yes"/>
    <tag k="surface" v="asphalt"/>
  </way>
  <way id="182934837">
    <nd ref="1932895502"/>
    <nd ref="1932895498"/>
    <nd ref="7898565872"/>
    <nd ref="7898565871"/>
    <nd ref="1932895496"/>
    <nd ref="7898565874"/>
    <nd ref="1932895490"/>
    <nd ref="7898565875"/>
    <nd ref="7898565877"/>
    <nd ref="2898035846"/>
    <tag k="highway" v="residential"/>
    <tag k="name" v="Callejón San Juanico"/>
    <tag k="surface" v="asphalt"/>
  </way>
  <way id="182934838">
    <nd ref="271601282"/>
    <nd ref="10030266404"/>
    <nd ref="7931899714"/>
    <nd ref="7931899713"/>
    <nd ref="271601632"/>
    <nd ref="1932895680"/>
    <nd ref="271601633"/>
    <nd ref="1932895683"/>
    <nd ref="271601634"/>
    <nd ref="1932895685"/>
    <nd ref="1932895684"/>
    <nd ref="271601630"/>
    <tag k="highway" v="service"/>
    <tag k="surface" v="asphalt"/>
  </way>
  <way id="182936186">
    <nd ref="1932912873"/>
    <nd ref="13971763864"/>
    <nd ref="10039578571"/>
    <nd ref="372949200"/>
    <tag k="highway" v="residential"/>
    <tag k="name" v="Calle Reyna Xóchitl"/>
    <tag k="oneway" v="yes"/>
    <tag k="sidewalk" v="both"/>
    <tag k="surface" v="asphalt"/>
  </way>
  <way id="182936188">
    <nd ref="372949282"/>
    <nd ref="10913560142"/>
    <nd ref="1865202539"/>
    <nd ref="372949057"/>
    <tag k="highway" v="residential"/>
    <tag k="name" v="Calle Mar Caribe"/>
    <tag k="oneway" v="yes"/>
    <tag k="surface" v="asphalt"/>
  </way>
  <way id="182938110">
    <nd ref="1932933924"/>
    <nd ref="1932933925"/>
    <tag k="highway" v="residential"/>
    <tag k="name" v="Calle Lago Catemaco"/>
    <tag k="surface" v="asphalt"/>
  </way>
  <way id="182938112">
    <nd ref="1932933927"/>
    <nd ref="13971763866"/>
    <nd ref="1932933929"/>
    <tag k="highway" v="residential"/>
    <tag k="name" v="Cerrada de Popotla"/>
    <tag k="surface" v="asphalt"/>
  </way>
  <way id="182938113">
    <nd ref="8628895855"/>
    <nd ref="6338105805"/>
    <nd ref="11774709784"/>
    <nd ref="11774709786"/>
    <nd ref="11774709788"/>
    <nd ref="1932933925"/>
    <tag k="highway" v="living_street"/>
    <tag k="name" v="Calle Lago Xochimilco"/>
    <tag k="surface" v="paving_stones"/>
  </way>
  <way id="205131167">
    <nd ref="380224294"/>
    <nd ref="3035570514"/>
    <nd ref="380224293"/>
    <nd ref="380224295"/>
    <nd ref="372948938"/>
    <nd ref="372949541"/>
    <tag k="highway" v="residential"/>
    <tag k="name" v="Calle Lago Onega"/>
    <tag k="oneway" v="yes"/>
    <tag k="surface" v="asphalt"/>
  </way>
  <way id="217727041">
    <nd ref="2270291536"/>
    <nd ref="2270291538"/>
    <tag k="bridge" v="yes"/>
    <tag k="highway" v="footway"/>
    <tag k="layer" v="1"/>
  </way>
  <way id="218070878">
    <nd ref="372948786"/>
    <nd ref="10698051826"/>
    <nd ref="10698051827"/>
    <nd ref="10698051829"/>
    <nd ref="10698051830"/>
    <nd ref="372948783"/>
    <tag k="highway" v="residential"/>
    <tag k="name" v="Calle Lago Tus"/>
    <tag k="oneway" v="yes"/>
    <tag k="surface" v="asphalt"/>
  </way>
  <way id="229140544">
    <nd ref="2377718534"/>
    <nd ref="2377718542"/>
    <nd ref="10030352581"/>
    <nd ref="10030352518"/>
    <nd ref="10030352517"/>
    <nd ref="10030266416"/>
    <nd ref="7918143223"/>
    <nd ref="10030266415"/>
    <nd ref="10030266414"/>
    <nd ref="10030352570"/>
    <tag k="highway" v="footway"/>
  </way>
  <way id="229140545">
    <nd ref="7872777535"/>
    <nd ref="2377718544"/>
    <tag k="bridge" v="yes"/>
    <tag k="highway" v="footway"/>
    <tag k="layer" v="1"/>
  </way>
  <way id="229140546">
    <nd ref="2377718544"/>
    <nd ref="2377718536"/>
    <nd ref="2377718537"/>
    <nd ref="2377718538"/>
    <nd ref="12031530707"/>
    <tag k="highway" v="steps"/>
  </way>
  <way id="229140547">
    <nd ref="2377718534"/>
    <nd ref="12031530708"/>
    <nd ref="2270291538"/>
    <tag k="highway" v="steps"/>
  </way>
  <way id="229140548">
    <nd ref="2377718540"/>
    <nd ref="2270291536"/>
    <tag k="highway" v="steps"/>
  </way>
  <way id="229141173">
    <nd ref="2377724410"/>
    <nd ref="2377724413"/>
    <tag k="highway" v="steps"/>
  </way>
  <way id="229141174">
    <nd ref="2377724413"/>
    <nd ref="2377724406"/>
    <nd ref="2377724411"/>
    <nd ref="2377724415"/>
    <tag k="highway" v="footway"/>
  </way>
  <way id="229141175">
    <nd ref="2377724404"/>
    <nd ref="2377724414"/>
    <tag k="highway" v="steps"/>
  </way>
  <way id="229141176">
    <nd ref="2377724404"/>
    <nd ref="2377724412"/>
    <tag k="highway" v="footway"/>
  </way>
  <way id="229141177">
    <nd ref="2377724414"/>
    <nd ref="2377724405"/>
    <nd ref="2377724409"/>
    <nd ref="2377724408"/>
    <nd ref="2377724416"/>
    <nd ref="2377724410"/>
    <tag k="bridge" v="yes"/>
    <tag k="highway" v="footway"/>
    <tag k="layer" v="1"/>
  </way>
  <way id="229141371">
    <nd ref="2377725654"/>
    <nd ref="2377725650"/>
    <tag k="highway" v="steps"/>
  </way>
  <way id="229141372">
    <nd ref="2377725646"/>
    <nd ref="2377725655"/>
    <tag k="highway" v="steps"/>
  </way>
  <way id="229141374">
    <nd ref="2377725650"/>
    <nd ref="2377725644"/>
    <nd ref="2377725648"/>
    <nd ref="2377725651"/>
    <nd ref="2377725652"/>
    <nd ref="2377725646"/>
    <tag k="bridge" v="yes"/>
    <tag k="highway" v="footway"/>
    <tag k="layer" v="1"/>
  </way>
  <way id="229141375">
    <nd ref="2377725655"/>
    <nd ref="2377725649"/>
    <tag k="highway" v="footway"/>
  </way>
  <way id="238065152">
    <nd ref="6656594931"/>
    <nd ref="10030352534"/>
    <nd ref="12030051908"/>
    <nd ref="12030051909"/>
    <nd ref="12030019756"/>
    <nd ref="10030352535"/>
    <nd ref="10030352536"/>
    <nd ref="10030352537"/>
    <nd ref="10030352538"/>
    <nd ref="10030352539"/>
    <nd ref="10030352540"/>
    <nd ref="10030352541"/>
    <nd ref="10030352542"/>
    <nd ref="10030352543"/>
    <nd ref="10030352544"/>
    <nd ref="10030352545"/>
    <nd ref="10030352546"/>
    <nd ref="2459293369"/>
    <tag k="highway" v="footway"/>
  </way>
  <way id="238065707">
    <nd ref="372949255"/>
    <nd ref="1404444986"/>
    <nd ref="8000656844"/>
    <nd ref="8000656845"/>
    <nd ref="1404444956"/>
    <nd ref="8134280885"/>
    <nd ref="1404444990"/>
    <nd ref="7753560417"/>
    <nd ref="1865863142"/>
    <nd ref="1404444945"/>
    <nd ref="1404444955"/>
    <nd ref="6364321731"/>
    <nd ref="10030352533"/>
    <nd ref="1404444991"/>
    <nd ref="1404444927"/>
    <nd ref="2377724412"/>
    <nd ref="1404444926"/>
    <nd ref="1404444950"/>
    <nd ref="1404444957"/>
    <nd ref="2377725649"/>
    <nd ref="1404444980"/>
    <nd ref="1404444974"/>
    <nd ref="1404444944"/>
    <nd ref="271529557"/>
    <nd ref="7753560420"/>
    <nd ref="271529556"/>
    <tag k="bus:lanes" v="|designated"/>
    <tag k="foot" v="yes"/>
    <tag k="highway" v="tertiary"/>
    <tag k="lanes" v="2"/>
    <tag k="maxspeed" v="40"/>
    <tag k="maxspeed:type" v="sign"/>
    <tag k="name" v="Avenida Aquiles Serdán"/>
    <tag k="oneway" v="yes"/>
    <tag k="surface" v="asphalt"/>
  </way>
  <way id="277170874">
    <nd ref="1970822718"/>
    <nd ref="2267338850"/>
    <nd ref="2884387920"/>
    <nd ref="271529656"/>
    <nd ref="9445154533"/>
    <tag k="highway" v="secondary"/>
    <tag k="lanes" v="3"/>
    <tag k="maxspeed" v="50"/>
    <tag k="maxspeed:type" v="sign"/>
    <tag k="name" v="Avenida 5 de Mayo"/>
    <tag k="oneway" v="yes"/>
    <tag k="surface" v="asphalt"/>
  </way>
  <way id="281955584">
    <nd ref="1932723176"/>
    <nd ref="12031529497"/>
    <nd ref="1932723172"/>
    <nd ref="1932723168"/>
    <nd ref="2859138496"/>
    <nd ref="2859138495"/>
    <nd ref="271599771"/>
    <tag k="bridge" v="yes"/>
    <tag k="destination" v="Insurgentes Centro"/>
    <tag k="highway" v="motorway_link"/>
    <tag k="lanes" v="1"/>
    <tag k="layer" v="1"/>
    <tag k="oneway" v="yes"/>
    <tag k="surface" v="asphalt"/>
  </way>
  <way id="284728230">
    <nd ref="2884387910"/>
    <nd ref="2884387914"/>
    <nd ref="2884387651"/>
    <nd ref="2884387911"/>
    <nd ref="2884387909"/>
    <nd ref="2884387659"/>
    <nd ref="2884387904"/>
    <nd ref="2884387660"/>
    <nd ref="2884387672"/>
    <tag k="highway" v="service"/>
  </way>
  <way id="284728235">
    <nd ref="2884387653"/>
    <nd ref="2884387666"/>
    <tag k="highway" v="residential"/>
    <tag k="name" v="Calle Estio"/>
    <tag k="surface" v="asphalt"/>
  </way>
  <way id="284728237">
    <nd ref="2884387698"/>
    <nd ref="2884387700"/>
    <tag k="highway" v="residential"/>
    <tag k="name" v="Calle Otoño"/>
    <tag k="surface" v="asphalt"/>
  </way>
  <way id="286143634">
    <nd ref="3430682069"/>
    <nd ref="372949583"/>
    <nd ref="1526796191"/>
    <tag k="highway" v="residential"/>
    <tag k="name" v="Calle Lago Armentia"/>
    <tag k="surface" v="asphalt"/>
  </way>
  <way id="286187731">
    <nd ref="2898253866"/>
    <nd ref="2898253862"/>
    <nd ref="2898253864"/>
    <nd ref="2898253865"/>
    <tag k="destination" v="Aquiles Serdan"/>
    <tag k="highway" v="secondary_link"/>
    <tag k="lanes" v="2"/>
    <tag k="oneway" v="yes"/>
    <tag k="surface" v="asphalt"/>
  </way>
  <way id="290242818">
    <nd ref="47053905"/>
    <nd ref="10043584686"/>
    <nd ref="382903882"/>
    <nd ref="1404444930"/>
    <nd ref="2937932899"/>
    <nd ref="3228723992"/>
    <nd ref="2937932900"/>
    <tag k="highway" v="tertiary"/>
    <tag k="lanes" v="4"/>
    <tag k="name" v="Calle Norte 83"/>
    <tag k="surface" v="asphalt"/>
  </way>
  <way id="290276110">
    <nd ref="8861557944"/>
    <nd ref="8861557943"/>
    <nd ref="385638890"/>
    <nd ref="1404444973"/>
    <nd ref="4503010976"/>
    <nd ref="2459309460"/>
    <nd ref="8129173752"/>
    <nd ref="385638889"/>
    <nd ref="385638887"/>
    <nd ref="385638886"/>
    <nd ref="2938268490"/>
    <nd ref="385638884"/>
    <nd ref="1404444938"/>
    <nd ref="1932473831"/>
    <nd ref="1404444967"/>
    <tag k="highway" v="residential"/>
    <tag k="name" v="Calle Centenario"/>
    <tag k="oneway" v="yes"/>
    <tag k="surface" v="asphalt"/>
  </way>
  <way id="290276124">
    <nd ref="391104625"/>
    <nd ref="1403764297"/>
    <nd ref="1403884785"/>
    <nd ref="1403764321"/>
    <tag k="highway" v="residential"/>
    <tag k="name" v="Calle Cairo"/>
    <tag k="surface" v="asphalt"/>
  </way>
  <way id="290468857">
    <nd ref="8089046385"/>
    <nd ref="60978423"/>
    <nd ref="60978425"/>
    <nd ref="1865189500"/>
    <nd ref="1865189498"/>
    <nd ref="6364001892"/>
    <nd ref="1865189492"/>
    <nd ref="3050372723"/>
    <nd ref="11680363329"/>
    <nd ref="7982345886"/>
    <nd ref="5849850870"/>
    <tag k="highway" v="secondary"/>
    <tag k="lanes" v="3"/>
    <tag k="maxspeed" v="50"/>
    <tag k="maxspeed:type" v="sign"/>
    <tag k="name" v="Avenida de las Granjas"/>
    <tag k="oneway" v="yes"/>
    <tag k="surface" v="asphalt"/>
  </way>
  <way id="293066383">
    <nd ref="372949306"/>
    <nd ref="372949226"/>
    <nd ref="394152789"/>
    <nd ref="394148962"/>
    <nd ref="394141680"/>
    <nd ref="394141687"/>
    <tag k="highway" v="residential"/>
    <tag k="name" v="Calle Bocanegra"/>
    <tag k="oneway" v="yes"/>
    <tag k="surface" v="asphalt"/>
  </way>
  <way id="325146732">
    <nd ref="6311236715"/>
    <nd ref="7990231321"/>
    <nd ref="7990231320"/>
    <nd ref="7990231319"/>
    <nd ref="7990231318"/>
    <nd ref="394141589"/>
    <nd ref="6095648516"/>
    <nd ref="394152306"/>
    <nd ref="1404219178"/>
    <tag k="highway" v="residential"/>
    <tag k="name" v="Calle Itaca"/>
    <tag k="oneway" v="no"/>
    <tag k="surface" v="asphalt"/>
  </way>
  <way id="335977852">
    <nd ref="372948978"/>
    <nd ref="372949791"/>
    <nd ref="373110746"/>
    <nd ref="372949678"/>
    <nd ref="372949626"/>
    <nd ref="372949712"/>
    <tag k="highway" v="residential"/>
    <tag k="name" v="Calle Lago Erie"/>
    <tag k="surface" v="asphalt"/>
  </way>
  <way id="335977853">
    <nd ref="6133467625"/>
    <nd ref="8505130823"/>
    <nd ref="372949888"/>
    <nd ref="372949531"/>
    <nd ref="372949527"/>
    <nd ref="1526796191"/>
    <tag k="highway" v="residential"/>
    <tag k="name" v="Calle Lago Garda"/>
    <tag k="surface" v="asphalt"/>
  </way>
  <way id="335977854">
    <nd ref="392066398"/>
    <nd ref="372948856"/>
    <tag k="highway" v="residential"/>
    <tag k="name" v="Calle Lago Wan"/>
    <tag k="surface" v="asphalt"/>
  </way>
  <way id="335978806">
    <nd ref="372949866"/>
    <nd ref="8140674008"/>
    <nd ref="372949873"/>
    <nd ref="372948981"/>
    <nd ref="372949878"/>
    <tag k="highway" v="residential"/>
    <tag k="name" v="Calle Golfo de San Matías"/>
    <tag k="oneway" v="yes"/>
    <tag k="surface" v="asphalt"/>
  </way>
  <way id="335978808">
    <nd ref="6182548517"/>
    <nd ref="372949621"/>
    <nd ref="372949688"/>
    <nd ref="372949616"/>
    <nd ref="372948973"/>
    <nd ref="1932895586"/>
    <nd ref="1932895588"/>
    <nd ref="1932895596"/>
    <tag k="highway" v="residential"/>
    <tag k="name" v="Calle Lago Ontario"/>
    <tag k="oneway" v="yes"/>
    <tag k="surface" v="asphalt"/>
  </way>
  <way id="335978809">
    <nd ref="372948986"/>
    <nd ref="8750450020"/>
    <nd ref="7920947849"/>
    <nd ref="8750450021"/>
    <nd ref="372948981"/>
    <nd ref="372949712"/>
    <tag k="highway" v="residential"/>
    <tag k="name" v="Calle Lago Rasna"/>
    <tag k="oneway" v="yes"/>
    <tag k="surface" v="asphalt"/>
  </way>
  <way id="335982719">
    <nd ref="3430700464"/>
    <nd ref="3430700463"/>
    <tag k="highway" v="residential"/>
    <tag k="name" v="Calle Itaca"/>
    <tag k="sidewalk" v="both"/>
    <tag k="surface" v="asphalt"/>
  </way>
  <way id="360617975">
    <nd ref="372949113"/>
    <nd ref="372949119"/>
    <nd ref="958684295"/>
    <nd ref="372949370"/>
    <nd ref="372949126"/>
    <nd ref="372949137"/>
    <nd ref="372949145"/>
    <nd ref="8747541384"/>
    <nd ref="8747541383"/>
    <nd ref="8747541385"/>
    <nd ref="8747541386"/>
    <nd ref="8747541389"/>
    <nd ref="8747541388"/>
    <nd ref="8145102438"/>
    <nd ref="8747541387"/>
    <nd ref="13971784021"/>
    <nd ref="372949159"/>
    <tag k="highway" v="residential"/>
    <tag k="name" v="Calle Pocito"/>
    <tag k="oneway" v="yes"/>
    <tag k="surface" v="asphalt"/>
  </way>
  <way id="396112538">
    <nd ref="2884387653"/>
    <nd ref="2884387929"/>
    <nd ref="2884387639"/>
    <nd ref="2884387698"/>
    <nd ref="2884387655"/>
    <nd ref="2884387672"/>
    <nd ref="2884387910"/>
    <nd ref="2884387920"/>
    <tag k="alt_name" v="Avenida F.F.C.C. Nacionales de México"/>
    <tag k="highway" v="residential"/>
    <tag k="name" v="Avenida Ferrocarriles Nacionales"/>
    <tag k="surface" v="asphalt"/>
  </way>
  <way id="421352805">
    <nd ref="271600120"/>
    <nd ref="4211244222"/>
    <nd ref="4211244219"/>
    <nd ref="4211244217"/>
    <nd ref="4211244223"/>
    <nd ref="5262066904"/>
    <nd ref="4211244216"/>
    <tag k="highway" v="secondary"/>
    <tag k="lanes" v="1"/>
    <tag k="maxspeed" v="50"/>
    <tag k="maxspeed:type" v="sign"/>
    <tag k="name" v="Calzada Legaria"/>
    <tag k="oneway" v="yes"/>
    <tag k="surface" v="asphalt"/>
  </way>
  <way id="453588621">
    <nd ref="4503010982"/>
    <nd ref="4503010983"/>
    <tag k="highway" v="residential"/>
    <tag k="name" v="Privada Gacetilla"/>
    <tag k="source" v="Survey"/>
    <tag k="surface" v="asphalt"/>
  </way>
  <way id="487906790">
    <nd ref="7757135210"/>
    <nd ref="7931961178"/>
    <nd ref="7757135209"/>
    <tag k="highway" v="footway"/>
  </way>
  <way id="487906791">
    <nd ref="12720771427"/>
    <nd ref="7931961178"/>
    <nd ref="12720771428"/>
    <tag k="highway" v="footway"/>
    <tag k="name" v="Calle Golfo de Guayaquil"/>
    <tag k="oneway" v="no"/>
    <tag k="surface" v="asphalt"/>
  </way>
  <way id="493777207">
    <nd ref="271601309"/>
    <nd ref="271600755"/>
    <tag k="destination" v="Aquiles Serdan"/>
    <tag k="highway" v="motorway_link"/>
    <tag k="lanes" v="2"/>
    <tag k="oneway" v="yes"/>
    <tag k="surface" v="asphalt"/>
  </way>
  <way id="536725509">
    <nd ref="7918257956"/>
    <nd ref="5198664769"/>
    <nd ref="5198664766"/>
    <nd ref="7918257952"/>
    <nd ref="7918257953"/>
    <nd ref="5198664764"/>
    <nd ref="5198664763"/>
    <nd ref="5198651853"/>
    <nd ref="5198664762"/>
    <nd ref="7918257960"/>
    <tag k="highway" v="footway"/>
    <tag k="name" v="Transbordo Intermodal Metro Cuitláhuac"/>
  </way>
  <way id="538185436">
    <nd ref="8144964478"/>
    <nd ref="8141577312"/>
    <nd ref="8141577304"/>
    <nd ref="8141577309"/>
    <nd ref="5209848810"/>
    <tag k="access" v="private"/>
    <tag k="highway" v="service"/>
  </way>
  <way id="544339229">
    <nd ref="5262066905"/>
    <nd ref="10043609048"/>
    <nd ref="4211244216"/>
    <tag k="highway" v="secondary_link"/>
    <tag k="lanes" v="1"/>
    <tag k="oneway" v="yes"/>
    <tag k="surface" v="asphalt"/>
  </way>
  <way id="583976384">
    <nd ref="5582692368"/>
    <nd ref="5582692390"/>
    <nd ref="5582692391"/>
    <tag k="access" v="private"/>
    <tag k="highway" v="footway"/>
  </way>
  <way id="583976385">
    <nd ref="5582692392"/>
    <nd ref="5582692391"/>
    <nd ref="5582692393"/>
    <tag k="access" v="private"/>
    <tag k="highway" v="footway"/>
  </way>
  <way id="583976388">
    <nd ref="1588718396"/>
    <nd ref="1588718414"/>
    <nd ref="7894834812"/>
    <nd ref="1588718426"/>
    <nd ref="1932895575"/>
    <nd ref="1932895574"/>
    <nd ref="1932895572"/>
    <nd ref="1932895564"/>
    <nd ref="372948832"/>
    <nd ref="372949611"/>
    <nd ref="6133535520"/>
    <nd ref="372949698"/>
    <nd ref="372949597"/>
    <nd ref="372949707"/>
    <tag k="highway" v="tertiary"/>
    <tag k="lanes" v="2"/>
    <tag k="name" v="Calle Felipe Carrillo Puerto"/>
    <tag k="oneway" v="yes"/>
    <tag k="surface" v="asphalt"/>
  </way>
  <way id="616307742">
    <nd ref="1865202498"/>
    <nd ref="5307982907"/>
    <nd ref="372949924"/>
    <nd ref="6137895735"/>
    <nd ref="387547996"/>
    <nd ref="7754288384"/>
    <tag k="highway" v="residential"/>
    <tag k="name" v="Calle Ferrocarril de Cuernavaca"/>
    <tag k="surface" v="asphalt"/>
  </way>
  <way id="616307743">
    <nd ref="7869476686"/>
    <nd ref="6136109696"/>
    <nd ref="7918257952"/>
    <nd ref="13971784031"/>
    <nd ref="1865202536"/>
    <tag k="bus:lanes" v="||designated"/>
    <tag k="highway" v="secondary"/>
    <tag k="lanes" v="3"/>
    <tag k="maxspeed" v="50"/>
    <tag k="maxspeed:type" v="sign"/>
    <tag k="name" v="Calzada General Mariano Escobedo"/>
    <tag k="oneway" v="yes"/>
    <tag k="surface" v="asphalt"/>
    <tag k="trolley_wire" v="yes"/>
    <tag k="turn:lanes" v="through|through;right|"/>
  </way>
  <way id="616307744">
    <nd ref="1865195750"/>
    <nd ref="372949360"/>
    <nd ref="3050572491"/>
    <nd ref="372949412"/>
    <nd ref="7869476688"/>
    <tag k="bus:lanes" v="||designated"/>
    <tag k="highway" v="secondary"/>
    <tag k="lanes" v="3"/>
    <tag k="maxspeed" v="50"/>
    <tag k="maxspeed:type" v="sign"/>
    <tag k="name" v="Calzada General Mariano Escobedo"/>
    <tag k="oneway" v="yes"/>
    <tag k="surface" v="asphalt"/>
    <tag k="trolley_wire" v="yes"/>
  </way>
  <way id="616307745">
    <nd ref="372948815"/>
    <nd ref="372949416"/>
    <nd ref="1865202527"/>
    <nd ref="1865195747"/>
    <tag k="bus:lanes" v="||designated"/>
    <tag k="highway" v="secondary"/>
    <tag k="lanes" v="3"/>
    <tag k="maxspeed" v="50"/>
    <tag k="maxspeed:type" v="sign"/>
    <tag k="name" v="Calzada General Mariano Escobedo"/>
    <tag k="oneway" v="yes"/>
    <tag k="surface" v="asphalt"/>
    <tag k="trolley_wire" v="yes"/>
  </way>
  <way id="616307747">
    <nd ref="1865202520"/>
    <nd ref="372948769"/>
    <nd ref="1865202525"/>
    <nd ref="372949462"/>
    <nd ref="1865202527"/>
    <tag k="highway" v="residential"/>
    <tag k="name" v="Calle Mar Rojo"/>
    <tag k="surface" v="asphalt"/>
  </way>
  <way id="616307748">
    <nd ref="1865202500"/>
    <nd ref="1865202511"/>
    <nd ref="372948769"/>
    <tag k="highway" v="residential"/>
    <tag k="name" v="Calle Mar Blanco"/>
    <tag k="oneway" v="yes"/>
    <tag k="surface" v="asphalt"/>
  </way>
  <way id="616307749">
    <nd ref="1865202499"/>
    <nd ref="1865202504"/>
    <nd ref="373110821"/>
    <nd ref="372949421"/>
    <tag k="alt_name" v="Calle Lago Texcoco"/>
    <tag k="highway" v="residential"/>
    <tag k="name" v="Cerrada Mar de Kara"/>
    <tag k="oneway" v="yes"/>
    <tag k="surface" v="asphalt"/>
  </way>
  <way id="616309424">
    <nd ref="1417791853"/>
    <nd ref="372948715"/>
    <nd ref="7920947847"/>
    <nd ref="1417791860"/>
    <tag k="highway" v="secondary"/>
    <tag k="lanes" v="3"/>
    <tag k="maxspeed" v="50"/>
    <tag k="maxspeed:type" v="sign"/>
    <tag k="name" v="Avenida Marina Nacional"/>
    <tag k="oneway" v="yes"/>
    <tag k="surface" v="asphalt"/>
  </way>
  <way id="616311696">
    <nd ref="382902178"/>
    <nd ref="13971763859"/>
    <nd ref="13971763858"/>
    <nd ref="1865202517"/>
    <nd ref="6146109260"/>
    <nd ref="7910208178"/>
    <nd ref="1865202518"/>
    <nd ref="5417149991"/>
    <nd ref="5417149993"/>
    <nd ref="8153529787"/>
    <nd ref="6277736725"/>
    <nd ref="387547951"/>
    <nd ref="6441849228"/>
    <nd ref="6439899396"/>
    <nd ref="387547952"/>
    <nd ref="372949205"/>
    <tag k="highway" v="residential"/>
    <tag k="name" v="Calle Mar Mediterráneo"/>
    <tag k="oneway" v="yes"/>
    <tag k="surface" v="asphalt"/>
  </way>
  <way id="618981552">
    <nd ref="1404489344"/>
    <nd ref="1404489351"/>
    <nd ref="11680363323"/>
    <nd ref="7982345894"/>
    <tag k="foot" v="no"/>
    <tag k="highway" v="secondary_link"/>
    <tag k="lanes" v="2"/>
    <tag k="oneway" v="yes"/>
    <tag k="surface" v="asphalt"/>
  </way>
  <way id="618981563">
    <nd ref="7982345896"/>
    <nd ref="7982345894"/>
    <tag k="alt_name" v="Eje 3 Norte"/>
    <tag k="dual_carriageway" v="yes"/>
    <tag k="highway" v="primary"/>
    <tag k="lanes" v="4"/>
    <tag k="maxspeed" v="50"/>
    <tag k="maxspeed:type" v="sign"/>
    <tag k="name" v="Avenida Cuitláhuac"/>
    <tag k="official_name" v="Eje Vial 3 Norte Cuitláhuac"/>
    <tag k="oneway" v="yes"/>
    <tag k="ref" v="EJE 3 NTE"/>
    <tag k="surface" v="asphalt"/>
    <tag k="trolley_wire" v="yes"/>
  </way>
  <way id="618981565">
    <nd ref="1932507279"/>
    <nd ref="3773826346"/>
    <nd ref="6135931720"/>
    <nd ref="1404489344"/>
    <nd ref="1932507395"/>
    <nd ref="1404497740"/>
    <nd ref="11680363325"/>
    <nd ref="7982345893"/>
    <tag k="bicycle" v="yes"/>
    <tag k="bus:lanes" v="|||designated"/>
    <tag k="cycleway:left" v="no"/>
    <tag k="cycleway:right" v="track"/>
    <tag k="highway" v="secondary"/>
    <tag k="lanes" v="4"/>
    <tag k="lit" v="yes"/>
    <tag k="maxspeed" v="50"/>
    <tag k="maxspeed:type" v="sign"/>
    <tag k="name" v="Calzada Camarones"/>
    <tag k="oneway" v="yes"/>
    <tag k="surface" v="asphalt"/>
  </way>
  <way id="618981568">
    <nd ref="7978518264"/>
    <nd ref="7978518263"/>
    <nd ref="7978518265"/>
    <nd ref="3032149481"/>
    <nd ref="1404444948"/>
    <nd ref="1404444925"/>
    <nd ref="7978516184"/>
    <nd ref="47053917"/>
    <nd ref="6106158196"/>
    <nd ref="7955774863"/>
    <nd ref="382903928"/>
    <nd ref="382903919"/>
    <nd ref="47053919"/>
    <nd ref="382903942"/>
    <nd ref="382903947"/>
    <nd ref="8675623259"/>
    <nd ref="10043573345"/>
    <nd ref="3050372725"/>
    <nd ref="10043584690"/>
    <nd ref="382903932"/>
    <nd ref="1865185443"/>
    <nd ref="1865185441"/>
    <nd ref="10043584700"/>
    <nd ref="7989405426"/>
    <nd ref="7989405421"/>
    <nd ref="394141580"/>
    <nd ref="7989578068"/>
    <nd ref="7989578065"/>
    <nd ref="394143671"/>
    <nd ref="1404497734"/>
    <nd ref="3050372724"/>
    <tag k="alt_name" v="Eje 3 Norte"/>
    <tag k="bus:lanes" v="|||designated"/>
    <tag k="cycleway:left" v="no"/>
    <tag k="cycleway:right" v="track"/>
    <tag k="dual_carriageway" v="yes"/>
    <tag k="highway" v="primary"/>
    <tag k="lanes" v="4"/>
    <tag k="lit" v="yes"/>
    <tag k="maxspeed" v="50"/>
    <tag k="maxspeed:type" v="sign"/>
    <tag k="name" v="Calzada Camarones"/>
    <tag k="official_name" v="Eje Vial 3 Norte Camarones"/>
    <tag k="oneway" v="yes"/>
    <tag k="ref" v="EJE 3 NTE"/>
    <tag k="surface" v="asphalt"/>
    <tag k="trolley_wire" v="yes"/>
  </way>
  <way id="618981576">
    <nd ref="6135931718"/>
    <nd ref="8227222886"/>
    <nd ref="8861557947"/>
    <nd ref="6364036709"/>
    <nd ref="3050372721"/>
    <nd ref="7982345891"/>
    <nd ref="7982345890"/>
    <tag k="alt_name" v="Eje 3 Norte"/>
    <tag k="dual_carriageway" v="yes"/>
    <tag k="highway" v="primary"/>
    <tag k="lanes" v="4"/>
    <tag k="maxspeed" v="50"/>
    <tag k="maxspeed:type" v="sign"/>
    <tag k="name" v="Avenida Cuitláhuac"/>
    <tag k="official_name" v="Eje Vial 3 Norte Cuitláhuac"/>
    <tag k="oneway" v="yes"/>
    <tag k="ref" v="EJE 3 NTE"/>
    <tag k="surface" v="asphalt"/>
    <tag k="trolley_wire" v="yes"/>
  </way>
  <way id="618981581">
    <nd ref="7982345890"/>
    <nd ref="7982345887"/>
    <nd ref="11680363328"/>
    <nd ref="3050372722"/>
    <nd ref="12124103360"/>
    <nd ref="1865189494"/>
    <nd ref="6364001893"/>
    <nd ref="1865189499"/>
    <nd ref="60978300"/>
    <nd ref="60978301"/>
    <nd ref="60978302"/>
    <nd ref="8089046386"/>
    <tag k="highway" v="secondary"/>
    <tag k="lanes" v="3"/>
    <tag k="maxspeed" v="50"/>
    <tag k="maxspeed:type" v="sign"/>
    <tag k="name" v="Avenida de las Granjas"/>
    <tag k="oneway" v="yes"/>
    <tag k="surface" v="asphalt"/>
  </way>
  <way id="618981584">
    <nd ref="7982345895"/>
    <nd ref="7985472636"/>
    <nd ref="1404489345"/>
    <nd ref="11680363319"/>
    <nd ref="8153363644"/>
    <nd ref="394143662"/>
    <nd ref="394141581"/>
    <nd ref="394141686"/>
    <nd ref="394142738"/>
    <nd ref="1403764331"/>
    <nd ref="394141684"/>
    <nd ref="394143788"/>
    <nd ref="394144296"/>
    <nd ref="394141714"/>
    <nd ref="6135931735"/>
    <nd ref="394141593"/>
    <nd ref="6135931726"/>
    <nd ref="1403764303"/>
    <tag k="highway" v="secondary"/>
    <tag k="lanes" v="3"/>
    <tag k="maxspeed" v="50"/>
    <tag k="maxspeed:type" v="sign"/>
    <tag k="name" v="Calle Heliópolis"/>
    <tag k="oneway" v="yes"/>
    <tag k="surface" v="asphalt"/>
  </way>
  <way id="618981587">
    <nd ref="3050372724"/>
    <nd ref="1404497735"/>
    <nd ref="7989578064"/>
    <nd ref="1404497727"/>
    <nd ref="11680363331"/>
    <nd ref="1404497715"/>
    <nd ref="7982345889"/>
    <tag k="alt_name" v="Eje Vial 3 Norte;Eje 3 Norte"/>
    <tag k="foot" v="no"/>
    <tag k="highway" v="primary_link"/>
    <tag k="lanes" v="2"/>
    <tag k="name" v="Calzada Camarones"/>
    <tag k="oneway" v="yes"/>
    <tag k="ref" v="EJE 3 NTE"/>
    <tag k="surface" v="asphalt"/>
  </way>
  <way id="618981589">
    <nd ref="7985472635"/>
    <nd ref="1404489361"/>
    <nd ref="8792557628"/>
    <nd ref="11680363320"/>
    <nd ref="8747051445"/>
    <nd ref="8141035633"/>
    <nd ref="8141035629"/>
    <nd ref="394141577"/>
    <nd ref="9156657648"/>
    <nd ref="8000582648"/>
    <nd ref="6135931723"/>
    <nd ref="8000582647"/>
    <nd ref="1865194572"/>
    <nd ref="9156657654"/>
    <nd ref="394149413"/>
    <nd ref="9156657656"/>
    <nd ref="9156657658"/>
    <nd ref="394159175"/>
    <nd ref="8746883187"/>
    <nd ref="7990049778"/>
    <nd ref="9156657660"/>
    <nd ref="271706626"/>
    <nd ref="47068271"/>
    <nd ref="9156657671"/>
    <nd ref="9156657669"/>
    <nd ref="394152234"/>
    <nd ref="9156657667"/>
    <nd ref="3050564910"/>
    <nd ref="9156657665"/>
    <nd ref="394142751"/>
    <nd ref="9191730791"/>
    <nd ref="373110717"/>
    <nd ref="8145124179"/>
    <nd ref="1865863078"/>
    <nd ref="7990231306"/>
    <nd ref="372949216"/>
    <nd ref="372949176"/>
    <nd ref="7918257957"/>
    <tag k="bus:lanes" v="||designated"/>
    <tag k="highway" v="secondary"/>
    <tag k="lanes" v="3"/>
    <tag k="maxspeed" v="50"/>
    <tag k="maxspeed:type" v="sign"/>
    <tag k="name" v="Avenida Cuitláhuac"/>
    <tag k="oneway" v="yes"/>
    <tag k="surface" v="asphalt"/>
    <tag k="trolley_wire" v="yes"/>
  </way>
  <way id="624214361">
    <nd ref="394159183"/>
    <nd ref="394141589"/>
    <tag k="highway" v="residential"/>
    <tag k="name" v="Calle Ignacio Allende"/>
    <tag k="surface" v="asphalt"/>
  </way>
  <way id="649560295">
    <nd ref="394141589"/>
    <nd ref="6095648512"/>
    <nd ref="6095648511"/>
    <nd ref="7992897494"/>
    <nd ref="6095648510"/>
    <nd ref="6095648508"/>
    <tag k="highway" v="residential"/>
    <tag k="name" v="Calle Atenas"/>
    <tag k="surface" v="asphalt"/>
  </way>
  <way id="650047517">
    <nd ref="6099310297"/>
    <nd ref="6099310296"/>
    <tag k="highway" v="secondary_link"/>
    <tag k="lanes" v="2"/>
    <tag k="oneway" v="yes"/>
    <tag k="surface" v="asphalt"/>
  </way>
  <way id="654574512">
    <nd ref="6133467624"/>
    <nd ref="6133467609"/>
    <tag k="alt_name" v="Cerrada Segunda de la Luz"/>
    <tag k="highway" v="residential"/>
    <tag k="lanes" v="1"/>
    <tag k="name" v="2da. Cerrada Cellejón de la Luz"/>
    <tag k="oneway" v="no"/>
    <tag k="surface" v="asphalt"/>
  </way>
  <way id="654574518">
    <nd ref="6133467627"/>
    <nd ref="6133467607"/>
    <tag k="highway" v="residential"/>
    <tag k="name" v="Privada Lago Wan"/>
  </way>
  <way id="654574526">
    <nd ref="6133467614"/>
    <nd ref="6133467610"/>
    <tag k="highway" v="residential"/>
    <tag k="name" v="Cerrada Lago Mayor"/>
    <tag k="surface" v="asphalt"/>
  </way>
  <way id="654574530">
    <nd ref="6133467606"/>
    <nd ref="6133467601"/>
    <tag k="highway" v="residential"/>
    <tag k="name" v="Cerrada Primera de la Luz"/>
    <tag k="surface" v="asphalt"/>
  </way>
  <way id="654574533">
    <nd ref="6133467631"/>
    <nd ref="6133467611"/>
    <tag k="highway" v="residential"/>
    <tag k="name" v="Privada Primera Lago Mask"/>
  </way>
  <way id="654582652">
    <nd ref="372949544"/>
    <nd ref="7914274971"/>
    <tag k="highway" v="residential"/>
    <tag k="lit" v="yes"/>
    <tag k="maxspeed" v="40"/>
    <tag k="maxspeed:type" v="sign"/>
    <tag k="name" v="Privada Callejón de la Luz"/>
    <tag k="surface" v="asphalt"/>
  </way>
  <way id="654582653">
    <nd ref="1526796191"/>
    <nd ref="2897849095"/>
    <tag k="highway" v="residential"/>
    <tag k="name" v="Privada Lago Armentia"/>
    <tag k="surface" v="asphalt"/>
  </way>
  <way id="654582654">
    <nd ref="372948856"/>
    <nd ref="6133467607"/>
    <nd ref="6133467625"/>
    <tag k="alt_name" v="Calle Lago Wan"/>
    <tag k="highway" v="residential"/>
    <tag k="name" v="Calle Lago Garda"/>
    <tag k="surface" v="asphalt"/>
  </way>
  <way id="654582660">
    <nd ref="958684292"/>
    <nd ref="372948727"/>
    <tag k="alt_name" v="Calle Golfo de Sidra"/>
    <tag k="highway" v="residential"/>
    <tag k="name" v="Calle Mar Cantábrico"/>
    <tag k="oneway" v="yes"/>
    <tag k="surface" v="asphalt"/>
  </way>
  <way id="654742791">
    <nd ref="6135298902"/>
    <nd ref="6965454580"/>
    <nd ref="6965454582"/>
    <nd ref="6965454581"/>
    <nd ref="4598003693"/>
    <tag k="highway" v="residential"/>
    <tag k="name" v="Calle Polo Norte"/>
    <tag k="surface" v="asphalt"/>
  </way>
  <way id="654742794">
    <nd ref="6135298898"/>
    <nd ref="6135298897"/>
    <tag k="highway" v="residential"/>
    <tag k="name" v="Privada Universal"/>
    <tag k="surface" v="asphalt"/>
  </way>
  <way id="654742795">
    <nd ref="6135298894"/>
    <nd ref="6135298898"/>
    <tag k="highway" v="residential"/>
    <tag k="name" v="Cerrada Universal"/>
    <tag k="surface" v="asphalt"/>
  </way>
  <way id="654742796">
    <nd ref="6135298904"/>
    <nd ref="6135298895"/>
    <tag k="highway" v="residential"/>
    <tag k="lanes" v="1"/>
    <tag k="name" v="Cerrada del Sol"/>
    <tag k="oneway" v="no"/>
    <tag k="surface" v="asphalt"/>
  </way>
  <way id="654742802">
    <nd ref="6135298892"/>
    <nd ref="6135298896"/>
    <tag k="highway" v="residential"/>
    <tag k="name" v="Cerrada Excelsior"/>
    <tag k="surface" v="asphalt"/>
  </way>
  <way id="654742804">
    <nd ref="6135298895"/>
    <nd ref="6135298905"/>
    <tag k="highway" v="residential"/>
    <tag k="name" v="Cerrada Democracias"/>
    <tag k="surface" v="asphalt"/>
  </way>
  <way id="654742805">
    <nd ref="6135298888"/>
    <nd ref="6135298889"/>
    <tag k="highway" v="residential"/>
    <tag k="name" v="Privada Gráfico"/>
    <tag k="surface" v="asphalt"/>
  </way>
  <way id="654746921">
    <nd ref="10881941964"/>
    <nd ref="6135326928"/>
    <nd ref="372949320"/>
    <nd ref="372949330"/>
    <nd ref="8145463251"/>
    <nd ref="372949301"/>
    <nd ref="6136109700"/>
    <nd ref="1865863086"/>
    <nd ref="1404219176"/>
    <nd ref="9072337059"/>
    <nd ref="8145124179"/>
    <tag k="highway" v="residential"/>
    <tag k="name" v="Avenida Ferrocarriles Nacionales"/>
    <tag k="surface" v="asphalt"/>
  </way>
  <way id="654746922">
    <nd ref="6135326931"/>
    <nd ref="6135326939"/>
    <tag k="access" v="private"/>
    <tag k="highway" v="residential"/>
    <tag k="name" v="Cerrada José Sánchez Trujillo"/>
  </way>
  <way id="654746927">
    <nd ref="7753560417"/>
    <nd ref="7753560421"/>
    <nd ref="7753560419"/>
    <nd ref="7753560416"/>
    <nd ref="6311315902"/>
    <tag k="highway" v="pedestrian"/>
    <tag k="name" v="Avenida Ferrocarriles Nacionales"/>
    <tag k="surface" v="asphalt"/>
  </way>
  <way id="654746928">
    <nd ref="6135326932"/>
    <nd ref="6135326935"/>
    <tag k="access" v="private"/>
    <tag k="highway" v="residential"/>
    <tag k="name" v="Cerrada Primera Mar del Norte"/>
  </way>
  <way id="654746929">
    <nd ref="6135326944"/>
    <nd ref="6135326940"/>
    <tag k="access" v="private"/>
    <tag k="highway" v="residential"/>
    <tag k="name" v="Privada Segunda Mar del Norte"/>
  </way>
  <way id="654751420">
    <nd ref="2884387677"/>
    <nd ref="6656594933"/>
    <nd ref="7292597637"/>
    <tag k="highway" v="residential"/>
    <tag k="name" v="Calle Primavera"/>
    <tag k="surface" v="asphalt"/>
  </way>
  <way id="654751421">
    <nd ref="1404444967"/>
    <nd ref="12126614920"/>
    <nd ref="1865185440"/>
    <nd ref="1865185438"/>
    <nd ref="8129246993"/>
    <nd ref="385638882"/>
    <nd ref="394147779"/>
    <nd ref="1932895727"/>
    <tag k="highway" v="residential"/>
    <tag k="name" v="Calle José F. Gutiérrez"/>
    <tag k="oneway" v="yes"/>
    <tag k="surface" v="asphalt"/>
  </way>
  <way id="654751422">
    <nd ref="394153642"/>
    <nd ref="394153645"/>
    <tag k="highway" v="residential"/>
    <tag k="name" v="Cerrada Benito Juárez"/>
    <tag k="surface" v="asphalt"/>
  </way>
  <way id="654751423">
    <nd ref="394153804"/>
    <nd ref="958825970"/>
    <tag k="highway" v="residential"/>
    <tag k="name" v="Cerrada Independencia"/>
  </way>
  <way id="654819630">
    <nd ref="7982345893"/>
    <nd ref="11680363326"/>
    <nd ref="5849850859"/>
    <nd ref="14038602933"/>
    <nd ref="6135931719"/>
    <tag k="alt_name" v="Eje 3 Norte"/>
    <tag k="dual_carriageway" v="yes"/>
    <tag k="highway" v="primary"/>
    <tag k="lanes" v="4"/>
    <tag k="maxspeed" v="50"/>
    <tag k="maxspeed:type" v="sign"/>
    <tag k="name" v="Avenida Cuitláhuac"/>
    <tag k="official_name" v="Eje Vial 3 Norte Cuitláhuac"/>
    <tag k="oneway" v="yes"/>
    <tag k="ref" v="EJE 3 NTE"/>
    <tag k="surface" v="asphalt"/>
    <tag k="trolley_wire" v="yes"/>
  </way>
  <way id="654819636">
    <nd ref="6135931726"/>
    <nd ref="6135931738"/>
    <tag k="highway" v="residential"/>
    <tag k="name" v="Calle Norte 91"/>
    <tag k="surface" v="asphalt"/>
  </way>
  <way id="654819639">
    <nd ref="6135931728"/>
    <nd ref="6135931735"/>
    <tag k="highway" v="residential"/>
    <tag k="name" v="Calle Norte 89-A"/>
    <tag k="surface" v="asphalt"/>
  </way>
  <way id="654841615">
    <nd ref="6136109714"/>
    <nd ref="13971763872"/>
    <nd ref="6136109713"/>
    <tag k="highway" v="residential"/>
    <tag k="name" v="Cerrada Tercera México Tacuba"/>
    <tag k="surface" v="asphalt"/>
  </way>
  <way id="654841618">
    <nd ref="6136109711"/>
    <nd ref="6136109712"/>
    <tag k="access" v="private"/>
    <tag k="highway" v="residential"/>
    <tag k="name" v="Cerrada de Mar Amarillo"/>
    <tag k="surface" v="asphalt"/>
  </way>
  <way id="654841620">
    <nd ref="6136109703"/>
    <nd ref="6136109710"/>
    <nd ref="6136109707"/>
    <tag k="highway" v="unclassified"/>
    <tag k="name" v="Avenida Ferrocarriles Nacionales"/>
    <tag k="surface" v="asphalt"/>
  </way>
  <way id="655050525">
    <nd ref="372949226"/>
    <nd ref="372949297"/>
    <nd ref="372949221"/>
    <nd ref="6136109699"/>
    <nd ref="1865863086"/>
    <nd ref="372949216"/>
    <nd ref="372949212"/>
    <tag k="alt_name" v="Calle Mar Egeo"/>
    <tag k="highway" v="residential"/>
    <tag k="name" v="Calle Benito Juárez"/>
    <tag k="oneway" v="yes"/>
    <tag k="surface" v="asphalt"/>
  </way>
  <way id="655072945">
    <nd ref="6137895768"/>
    <nd ref="372948761"/>
    <tag k="access" v="private"/>
    <tag k="highway" v="residential"/>
    <tag k="name" v="Cerrada Segunda Mar Blanco"/>
    <tag k="surface" v="asphalt"/>
  </way>
  <way id="655072946">
    <nd ref="6137895766"/>
    <nd ref="6137895767"/>
    <nd ref="6137895765"/>
    <tag k="access" v="private"/>
    <tag k="highway" v="service"/>
    <tag k="name" v="Privada Primera del Instituto Nacional de Higiene"/>
    <tag k="service" v="alley"/>
    <tag k="surface" v="asphalt"/>
  </way>
  <way id="655072947">
    <nd ref="6137895770"/>
    <nd ref="11553076774"/>
    <nd ref="6137895772"/>
    <tag k="highway" v="residential"/>
    <tag k="name" v="Calle Noche Triste"/>
    <tag k="oneway" v="yes"/>
    <tag k="surface" v="asphalt"/>
  </way>
  <way id="655072948">
    <nd ref="6137895771"/>
    <nd ref="372948765"/>
    <tag k="access" v="private"/>
    <tag k="highway" v="footway"/>
    <tag k="name" v="Cerrada Primera Mar Blanco"/>
  </way>
  <way id="655081894">
    <nd ref="373110749"/>
    <nd ref="373110750"/>
    <tag k="highway" v="residential"/>
    <tag k="name" v="Cerrada Colegio Militar"/>
  </way>
  <way id="660349504">
    <nd ref="7895041627"/>
    <nd ref="7895041626"/>
    <nd ref="1480964213"/>
    <nd ref="6133467590"/>
    <nd ref="6182548517"/>
    <nd ref="372949712"/>
    <nd ref="372949717"/>
    <tag k="highway" v="tertiary"/>
    <tag k="lanes" v="2"/>
    <tag k="name" v="Calle Golfo de Aden"/>
    <tag k="oneway" v="no"/>
    <tag k="surface" v="asphalt"/>
  </way>
  <way id="679636210">
    <nd ref="394145022"/>
    <nd ref="394145886"/>
    <tag k="highway" v="residential"/>
    <tag k="name" v="Calle Floresta"/>
    <tag k="surface" v="asphalt"/>
  </way>
  <way id="679640938">
    <nd ref="6364001893"/>
    <nd ref="6364001892"/>
    <tag k="highway" v="secondary_link"/>
    <tag k="lanes" v="2"/>
    <tag k="oneway" v="no"/>
    <tag k="surface" v="asphalt"/>
  </way>
  <way id="679671533">
    <nd ref="956656256"/>
    <nd ref="956656257"/>
    <nd ref="7292597635"/>
    <nd ref="956656258"/>
    <nd ref="956656259"/>
    <nd ref="10030352535"/>
    <nd ref="2459293362"/>
    <nd ref="12030019754"/>
    <nd ref="8137557206"/>
    <nd ref="6364321731"/>
    <tag k="highway" v="residential"/>
    <tag k="name" v="Calle Golfo de Tehuantepec"/>
    <tag k="oneway" v="yes"/>
    <tag k="surface" v="asphalt"/>
  </way>
  <way id="679673846">
    <nd ref="394159231"/>
    <nd ref="3050564911"/>
    <tag k="highway" v="residential"/>
    <tag k="lanes" v="2"/>
    <tag k="noname" v="yes"/>
    <tag k="oneway" v="no"/>
    <tag k="surface" v="asphalt"/>
  </way>
  <way id="686990043">
    <nd ref="13971763905"/>
    <nd ref="13971763922"/>
    <nd ref="6439900930"/>
    <nd ref="6439900929"/>
    <nd ref="13971784204"/>
    <nd ref="10039578584"/>
    <tag k="crossing" v="marked"/>
    <tag k="crossing:markings" v="yes"/>
    <tag k="footway" v="crossing"/>
    <tag k="highway" v="footway"/>
  </way>
  <way id="688152831">
    <nd ref="47053905"/>
    <nd ref="10043584684"/>
    <nd ref="1404393972"/>
    <nd ref="382903899"/>
    <nd ref="382903896"/>
    <nd ref="10043573343"/>
    <nd ref="382903909"/>
    <nd ref="382903907"/>
    <nd ref="1404444937"/>
    <nd ref="6106158195"/>
    <nd ref="382903910"/>
    <nd ref="2938268623"/>
    <nd ref="6135931727"/>
    <nd ref="6136019376"/>
    <nd ref="1404444989"/>
    <nd ref="7978516182"/>
    <tag k="alt_name" v="Eje 3 Norte"/>
    <tag k="bus:lanes" v="|||designated"/>
    <tag k="cycleway:left" v="no"/>
    <tag k="cycleway:right" v="track"/>
    <tag k="description" v="Calle Segunda Privada 20 de Noviembre"/>
    <tag k="dual_carriageway" v="yes"/>
    <tag k="highway" v="primary"/>
    <tag k="lanes" v="4"/>
    <tag k="lit" v="yes"/>
    <tag k="maxspeed" v="50"/>
    <tag k="maxspeed:type" v="sign"/>
    <tag k="name" v="Calzada Camarones"/>
    <tag k="official_name" v="Eje Vial 3 Norte Camarones"/>
    <tag k="oneway" v="yes"/>
    <tag k="ref" v="EJE 3 NTE"/>
    <tag k="surface" v="asphalt"/>
    <tag k="trolley_wire" v="yes"/>
  </way>
  <way id="688471238">
    <nd ref="394141857"/>
    <nd ref="6311236714"/>
    <nd ref="7990049774"/>
    <nd ref="394159181"/>
    <nd ref="394151490"/>
    <tag k="highway" v="tertiary"/>
    <tag k="lanes" v="2"/>
    <tag k="name" v="Calle Egipto"/>
    <tag k="surface" v="asphalt"/>
  </way>
  <way id="689975186">
    <nd ref="61470944"/>
    <nd ref="8000656846"/>
    <nd ref="372949245"/>
    <nd ref="2898253865"/>
    <nd ref="372949250"/>
    <nd ref="10030352521"/>
    <nd ref="8000656843"/>
    <nd ref="372949255"/>
    <tag k="bus:lanes" v="|designated"/>
    <tag k="highway" v="secondary"/>
    <tag k="lanes" v="2"/>
    <tag k="maxspeed" v="40"/>
    <tag k="maxspeed:type" v="sign"/>
    <tag k="name" v="Calle Mar Mediterráneo"/>
    <tag k="oneway" v="yes"/>
    <tag k="surface" v="asphalt"/>
  </way>
  <way id="708389806">
    <nd ref="6311315902"/>
    <nd ref="12030051907"/>
    <nd ref="6656594925"/>
    <nd ref="6656594926"/>
    <nd ref="6656594932"/>
    <nd ref="6656594927"/>
    <nd ref="7753560417"/>
    <nd ref="6656594928"/>
    <nd ref="6656594929"/>
    <nd ref="12030019754"/>
    <nd ref="12030019755"/>
    <nd ref="12030019756"/>
    <nd ref="6656594930"/>
    <nd ref="12030019758"/>
    <nd ref="12030019757"/>
    <nd ref="6656594931"/>
    <tag k="bicycle" v="designated"/>
    <tag k="foot" v="designated"/>
    <tag k="highway" v="cycleway"/>
  </way>
  <way id="708389807">
    <nd ref="6656594931"/>
    <nd ref="6656594933"/>
    <tag k="bicycle" v="dismount"/>
    <tag k="footway" v="sidewalk"/>
    <tag k="highway" v="footway"/>
  </way>
  <way id="737744627">
    <nd ref="1865202490"/>
    <nd ref="1865202493"/>
    <tag k="highway" v="residential"/>
    <tag k="name" v="Calle Ferrocarril de Cuernavaca"/>
    <tag k="oneway" v="yes"/>
  </way>
  <way id="737744628">
    <nd ref="1865202490"/>
    <nd ref="10722402398"/>
    <nd ref="372948786"/>
    <tag k="highway" v="residential"/>
    <tag k="name" v="Calle Ferrocarril de Cuernavaca"/>
    <tag k="oneway" v="yes"/>
  </way>
  <way id="744233908">
    <nd ref="1865202493"/>
    <nd ref="7869305208"/>
    <tag k="highway" v="residential"/>
    <tag k="name" v="Calle Ferrocarril de Cuernavaca"/>
    <tag k="surface" v="asphalt"/>
  </way>
  <way id="756645952">
    <nd ref="7067259287"/>
    <nd ref="7067259286"/>
    <tag k="highway" v="footway"/>
  </way>
  <way id="756645953">
    <nd ref="7067259297"/>
    <nd ref="7067259288"/>
    <nd ref="7067259286"/>
    <tag k="highway" v="footway"/>
  </way>
  <way id="756645954">
    <nd ref="7067259298"/>
    <nd ref="7067259290"/>
    <nd ref="7067259285"/>
    <nd ref="7067259289"/>
    <tag k="highway" v="footway"/>
  </way>
  <way id="756645955">
    <nd ref="7067259296"/>
    <nd ref="7067259287"/>
    <nd ref="7067259289"/>
    <nd ref="7067259295"/>
    <tag k="highway" v="footway"/>
  </way>
  <way id="756645956">
    <nd ref="7067259291"/>
    <nd ref="7067259288"/>
    <nd ref="7067259287"/>
    <nd ref="7067259293"/>
    <tag k="highway" v="footway"/>
  </way>
  <way id="756645957">
    <nd ref="7067259292"/>
    <nd ref="7067259290"/>
    <nd ref="7067259289"/>
    <nd ref="7067259294"/>
    <tag k="highway" v="footway"/>
  </way>
  <way id="756645958">
    <nd ref="7067259298"/>
    <nd ref="7067259292"/>
    <nd ref="9374020000"/>
    <nd ref="7067259291"/>
    <nd ref="7067259297"/>
    <nd ref="7067259286"/>
    <nd ref="7067259296"/>
    <nd ref="7067259293"/>
    <nd ref="9374019999"/>
    <nd ref="7067259294"/>
    <nd ref="7067259295"/>
    <nd ref="7067259285"/>
    <nd ref="7067259298"/>
    <tag k="highway" v="footway"/>
  </way>
  <way id="803106222">
    <nd ref="394141580"/>
    <nd ref="394141581"/>
    <nd ref="394141582"/>
    <nd ref="7512314431"/>
    <tag k="highway" v="residential"/>
    <tag k="name" v="Calle Norte 81"/>
    <tag k="oneway" v="yes"/>
    <tag k="surface" v="asphalt"/>
  </way>
  <way id="803436190">
    <nd ref="394145893"/>
    <nd ref="394141703"/>
    <tag k="highway" v="residential"/>
    <tag k="name" v="Calle Egipto"/>
    <tag k="oneway" v="yes"/>
    <tag k="sidewalk" v="both"/>
    <tag k="surface" v="asphalt"/>
  </way>
  <way id="803436192">
    <nd ref="61422324"/>
    <nd ref="10174663828"/>
    <nd ref="1403764321"/>
    <nd ref="1403764324"/>
    <nd ref="1403764333"/>
    <nd ref="1865185439"/>
    <nd ref="12126614922"/>
    <nd ref="1865185440"/>
    <nd ref="271529555"/>
    <nd ref="271528181"/>
    <tag k="highway" v="secondary"/>
    <tag k="lanes" v="2"/>
    <tag k="maxspeed" v="50"/>
    <tag k="maxspeed:type" v="sign"/>
    <tag k="name" v="Avenida Invierno"/>
    <tag k="oneway" v="yes"/>
    <tag k="surface" v="asphalt"/>
  </way>
  <way id="803436193">
    <nd ref="9445154533"/>
    <nd ref="271529556"/>
    <nd ref="1865185438"/>
    <nd ref="1865185437"/>
    <nd ref="394145022"/>
    <nd ref="1404393979"/>
    <nd ref="394141706"/>
    <nd ref="10174663827"/>
    <nd ref="271529137"/>
    <tag k="highway" v="secondary"/>
    <tag k="lanes" v="2"/>
    <tag k="maxspeed" v="50"/>
    <tag k="maxspeed:type" v="sign"/>
    <tag k="name" v="Avenida Invierno"/>
    <tag k="oneway" v="yes"/>
    <tag k="surface" v="asphalt"/>
  </way>
  <way id="830464085">
    <nd ref="7753560420"/>
    <nd ref="7753560418"/>
    <tag k="highway" v="secondary_link"/>
    <tag k="lanes" v="2"/>
    <tag k="oneway" v="yes"/>
    <tag k="surface" v="asphalt"/>
  </way>
  <way id="830464086">
    <nd ref="1865185443"/>
    <nd ref="7982020530"/>
    <nd ref="7982020531"/>
    <nd ref="382903950"/>
    <nd ref="382903946"/>
    <nd ref="8153888589"/>
    <nd ref="382903943"/>
    <nd ref="382903934"/>
    <nd ref="382903937"/>
    <nd ref="8153888592"/>
    <nd ref="8643469188"/>
    <nd ref="382903931"/>
    <tag k="highway" v="residential"/>
    <tag k="name" v="Calle San Lucas"/>
    <tag k="oneway" v="no"/>
    <tag k="surface" v="asphalt"/>
  </way>
  <way id="830464087">
    <nd ref="382903931"/>
    <nd ref="1404393945"/>
    <nd ref="1932473829"/>
    <nd ref="391104626"/>
    <nd ref="391104625"/>
    <nd ref="391104624"/>
    <nd ref="7978729002"/>
    <nd ref="7978729001"/>
    <nd ref="1403764296"/>
    <tag k="highway" v="residential"/>
    <tag k="name" v="Calle San Lucas"/>
    <tag k="oneway" v="yes"/>
    <tag k="surface" v="asphalt"/>
  </way>
  <way id="830497242">
    <nd ref="387547983"/>
    <nd ref="373110710"/>
    <nd ref="373111117"/>
    <nd ref="372949196"/>
    <tag k="highway" v="residential"/>
    <tag k="name" v="Calle Mar de la Banda"/>
    <tag k="oneway" v="yes"/>
    <tag k="sidewalk" v="both"/>
    <tag k="surface" v="asphalt"/>
  </way>
  <way id="830497244">
    <nd ref="373110711"/>
    <nd ref="7966771847"/>
    <tag k="highway" v="residential"/>
    <tag k="name" v="Calle Mar de la Sonda"/>
    <tag k="surface" v="asphalt"/>
  </way>
  <way id="830502593">
    <nd ref="1865202534"/>
    <nd ref="13971784034"/>
    <nd ref="10039665759"/>
    <nd ref="373110955"/>
    <nd ref="6137895772"/>
    <nd ref="11553076740"/>
    <nd ref="11553076760"/>
    <nd ref="373110943"/>
    <tag k="highway" v="residential"/>
    <tag k="name" v="Calle Instituto de Higiene"/>
    <tag k="oneway" v="yes"/>
    <tag k="surface" v="asphalt"/>
  </way>
  <way id="830502595">
    <nd ref="373110943"/>
    <nd ref="1865202528"/>
    <nd ref="6137895765"/>
    <nd ref="5117757344"/>
    <nd ref="1865202525"/>
    <nd ref="1865202514"/>
    <tag k="highway" v="residential"/>
    <tag k="name" v="Calle Mar de China"/>
    <tag k="oneway" v="yes"/>
    <tag k="surface" v="asphalt"/>
  </way>
  <way id="830502596">
    <nd ref="1865202514"/>
    <nd ref="372949457"/>
    <nd ref="372949416"/>
    <tag k="highway" v="residential"/>
    <tag k="name" v="Calle Mar Adriático"/>
    <tag k="oneway" v="yes"/>
    <tag k="surface" v="asphalt"/>
  </way>
  <way id="830502597">
    <nd ref="372948769"/>
    <nd ref="372948765"/>
    <nd ref="8142021017"/>
    <nd ref="372948761"/>
    <nd ref="8142001087"/>
    <nd ref="372948758"/>
    <nd ref="373110950"/>
    <nd ref="11553076747"/>
    <nd ref="6137895770"/>
    <tag k="highway" v="residential"/>
    <tag k="name" v="Calle Mar Blanco"/>
    <tag k="oneway" v="yes"/>
    <tag k="surface" v="asphalt"/>
  </way>
  <way id="830502598">
    <nd ref="372949457"/>
    <nd ref="372949462"/>
    <tag k="highway" v="residential"/>
    <tag k="name" v="Calle Mar de Japón"/>
    <tag k="surface" v="asphalt"/>
  </way>
  <way id="830502984">
    <nd ref="372949421"/>
    <nd ref="1865202520"/>
    <tag k="highway" v="residential"/>
    <tag k="name" v="Calle Mar de Kara"/>
    <tag k="surface" v="asphalt"/>
  </way>
  <way id="830517127">
    <nd ref="372948783"/>
    <nd ref="1865202500"/>
    <tag k="highway" v="residential"/>
    <tag k="name" v="Calle Lago Tus"/>
    <tag k="oneway" v="yes"/>
    <tag k="surface" v="asphalt"/>
  </way>
  <way id="830805208">
    <nd ref="372949722"/>
    <nd ref="7909093831"/>
    <nd ref="7909093830"/>
    <nd ref="372948995"/>
    <nd ref="1480964214"/>
    <nd ref="271601473"/>
    <tag k="highway" v="residential"/>
    <tag k="name" v="Calle Lago Hurón"/>
    <tag k="oneway" v="yes"/>
    <tag k="surface" v="asphalt"/>
  </way>
  <way id="830805210">
    <nd ref="7757135209"/>
    <nd ref="8747326740"/>
    <nd ref="372949722"/>
    <tag k="highway" v="residential"/>
    <tag k="name" v="Calle Lago Hurón"/>
    <tag k="surface" v="asphalt"/>
  </way>
  <way id="830809151">
    <nd ref="1480964215"/>
    <nd ref="372949003"/>
    <nd ref="372949722"/>
    <tag k="highway" v="tertiary"/>
    <tag k="lanes" v="2"/>
    <tag k="name" v="Calle Golfo de Aden"/>
    <tag k="oneway" v="yes"/>
    <tag k="surface" v="asphalt"/>
  </way>
  <way id="830822270">
    <nd ref="8111063218"/>
    <nd ref="11774694389"/>
    <nd ref="3430646095"/>
    <nd ref="11774677141"/>
    <nd ref="380224309"/>
    <nd ref="6133467605"/>
    <nd ref="372948956"/>
    <nd ref="6137895769"/>
    <nd ref="6133467622"/>
    <nd ref="6133467611"/>
    <nd ref="372948959"/>
    <nd ref="372948963"/>
    <tag k="highway" v="residential"/>
    <tag k="name" v="Calle Lago Mask"/>
    <tag k="oneway" v="yes"/>
    <tag k="surface" v="asphalt"/>
  </way>
  <way id="830831970">
    <nd ref="372948856"/>
    <nd ref="6133467624"/>
    <nd ref="372949544"/>
    <tag k="highway" v="residential"/>
    <tag k="lanes" v="1"/>
    <tag k="lit" v="yes"/>
    <tag k="maxspeed" v="40"/>
    <tag k="maxspeed:type" v="sign"/>
    <tag k="name" v="Callejón de la Luz"/>
    <tag k="surface" v="asphalt"/>
  </way>
  <way id="830831972">
    <nd ref="372949541"/>
    <nd ref="372949564"/>
    <nd ref="7898479230"/>
    <nd ref="7898479231"/>
    <nd ref="7898479232"/>
    <nd ref="7898479229"/>
    <nd ref="7898479228"/>
    <nd ref="372949569"/>
    <nd ref="372949574"/>
    <tag k="highway" v="residential"/>
    <tag k="name" v="Calle Lago Onega"/>
    <tag k="surface" v="asphalt"/>
  </way>
  <way id="843623252">
    <nd ref="7869305208"/>
    <nd ref="1865202498"/>
    <tag k="footway" v="crossing"/>
    <tag k="highway" v="footway"/>
    <tag k="name" v="Calle Ferrocarril de Cuernavaca"/>
    <tag k="surface" v="asphalt"/>
  </way>
  <way id="843638727">
    <nd ref="1865202536"/>
    <nd ref="47067640"/>
    <tag k="bus:lanes" v="||designated"/>
    <tag k="highway" v="secondary"/>
    <tag k="lanes" v="3"/>
    <tag k="maxspeed" v="50"/>
    <tag k="maxspeed:type" v="sign"/>
    <tag k="name" v="Calzada General Mariano Escobedo"/>
    <tag k="oneway" v="yes"/>
    <tag k="surface" v="asphalt"/>
    <tag k="trolley_wire" v="yes"/>
  </way>
  <way id="843638728">
    <nd ref="1865195747"/>
    <nd ref="7873706158"/>
    <tag k="bus:lanes" v="||designated"/>
    <tag k="highway" v="secondary"/>
    <tag k="lanes" v="3"/>
    <tag k="maxspeed" v="50"/>
    <tag k="maxspeed:type" v="sign"/>
    <tag k="name" v="Calzada General Mariano Escobedo"/>
    <tag k="oneway" v="yes"/>
    <tag k="surface" v="asphalt"/>
    <tag k="trolley_wire" v="yes"/>
  </way>
  <way id="843638729">
    <nd ref="6136109714"/>
    <nd ref="47067640"/>
    <tag k="alt_name" v="MEX-Tacuba"/>
    <tag k="cycleway:left" v="no"/>
    <tag k="cycleway:right" v="track"/>
    <tag k="highway" v="secondary"/>
    <tag k="lanes" v="3"/>
    <tag k="maxspeed" v="50"/>
    <tag k="maxspeed:type" v="sign"/>
    <tag k="name" v="Calzada México - Tacuba"/>
    <tag k="oneway" v="yes"/>
    <tag k="surface" v="asphalt"/>
    <tag k="turn:lanes" v="through|through|through;right"/>
  </way>
  <way id="843638730">
    <nd ref="382902178"/>
    <nd ref="7910116736"/>
    <nd ref="959089125"/>
    <nd ref="6137895751"/>
    <nd ref="7910116737"/>
    <nd ref="5417149990"/>
    <nd ref="5417149992"/>
    <nd ref="1865202522"/>
    <nd ref="1932912871"/>
    <nd ref="6439900930"/>
    <nd ref="1932912872"/>
    <nd ref="1932912873"/>
    <nd ref="10039578574"/>
    <nd ref="1865202530"/>
    <nd ref="1932933927"/>
    <nd ref="11553076690"/>
    <nd ref="8747629121"/>
    <nd ref="8000832896"/>
    <nd ref="1865202532"/>
    <nd ref="1932912875"/>
    <nd ref="1865202535"/>
    <nd ref="8747629141"/>
    <nd ref="6136109714"/>
    <tag k="alt_name" v="MEX-Tacuba"/>
    <tag k="cycleway:left" v="no"/>
    <tag k="cycleway:right" v="track"/>
    <tag k="highway" v="secondary"/>
    <tag k="lanes" v="3"/>
    <tag k="maxspeed" v="50"/>
    <tag k="maxspeed:type" v="sign"/>
    <tag k="name" v="Calzada México - Tacuba"/>
    <tag k="oneway" v="yes"/>
    <tag k="surface" v="asphalt"/>
  </way>
  <way id="843638731">
    <nd ref="7869476687"/>
    <nd ref="372948815"/>
    <tag k="bus:lanes" v="||designated"/>
    <tag k="highway" v="secondary"/>
    <tag k="lanes" v="3"/>
    <tag k="maxspeed" v="50"/>
    <tag k="maxspeed:type" v="sign"/>
    <tag k="name" v="Calzada General Mariano Escobedo"/>
    <tag k="oneway" v="yes"/>
    <tag k="surface" v="asphalt"/>
    <tag k="trolley_wire" v="yes"/>
    <tag k="turn:lanes" v="left;through|through;right|"/>
  </way>
  <way id="843638732">
    <nd ref="271607791"/>
    <nd ref="7873544657"/>
    <tag k="bus:lanes" v="||designated"/>
    <tag k="highway" v="secondary"/>
    <tag k="lanes" v="3"/>
    <tag k="maxspeed" v="50"/>
    <tag k="maxspeed:type" v="sign"/>
    <tag k="name" v="Calzada General Mariano Escobedo"/>
    <tag k="oneway" v="yes"/>
    <tag k="surface" v="asphalt"/>
    <tag k="trolley_wire" v="yes"/>
  </way>
  <way id="843638733">
    <nd ref="7869476688"/>
    <nd ref="47063540"/>
    <tag k="bus:lanes" v="||designated"/>
    <tag k="highway" v="secondary"/>
    <tag k="lanes" v="3"/>
    <tag k="maxspeed" v="50"/>
    <tag k="maxspeed:type" v="sign"/>
    <tag k="name" v="Calzada General Mariano Escobedo"/>
    <tag k="oneway" v="yes"/>
    <tag k="surface" v="asphalt"/>
    <tag k="trolley_wire" v="yes"/>
    <tag k="turn:lanes" v="left;through|through;right|"/>
  </way>
  <way id="843638734">
    <nd ref="47063540"/>
    <nd ref="372948882"/>
    <nd ref="271607801"/>
    <tag k="bus:lanes" v="||designated"/>
    <tag k="highway" v="secondary"/>
    <tag k="lanes" v="3"/>
    <tag k="maxspeed" v="50"/>
    <tag k="maxspeed:type" v="sign"/>
    <tag k="name" v="Calzada General Mariano Escobedo"/>
    <tag k="oneway" v="yes"/>
    <tag k="surface" v="asphalt"/>
    <tag k="trolley_wire" v="yes"/>
  </way>
  <way id="843659370">
    <nd ref="372948966"/>
    <nd ref="1417791852"/>
    <tag k="bus:lanes" v="||||designated"/>
    <tag k="highway" v="secondary"/>
    <tag k="lanes" v="5"/>
    <tag k="maxspeed" v="50"/>
    <tag k="maxspeed:type" v="sign"/>
    <tag k="name" v="Avenida Marina Nacional"/>
    <tag k="oneway" v="yes"/>
    <tag k="surface" v="asphalt"/>
    <tag k="turn:lanes" v="reverse|none|none|none|none"/>
  </way>
  <way id="843659371">
    <nd ref="1417722248"/>
    <nd ref="372948986"/>
    <nd ref="7920947848"/>
    <nd ref="372948966"/>
    <tag k="bus:lanes" v="|||designated"/>
    <tag k="highway" v="secondary"/>
    <tag k="lanes" v="4"/>
    <tag k="maxspeed" v="50"/>
    <tag k="maxspeed:type" v="sign"/>
    <tag k="name" v="Avenida Marina Nacional"/>
    <tag k="oneway" v="yes"/>
    <tag k="surface" v="asphalt"/>
  </way>
  <way id="843659372">
    <nd ref="372949385"/>
    <nd ref="372948820"/>
    <tag k="highway" v="tertiary"/>
    <tag k="lanes" v="2"/>
    <tag k="lanes:backward" v="1"/>
    <tag k="lanes:forward" v="1"/>
    <tag k="name" v="Calle Felipe Carrillo Puerto"/>
    <tag k="surface" v="asphalt"/>
  </way>
  <way id="843659373">
    <nd ref="372948820"/>
    <nd ref="372948824"/>
    <tag k="highway" v="tertiary"/>
    <tag k="lanes" v="4"/>
    <tag k="name" v="Calle Felipe Carrillo Puerto"/>
    <tag k="surface" v="asphalt"/>
  </way>
  <way id="843661996">
    <nd ref="271598601"/>
    <nd ref="7873349046"/>
    <nd ref="7873349047"/>
    <nd ref="7873349048"/>
    <nd ref="271598602"/>
    <tag k="highway" v="motorway"/>
    <tag k="lanes" v="3"/>
    <tag k="name" v="Avenida Marina Nacional"/>
    <tag k="oneway" v="yes"/>
    <tag k="surface" v="asphalt"/>
  </way>
  <way id="843661997">
    <nd ref="7920986542"/>
    <nd ref="7869708890"/>
    <nd ref="7869708889"/>
    <tag k="highway" v="steps"/>
  </way>
  <way id="843661998">
    <nd ref="7920986541"/>
    <nd ref="7920986542"/>
    <tag k="bridge" v="yes"/>
    <tag k="highway" v="footway"/>
    <tag k="layer" v="1"/>
  </way>
  <way id="843661999">
    <nd ref="7869708895"/>
    <nd ref="11514661658"/>
    <nd ref="11514661659"/>
    <nd ref="11514661660"/>
    <nd ref="372948820"/>
    <tag k="highway" v="secondary"/>
    <tag k="lanes" v="4"/>
    <tag k="maxspeed" v="50"/>
    <tag k="maxspeed:type" v="sign"/>
    <tag k="name" v="Avenida Marina Nacional"/>
    <tag k="oneway" v="yes"/>
    <tag k="surface" v="asphalt"/>
  </way>
  <way id="843662000">
    <nd ref="271607791"/>
    <nd ref="271607801"/>
    <nd ref="372948878"/>
    <nd ref="372949106"/>
    <nd ref="372949093"/>
    <nd ref="7869708895"/>
    <tag k="highway" v="secondary"/>
    <tag k="lanes" v="3"/>
    <tag k="maxspeed" v="50"/>
    <tag k="maxspeed:type" v="sign"/>
    <tag k="name" v="Avenida Marina Nacional"/>
    <tag k="oneway" v="yes"/>
    <tag k="surface" v="asphalt"/>
  </way>
  <way id="844038945">
    <nd ref="61631985"/>
    <nd ref="61631986"/>
    <nd ref="1417791888"/>
    <nd ref="1417791887"/>
    <tag k="alt_name" v="MEX-Tacuba"/>
    <tag k="highway" v="secondary"/>
    <tag k="lanes" v="2"/>
    <tag k="maxspeed" v="50"/>
    <tag k="maxspeed:type" v="sign"/>
    <tag k="name" v="Calzada México - Tacuba"/>
    <tag k="oneway" v="yes"/>
    <tag k="surface" v="asphalt"/>
  </way>
  <way id="844038946">
    <nd ref="271607711"/>
    <nd ref="8141577293"/>
    <nd ref="8141577286"/>
    <nd ref="7918257959"/>
    <nd ref="372949348"/>
    <nd ref="61631974"/>
    <nd ref="7918513863"/>
    <nd ref="1865202539"/>
    <nd ref="6364341787"/>
    <nd ref="372949273"/>
    <nd ref="7918185954"/>
    <nd ref="7918185955"/>
    <nd ref="372949270"/>
    <nd ref="7918185958"/>
    <nd ref="13971763888"/>
    <nd ref="13971763887"/>
    <nd ref="13971763886"/>
    <nd ref="13971763885"/>
    <nd ref="13971763884"/>
    <nd ref="13971763882"/>
    <nd ref="13971763883"/>
    <nd ref="61470942"/>
    <nd ref="61631984"/>
    <nd ref="61631985"/>
    <tag k="alt_name" v="MEX-Tacuba"/>
    <tag k="cycleway:left" v="no"/>
    <tag k="cycleway:right" v="track"/>
    <tag k="highway" v="secondary"/>
    <tag k="lanes" v="3"/>
    <tag k="maxspeed" v="50"/>
    <tag k="maxspeed:type" v="sign"/>
    <tag k="name" v="Calzada México - Tacuba"/>
    <tag k="oneway" v="yes"/>
    <tag k="surface" v="asphalt"/>
  </way>
  <way id="844038947">
    <nd ref="7873349052"/>
    <nd ref="7869686270"/>
    <nd ref="372948662"/>
    <nd ref="271598601"/>
    <tag k="highway" v="secondary"/>
    <tag k="lanes" v="5"/>
    <tag k="maxspeed" v="50"/>
    <tag k="maxspeed:type" v="sign"/>
    <tag k="name" v="Avenida Marina Nacional"/>
    <tag k="oneway" v="yes"/>
    <tag k="surface" v="asphalt"/>
    <tag k="turn:lanes" v="none|none|none|slight_right|slight_right"/>
  </way>
  <way id="844038948">
    <nd ref="1417791860"/>
    <nd ref="7869708887"/>
    <nd ref="7873349052"/>
    <tag k="highway" v="secondary"/>
    <tag k="lanes" v="4"/>
    <tag k="maxspeed" v="50"/>
    <tag k="maxspeed:type" v="sign"/>
    <tag k="name" v="Avenida Marina Nacional"/>
    <tag k="oneway" v="yes"/>
    <tag k="surface" v="asphalt"/>
  </way>
  <way id="844044043">
    <nd ref="7873373583"/>
    <nd ref="372948875"/>
    <tag k="bus:lanes" v="||||designated"/>
    <tag k="highway" v="secondary"/>
    <tag k="lanes" v="5"/>
    <tag k="maxspeed" v="50"/>
    <tag k="maxspeed:type" v="sign"/>
    <tag k="name" v="Avenida Marina Nacional"/>
    <tag k="oneway" v="yes"/>
    <tag k="surface" v="asphalt"/>
    <tag k="turn:lanes" v="left;through|through|through|through|"/>
  </way>
  <way id="844044044">
    <nd ref="372948875"/>
    <nd ref="372949479"/>
    <nd ref="11513219683"/>
    <nd ref="11513219684"/>
    <nd ref="11513219685"/>
    <nd ref="271607802"/>
    <nd ref="271607790"/>
    <tag k="bus:lanes" v="|||designated"/>
    <tag k="highway" v="secondary"/>
    <tag k="lanes" v="4"/>
    <tag k="maxspeed" v="50"/>
    <tag k="maxspeed:type" v="sign"/>
    <tag k="name" v="Avenida Marina Nacional"/>
    <tag k="oneway" v="yes"/>
    <tag k="surface" v="asphalt"/>
  </way>
  <way id="844044046">
    <nd ref="7873444997"/>
    <nd ref="1417722248"/>
    <tag k="highway" v="motorway"/>
    <tag k="lanes" v="2"/>
    <tag k="name" v="Avenida Marina Nacional"/>
    <tag k="oneway" v="yes"/>
    <tag k="surface" v="asphalt"/>
  </way>
  <way id="844044047">
    <nd ref="271598863"/>
    <nd ref="7873444996"/>
    <nd ref="7873444995"/>
    <nd ref="271598864"/>
    <nd ref="7873444997"/>
    <tag k="highway" v="motorway"/>
    <tag k="lanes" v="3"/>
    <tag k="name" v="Avenida Marina Nacional"/>
    <tag k="oneway" v="yes"/>
    <tag k="surface" v="asphalt"/>
  </way>
  <way id="844055613">
    <nd ref="372948820"/>
    <nd ref="10707991859"/>
    <nd ref="10707991863"/>
    <nd ref="372949390"/>
    <nd ref="7914348750"/>
    <nd ref="1417791853"/>
    <tag k="highway" v="secondary"/>
    <tag k="lanes" v="3"/>
    <tag k="maxspeed" v="50"/>
    <tag k="maxspeed:type" v="sign"/>
    <tag k="name" v="Avenida Marina Nacional"/>
    <tag k="oneway" v="yes"/>
    <tag k="surface" v="asphalt"/>
  </way>
  <way id="844055614">
    <nd ref="7873544657"/>
    <nd ref="372948790"/>
    <tag k="bus:lanes" v="||designated"/>
    <tag k="highway" v="secondary"/>
    <tag k="lanes" v="3"/>
    <tag k="maxspeed" v="50"/>
    <tag k="maxspeed:type" v="sign"/>
    <tag k="name" v="Calzada General Mariano Escobedo"/>
    <tag k="oneway" v="yes"/>
    <tag k="surface" v="asphalt"/>
    <tag k="trolley_wire" v="yes"/>
    <tag k="turn:lanes" v="through|through;right|none"/>
  </way>
  <way id="844055615">
    <nd ref="372948790"/>
    <nd ref="7869476687"/>
    <tag k="bus:lanes" v="||designated"/>
    <tag k="highway" v="secondary"/>
    <tag k="lanes" v="3"/>
    <tag k="maxspeed" v="50"/>
    <tag k="maxspeed:type" v="sign"/>
    <tag k="name" v="Calzada General Mariano Escobedo"/>
    <tag k="oneway" v="yes"/>
    <tag k="surface" v="asphalt"/>
    <tag k="trolley_wire" v="yes"/>
  </way>
  <way id="844068535">
    <nd ref="7873706158"/>
    <nd ref="7918257956"/>
    <nd ref="7869476686"/>
    <tag k="bus:lanes" v="||designated"/>
    <tag k="highway" v="secondary"/>
    <tag k="lanes" v="3"/>
    <tag k="maxspeed" v="50"/>
    <tag k="maxspeed:type" v="sign"/>
    <tag k="name" v="Calzada General Mariano Escobedo"/>
    <tag k="oneway" v="yes"/>
    <tag k="surface" v="asphalt"/>
    <tag k="trolley_wire" v="yes"/>
  </way>
  <way id="844068536">
    <nd ref="7873706159"/>
    <nd ref="1865195750"/>
    <tag k="bus:lanes" v="||designated"/>
    <tag k="highway" v="secondary"/>
    <tag k="lanes" v="3"/>
    <tag k="maxspeed" v="50"/>
    <tag k="maxspeed:type" v="sign"/>
    <tag k="name" v="Calzada General Mariano Escobedo"/>
    <tag k="oneway" v="yes"/>
    <tag k="surface" v="asphalt"/>
    <tag k="trolley_wire" v="yes"/>
  </way>
  <way id="844068537">
    <nd ref="1865195747"/>
    <nd ref="8142140309"/>
    <nd ref="373110943"/>
    <tag k="highway" v="residential"/>
    <tag k="name" v="Calle Mar Negro"/>
    <tag k="oneway" v="yes"/>
    <tag k="surface" v="asphalt"/>
  </way>
  <way id="844068539">
    <nd ref="271607711"/>
    <nd ref="271607712"/>
    <tag k="bus:lanes" v="||designated"/>
    <tag k="highway" v="secondary"/>
    <tag k="lanes" v="3"/>
    <tag k="maxspeed" v="50"/>
    <tag k="maxspeed:type" v="sign"/>
    <tag k="name" v="Calzada General Mariano Escobedo"/>
    <tag k="oneway" v="yes"/>
    <tag k="surface" v="asphalt"/>
    <tag k="trolley_wire" v="yes"/>
  </way>
  <way id="844068540">
    <nd ref="47067640"/>
    <nd ref="271607711"/>
    <tag k="alt_name" v="MEX-Tacuba"/>
    <tag k="cycleway:both" v="no"/>
    <tag k="highway" v="secondary"/>
    <tag k="lanes" v="3"/>
    <tag k="maxspeed" v="50"/>
    <tag k="maxspeed:type" v="sign"/>
    <tag k="name" v="Calzada México - Tacuba"/>
    <tag k="oneway" v="yes"/>
    <tag k="surface" v="asphalt"/>
  </way>
  <way id="846494086">
    <nd ref="372949717"/>
    <nd ref="372949630"/>
    <nd ref="372948989"/>
    <tag k="highway" v="residential"/>
    <tag k="name" v="Calle Lago Michigan"/>
    <tag k="oneway" v="yes"/>
    <tag k="surface" v="asphalt"/>
  </way>
  <way id="846494087">
    <nd ref="372949717"/>
    <nd ref="372949722"/>
    <tag k="highway" v="tertiary"/>
    <tag k="lanes" v="2"/>
    <tag k="name" v="Calle Golfo de Aden"/>
    <tag k="oneway" v="no"/>
    <tag k="surface" v="asphalt"/>
  </way>
  <way id="846555339">
    <nd ref="7898479226"/>
    <nd ref="372949888"/>
    <tag k="highway" v="residential"/>
    <tag k="name" v="Cerrada Lago Garda"/>
    <tag k="surface" v="asphalt"/>
  </way>
  <way id="846558398">
    <nd ref="372949512"/>
    <nd ref="6133467601"/>
    <nd ref="372949517"/>
    <nd ref="6133467625"/>
    <tag k="bicycle" v="yes"/>
    <tag k="highway" v="pedestrian"/>
    <tag k="mofa" v="yes"/>
    <tag k="moped" v="yes"/>
    <tag k="motor_vehicle" v="no"/>
    <tag k="motorcycle" v="yes"/>
    <tag k="name" v="Callejón San Juanico"/>
    <tag k="surface" v="asphalt"/>
  </way>
  <way id="846558399">
    <nd ref="372949522"/>
    <nd ref="7898523937"/>
    <nd ref="7898523935"/>
    <nd ref="372949527"/>
    <tag k="highway" v="residential"/>
    <tag k="lanes" v="1"/>
    <tag k="name" v="Primera Cerrada San Juanico"/>
    <tag k="narrow" v="yes"/>
    <tag k="oneway" v="no"/>
    <tag k="surface" v="asphalt"/>
  </way>
  <way id="846564055">
    <nd ref="2898035846"/>
    <nd ref="7898565876"/>
    <nd ref="372949512"/>
    <tag k="highway" v="residential"/>
    <tag k="lanes" v="1"/>
    <tag k="name" v="Callejón San Juanico"/>
    <tag k="narrow" v="yes"/>
    <tag k="surface" v="asphalt"/>
  </way>
  <way id="846575998">
    <nd ref="372949536"/>
    <nd ref="372949883"/>
    <nd ref="1526796290"/>
    <nd ref="372949541"/>
    <tag k="highway" v="residential"/>
    <tag k="name" v="Callejón Eucalipto"/>
    <tag k="oneway" v="no"/>
    <tag k="surface" v="asphalt"/>
  </way>
  <way id="847728185">
    <nd ref="7910099371"/>
    <nd ref="7872777535"/>
    <tag k="highway" v="steps"/>
  </way>
  <way id="847728186">
    <nd ref="7752793018"/>
    <nd ref="7910099371"/>
    <tag k="highway" v="footway"/>
  </way>
  <way id="848172247">
    <nd ref="1417791887"/>
    <nd ref="61631987"/>
    <nd ref="61631988"/>
    <nd ref="61631989"/>
    <nd ref="1417791881"/>
    <nd ref="1932723159"/>
    <nd ref="8743631336"/>
    <nd ref="4850273428"/>
    <nd ref="1932723166"/>
    <nd ref="1932723162"/>
    <nd ref="7914059800"/>
    <tag k="alt_name" v="MEX-Tacuba"/>
    <tag k="highway" v="secondary"/>
    <tag k="lanes" v="3"/>
    <tag k="maxspeed" v="50"/>
    <tag k="maxspeed:type" v="sign"/>
    <tag k="name" v="Calzada México - Tacuba"/>
    <tag k="oneway" v="yes"/>
    <tag k="surface" v="asphalt"/>
  </way>
  <way id="848172251">
    <nd ref="10030352588"/>
    <nd ref="10030352522"/>
    <nd ref="10030352599"/>
    <nd ref="10030352590"/>
    <nd ref="10030352600"/>
    <nd ref="10030352601"/>
    <nd ref="12031529506"/>
    <nd ref="10030352602"/>
    <nd ref="10030352603"/>
    <nd ref="10030352604"/>
    <nd ref="10030352605"/>
    <nd ref="7914059805"/>
    <nd ref="1417791906"/>
    <tag k="highway" v="footway"/>
  </way>
  <way id="848172901">
    <nd ref="271600756"/>
    <nd ref="5262066905"/>
    <nd ref="64007729"/>
    <nd ref="64007731"/>
    <nd ref="1417791873"/>
    <nd ref="1417791876"/>
    <nd ref="1417791877"/>
    <nd ref="2377718535"/>
    <nd ref="1417791875"/>
    <nd ref="1417791871"/>
    <tag k="highway" v="secondary"/>
    <tag k="lanes" v="2"/>
    <tag k="maxspeed" v="50"/>
    <tag k="maxspeed:type" v="sign"/>
    <tag k="name" v="Calzada Legaria"/>
    <tag k="oneway" v="yes"/>
    <tag k="surface" v="asphalt"/>
  </way>
  <way id="848205894">
    <nd ref="7914348751"/>
    <nd ref="10707991862"/>
    <nd ref="10707991863"/>
    <tag k="footway" v="crossing"/>
    <tag k="highway" v="footway"/>
  </way>
  <way id="848620514">
    <nd ref="372949052"/>
    <nd ref="7918185954"/>
    <tag k="highway" v="footway"/>
  </way>
  <way id="848620515">
    <nd ref="13971784012"/>
    <nd ref="13971784011"/>
    <nd ref="7918185956"/>
    <nd ref="7918185955"/>
    <nd ref="13971784013"/>
    <tag k="highway" v="footway"/>
  </way>
  <way id="848620516">
    <nd ref="372949270"/>
    <nd ref="7918185957"/>
    <tag k="highway" v="residential"/>
    <tag k="name" v="Calle Mar Arábigo"/>
    <tag k="surface" v="asphalt"/>
  </way>
  <way id="848620517">
    <nd ref="13971763891"/>
    <nd ref="13971784006"/>
    <nd ref="7918185959"/>
    <nd ref="7918185958"/>
    <nd ref="13971763889"/>
    <nd ref="13971763890"/>
    <tag k="highway" v="footway"/>
  </way>
  <way id="848620518">
    <nd ref="1417791871"/>
    <nd ref="10030352580"/>
    <nd ref="1417791872"/>
    <tag k="highway" v="secondary"/>
    <tag k="lanes" v="1"/>
    <tag k="maxspeed" v="50"/>
    <tag k="maxspeed:type" v="sign"/>
    <tag k="name" v="Calzada Legaría"/>
    <tag k="oneway" v="yes"/>
    <tag k="surface" v="asphalt"/>
  </way>
  <way id="848625850">
    <nd ref="7918257958"/>
    <nd ref="5198664760"/>
    <nd ref="5198651852"/>
    <nd ref="8141577288"/>
    <nd ref="8141577291"/>
    <nd ref="5198664761"/>
    <nd ref="7918257954"/>
    <nd ref="7918257955"/>
    <nd ref="5198664770"/>
    <nd ref="7918257957"/>
    <tag k="highway" v="footway"/>
    <tag k="name" v="Transbordo Intermodal Metro Cuitláhuac"/>
  </way>
  <way id="848652854">
    <nd ref="4211244216"/>
    <nd ref="4211244224"/>
    <nd ref="1417791867"/>
    <nd ref="4211244218"/>
    <nd ref="4211244221"/>
    <tag k="highway" v="secondary"/>
    <tag k="lanes" v="1"/>
    <tag k="maxspeed" v="50"/>
    <tag k="maxspeed:type" v="sign"/>
    <tag k="name" v="Calzada Legaria"/>
    <tag k="oneway" v="yes"/>
    <tag k="surface" v="asphalt"/>
  </way>
  <way id="848655982">
    <nd ref="1865202536"/>
    <nd ref="7918513862"/>
    <tag k="alt_name" v="MEX-Tacuba"/>
    <tag k="cycleway:left" v="no"/>
    <tag k="cycleway:right" v="track"/>
    <tag k="highway" v="secondary"/>
    <tag k="lanes" v="2"/>
    <tag k="maxspeed" v="50"/>
    <tag k="maxspeed:type" v="sign"/>
    <tag k="name" v="Calzada México - Tacuba"/>
    <tag k="oneway" v="yes"/>
    <tag k="surface" v="asphalt"/>
  </way>
  <way id="848655983">
    <nd ref="7918513862"/>
    <nd ref="8142001088"/>
    <nd ref="1865202534"/>
    <nd ref="13971763897"/>
    <nd ref="1865202531"/>
    <nd ref="8000832895"/>
    <nd ref="11553076688"/>
    <nd ref="8747629122"/>
    <nd ref="11553076689"/>
    <nd ref="8747629130"/>
    <nd ref="8747629133"/>
    <nd ref="8747629136"/>
    <nd ref="6137964854"/>
    <nd ref="13971763904"/>
    <nd ref="1865202529"/>
    <nd ref="10039578575"/>
    <nd ref="6439900929"/>
    <nd ref="10039622600"/>
    <nd ref="1865202519"/>
    <nd ref="7910116742"/>
    <nd ref="1865202515"/>
    <nd ref="6137895753"/>
    <nd ref="7955930770"/>
    <nd ref="7910116729"/>
    <nd ref="8153332990"/>
    <nd ref="1865202508"/>
    <tag k="alt_name" v="MEX-Tacuba"/>
    <tag k="cycleway:left" v="no"/>
    <tag k="cycleway:right" v="track"/>
    <tag k="highway" v="secondary"/>
    <tag k="lanes" v="3"/>
    <tag k="maxspeed" v="50"/>
    <tag k="maxspeed:type" v="sign"/>
    <tag k="name" v="Calzada México - Tacuba"/>
    <tag k="oneway" v="yes"/>
    <tag k="surface" v="asphalt"/>
  </way>
  <way id="848930321">
    <nd ref="1932723142"/>
    <nd ref="1932723153"/>
    <nd ref="1932723152"/>
    <nd ref="1932723151"/>
    <nd ref="1932723148"/>
    <nd ref="2459293365"/>
    <nd ref="8743631335"/>
    <nd ref="1932723146"/>
    <nd ref="1932723144"/>
    <nd ref="957880292"/>
    <nd ref="271600120"/>
    <nd ref="61639940"/>
    <nd ref="1417791872"/>
    <tag k="alt_name" v="MEX-Tacuba"/>
    <tag k="highway" v="secondary"/>
    <tag k="lanes" v="3"/>
    <tag k="maxspeed" v="50"/>
    <tag k="maxspeed:type" v="sign"/>
    <tag k="name" v="Calzada México - Tacuba"/>
    <tag k="oneway" v="yes"/>
    <tag k="surface" v="asphalt"/>
  </way>
  <way id="848960239">
    <nd ref="7869708891"/>
    <nd ref="7920947847"/>
    <tag k="highway" v="footway"/>
  </way>
  <way id="848960240">
    <nd ref="7869708889"/>
    <nd ref="7920947848"/>
    <tag k="highway" v="footway"/>
  </way>
  <way id="848960241">
    <nd ref="2377725654"/>
    <nd ref="2377725647"/>
    <tag k="highway" v="footway"/>
  </way>
  <way id="850218157">
    <nd ref="372948992"/>
    <nd ref="7757135210"/>
    <tag k="highway" v="residential"/>
    <tag k="name" v="Calle Lago Hurón"/>
    <tag k="surface" v="asphalt"/>
  </way>
  <way id="850658436">
    <nd ref="2884387920"/>
    <nd ref="4598003693"/>
    <tag k="alt_name" v="Avenida F.F.C.C. Nacionales de México"/>
    <tag k="highway" v="residential"/>
    <tag k="name" v="Calle Polo Norte"/>
    <tag k="oneway" v="yes"/>
    <tag k="surface" v="asphalt"/>
  </way>
  <way id="850999929">
    <nd ref="6311315902"/>
    <nd ref="10881941964"/>
    <tag k="highway" v="residential"/>
    <tag k="lanes" v="1"/>
    <tag k="name" v="Avenida Ferrocarriles Nacionales"/>
    <tag k="surface" v="asphalt"/>
  </way>
  <way id="852909403">
    <nd ref="394141899"/>
    <nd ref="10043584695"/>
    <nd ref="1865185441"/>
    <nd ref="1865189496"/>
    <nd ref="10043584705"/>
    <nd ref="7955539285"/>
    <tag k="highway" v="secondary"/>
    <tag k="lanes" v="3"/>
    <tag k="maxspeed" v="50"/>
    <tag k="maxspeed:type" v="sign"/>
    <tag k="name" v="Calle Salónica"/>
    <tag k="oneway" v="yes"/>
    <tag k="surface" v="asphalt"/>
  </way>
  <way id="852909404">
    <nd ref="7955539285"/>
    <nd ref="382903954"/>
    <nd ref="1403764329"/>
    <nd ref="1403764301"/>
    <nd ref="1865189498"/>
    <nd ref="1865189499"/>
    <tag k="highway" v="secondary"/>
    <tag k="lanes" v="2"/>
    <tag k="maxspeed" v="50"/>
    <tag k="maxspeed:type" v="sign"/>
    <tag k="name" v="Calle Salónica"/>
    <tag k="oneway" v="yes"/>
    <tag k="surface" v="asphalt"/>
  </way>
  <way id="853023081">
    <nd ref="6135931722"/>
    <nd ref="9156657649"/>
    <nd ref="394141578"/>
    <nd ref="11680363321"/>
    <nd ref="8792557627"/>
    <nd ref="1404498762"/>
    <nd ref="7982345896"/>
    <tag k="bus:lanes" v="||designated"/>
    <tag k="highway" v="secondary"/>
    <tag k="lanes" v="3"/>
    <tag k="maxspeed" v="50"/>
    <tag k="maxspeed:type" v="sign"/>
    <tag k="name" v="Avenida Cuitláhuac"/>
    <tag k="oneway" v="yes"/>
    <tag k="surface" v="asphalt"/>
    <tag k="trolley_wire" v="yes"/>
  </way>
  <way id="853355877">
    <nd ref="394141599"/>
    <nd ref="7960118669"/>
    <nd ref="394145891"/>
    <tag k="highway" v="residential"/>
    <tag k="name" v="Calle Floresta"/>
    <tag k="oneway" v="yes"/>
    <tag k="surface" v="asphalt"/>
  </way>
  <way id="853355878">
    <nd ref="7960118669"/>
    <nd ref="7960118668"/>
    <tag k="highway" v="residential"/>
    <tag k="surface" v="asphalt"/>
  </way>
  <way id="853606241">
    <nd ref="1404219178"/>
    <nd ref="394148965"/>
    <nd ref="373110720"/>
    <nd ref="1404219176"/>
    <tag k="highway" v="residential"/>
    <tag k="name" v="Calle Partenón"/>
    <tag k="oneway" v="no"/>
    <tag k="surface" v="asphalt"/>
  </way>
  <way id="853606242">
    <nd ref="1404219178"/>
    <nd ref="394142751"/>
    <tag k="highway" v="residential"/>
    <tag k="name" v="Calle Itaca"/>
    <tag k="oneway" v="yes"/>
    <tag k="sidewalk" v="both"/>
    <tag k="surface" v="asphalt"/>
  </way>
  <way id="853606243">
    <nd ref="394159228"/>
    <nd ref="6311236712"/>
    <nd ref="394141857"/>
    <tag k="highway" v="tertiary"/>
    <tag k="lanes" v="3"/>
    <tag k="name" v="Calle Egipto"/>
    <tag k="oneway" v="yes"/>
    <tag k="sidewalk" v="right"/>
    <tag k="surface" v="asphalt"/>
  </way>
  <way id="853606244">
    <nd ref="394159228"/>
    <nd ref="394159179"/>
    <nd ref="394142744"/>
    <nd ref="394142741"/>
    <nd ref="394142738"/>
    <nd ref="394141899"/>
    <tag k="highway" v="residential"/>
    <tag k="name" v="Calle Maravatío"/>
    <tag k="oneway" v="yes"/>
    <tag k="surface" v="asphalt"/>
  </way>
  <way id="854269713">
    <nd ref="7966771847"/>
    <nd ref="373111123"/>
    <tag k="access" v="private"/>
    <tag k="highway" v="residential"/>
    <tag k="name" v="Calle Mar de la Sonda"/>
    <tag k="surface" v="asphalt"/>
  </way>
  <way id="855471896">
    <nd ref="8747051440"/>
    <nd ref="394159302"/>
    <nd ref="3012734337"/>
    <nd ref="6364018161"/>
    <nd ref="3012734335"/>
    <nd ref="6135931721"/>
    <nd ref="3012734333"/>
    <nd ref="3773826345"/>
    <nd ref="7977739221"/>
    <tag k="bicycle" v="yes"/>
    <tag k="bus:lanes" v="|||designated"/>
    <tag k="cycleway:left" v="no"/>
    <tag k="cycleway:right" v="track"/>
    <tag k="highway" v="secondary"/>
    <tag k="lanes" v="4"/>
    <tag k="lit" v="yes"/>
    <tag k="maxspeed" v="50"/>
    <tag k="maxspeed:type" v="sign"/>
    <tag k="name" v="Calzada Camarones"/>
    <tag k="oneway" v="yes"/>
    <tag k="surface" v="asphalt"/>
  </way>
  <way id="855596628">
    <nd ref="1404444991"/>
    <nd ref="2459293361"/>
    <tag k="highway" v="residential"/>
    <tag k="name" v="Calle Golfo de Tehuantepec"/>
    <tag k="surface" v="asphalt"/>
  </way>
  <way id="855624062">
    <nd ref="391104945"/>
    <nd ref="391104626"/>
    <nd ref="1403764317"/>
    <tag k="highway" v="residential"/>
    <tag k="name" v="Calle Tebas"/>
    <tag k="surface" v="asphalt"/>
  </way>
  <way id="856030416">
    <nd ref="382903943"/>
    <nd ref="382903944"/>
    <tag k="highway" v="residential"/>
    <tag k="name" v="Calle Norte 87-A"/>
    <tag k="oneway" v="yes"/>
    <tag k="source" v="yahoo"/>
    <tag k="surface" v="asphalt"/>
  </way>
  <way id="856441273">
    <nd ref="7982345893"/>
    <nd ref="7982345890"/>
    <tag k="alt_name" v="Eje 3 Norte"/>
    <tag k="cycleway:left" v="no"/>
    <tag k="cycleway:right" v="lane"/>
    <tag k="dual_carriageway" v="yes"/>
    <tag k="highway" v="primary"/>
    <tag k="lanes" v="4"/>
    <tag k="lit" v="yes"/>
    <tag k="maxspeed" v="50"/>
    <tag k="maxspeed:type" v="sign"/>
    <tag k="name" v="Calzada Camarones"/>
    <tag k="official_name" v="Eje Vial 3 Norte Camarones"/>
    <tag k="oneway" v="yes"/>
    <tag k="ref" v="EJE 3 NTE"/>
    <tag k="surface" v="asphalt"/>
    <tag k="trolley_wire" v="yes"/>
  </way>
  <way id="856441274">
    <nd ref="7982345888"/>
    <nd ref="7982345890"/>
    <tag k="foot" v="no"/>
    <tag k="highway" v="secondary"/>
    <tag k="lanes" v="3"/>
    <tag k="maxspeed" v="50"/>
    <tag k="maxspeed:type" v="sign"/>
    <tag k="name" v="Avenida de las Granjas"/>
    <tag k="oneway" v="yes"/>
    <tag k="surface" v="asphalt"/>
  </way>
  <way id="856441275">
    <nd ref="7982345888"/>
    <nd ref="7982345892"/>
    <tag k="foot" v="no"/>
    <tag k="highway" v="primary_link"/>
    <tag k="lanes" v="2"/>
    <tag k="surface" v="asphalt"/>
  </way>
  <way id="856441276">
    <nd ref="7982345889"/>
    <nd ref="7982345892"/>
    <tag k="foot" v="no"/>
    <tag k="highway" v="primary_link"/>
    <tag k="lanes" v="2"/>
    <tag k="oneway" v="yes"/>
    <tag k="ref" v="EJE 3 NTE"/>
    <tag k="surface" v="asphalt"/>
  </way>
  <way id="856441277">
    <nd ref="7982345892"/>
    <nd ref="7982345895"/>
    <tag k="alt_name" v="Eje 3 Norte"/>
    <tag k="dual_carriageway" v="yes"/>
    <tag k="foot" v="no"/>
    <tag k="highway" v="primary"/>
    <tag k="lanes" v="4"/>
    <tag k="maxspeed" v="50"/>
    <tag k="maxspeed:type" v="sign"/>
    <tag k="name" v="Avenida Cuitláhuac"/>
    <tag k="official_name" v="Eje Vial 3 Norte Cuitláhuac"/>
    <tag k="oneway" v="yes"/>
    <tag k="ref" v="EJE 3 NTE"/>
    <tag k="surface" v="asphalt"/>
    <tag k="trolley_wire" v="yes"/>
  </way>
  <way id="856441278">
    <nd ref="7982345894"/>
    <nd ref="7982345893"/>
    <tag k="alt_name" v="Eje 3 Norte"/>
    <tag k="dual_carriageway" v="yes"/>
    <tag k="highway" v="primary"/>
    <tag k="lanes" v="4"/>
    <tag k="maxspeed" v="50"/>
    <tag k="maxspeed:type" v="sign"/>
    <tag k="name" v="Avenida Cuitláhuac"/>
    <tag k="official_name" v="Eje Vial 3 Norte Cuitláhuac"/>
    <tag k="oneway" v="yes"/>
    <tag k="ref" v="EJE 3 NTE"/>
    <tag k="surface" v="asphalt"/>
    <tag k="trolley_wire" v="yes"/>
  </way>
  <way id="856441279">
    <nd ref="7982345895"/>
    <nd ref="7982345896"/>
    <tag k="alt_name" v="Eje 3 Norte"/>
    <tag k="bicycle" v="yes"/>
    <tag k="cycleway:left" v="no"/>
    <tag k="cycleway:right" v="lane"/>
    <tag k="dual_carriageway" v="yes"/>
    <tag k="highway" v="primary"/>
    <tag k="lanes" v="4"/>
    <tag k="lit" v="yes"/>
    <tag k="maxspeed" v="50"/>
    <tag k="maxspeed:type" v="sign"/>
    <tag k="name" v="Calzada Camarones"/>
    <tag k="official_name" v="Eje Vial 3 Norte Camarones"/>
    <tag k="oneway" v="yes"/>
    <tag k="ref" v="EJE 3 NTE"/>
    <tag k="surface" v="asphalt"/>
  </way>
  <way id="856441280">
    <nd ref="7982345894"/>
    <nd ref="7982345888"/>
    <tag k="foot" v="no"/>
    <tag k="highway" v="primary_link"/>
    <tag k="lanes" v="2"/>
    <tag k="surface" v="asphalt"/>
  </way>
  <way id="856441281">
    <nd ref="7982345890"/>
    <nd ref="7982345892"/>
    <tag k="alt_name" v="Eje 3 Norte"/>
    <tag k="dual_carriageway" v="yes"/>
    <tag k="foot" v="no"/>
    <tag k="highway" v="primary"/>
    <tag k="lanes" v="4"/>
    <tag k="maxspeed" v="50"/>
    <tag k="maxspeed:type" v="sign"/>
    <tag k="name" v="Avenida Cuitláhuac"/>
    <tag k="official_name" v="Eje Vial 3 Norte Cuitláhuac"/>
    <tag k="oneway" v="yes"/>
    <tag k="ref" v="EJE 3 NTE"/>
    <tag k="surface" v="asphalt"/>
    <tag k="trolley_wire" v="yes"/>
  </way>
  <way id="856441282">
    <nd ref="7982345889"/>
    <nd ref="7982345895"/>
    <tag k="highway" v="secondary"/>
    <tag k="lanes" v="3"/>
    <tag k="maxspeed" v="50"/>
    <tag k="maxspeed:type" v="sign"/>
    <tag k="name" v="Avenida de las Granjas"/>
    <tag k="oneway" v="yes"/>
    <tag k="surface" v="asphalt"/>
  </way>
  <way id="856441283">
    <nd ref="5849850870"/>
    <nd ref="7982345889"/>
    <tag k="highway" v="secondary"/>
    <tag k="lanes" v="3"/>
    <tag k="maxspeed" v="50"/>
    <tag k="maxspeed:type" v="sign"/>
    <tag k="name" v="Avenida de las Granjas"/>
    <tag k="oneway" v="yes"/>
    <tag k="surface" v="asphalt"/>
  </way>
  <way id="856441284">
    <nd ref="7982345890"/>
    <nd ref="5849850870"/>
    <tag k="alt_name" v="Eje 3 Norte"/>
    <tag k="cycleway:left" v="no"/>
    <tag k="cycleway:right" v="lane"/>
    <tag k="dual_carriageway" v="yes"/>
    <tag k="highway" v="primary"/>
    <tag k="lanes" v="4"/>
    <tag k="lit" v="yes"/>
    <tag k="maxspeed" v="50"/>
    <tag k="maxspeed:type" v="sign"/>
    <tag k="name" v="Calzada Camarones"/>
    <tag k="official_name" v="Eje Vial 3 Norte Camarones"/>
    <tag k="oneway" v="yes"/>
    <tag k="ref" v="EJE 3 NTE"/>
    <tag k="surface" v="asphalt"/>
    <tag k="trolley_wire" v="yes"/>
  </way>
  <way id="856441285">
    <nd ref="7982345896"/>
    <nd ref="7982345888"/>
    <tag k="foot" v="no"/>
    <tag k="highway" v="secondary"/>
    <tag k="lanes" v="3"/>
    <tag k="maxspeed" v="50"/>
    <tag k="maxspeed:type" v="sign"/>
    <tag k="name" v="Avenida de las Granjas"/>
    <tag k="oneway" v="yes"/>
    <tag k="surface" v="asphalt"/>
  </way>
  <way id="856443286">
    <nd ref="1404497736"/>
    <nd ref="7985472636"/>
    <nd ref="7985472635"/>
    <tag k="highway" v="primary_link"/>
    <tag k="lanes" v="1"/>
    <tag k="oneway" v="yes"/>
    <tag k="surface" v="asphalt"/>
  </way>
  <way id="856443287">
    <nd ref="1404489345"/>
    <nd ref="1404489361"/>
    <tag k="highway" v="service"/>
    <tag k="oneway" v="yes"/>
    <tag k="surface" v="asphalt"/>
  </way>
  <way id="856837017">
    <nd ref="388504191"/>
    <nd ref="388504189"/>
    <nd ref="373110713"/>
    <nd ref="12126434957"/>
    <nd ref="373110716"/>
    <tag k="highway" v="residential"/>
    <tag k="name" v="Calle Poniente 44"/>
    <tag k="oneway" v="yes"/>
    <tag k="surface" v="asphalt"/>
  </way>
  <way id="856865047">
    <nd ref="387547952"/>
    <nd ref="13971763863"/>
    <nd ref="1932912871"/>
    <tag k="highway" v="residential"/>
    <tag k="name" v="Calle Mar de Java"/>
    <tag k="oneway" v="yes"/>
    <tag k="surface" v="asphalt"/>
  </way>
  <way id="856914933">
    <nd ref="10043584706"/>
    <nd ref="10043584705"/>
    <nd ref="10043584704"/>
    <nd ref="10043584703"/>
    <nd ref="10043584702"/>
    <nd ref="10043584686"/>
    <nd ref="10043573339"/>
    <nd ref="10043584685"/>
    <nd ref="10043584684"/>
    <nd ref="10043584683"/>
    <tag k="footway" v="crossing"/>
    <tag k="highway" v="footway"/>
  </way>
  <way id="856914934">
    <nd ref="7989405423"/>
    <nd ref="7989405422"/>
    <tag k="highway" v="steps"/>
  </way>
  <way id="856914935">
    <nd ref="7989405425"/>
    <nd ref="7989405424"/>
    <tag k="highway" v="steps"/>
  </way>
  <way id="856914936">
    <nd ref="10043584706"/>
    <nd ref="10043584698"/>
    <nd ref="10043584699"/>
    <nd ref="10043584700"/>
    <nd ref="10043584701"/>
    <tag k="footway" v="crossing"/>
    <tag k="highway" v="footway"/>
  </way>
  <way id="856914937">
    <nd ref="7989405424"/>
    <nd ref="7989405423"/>
    <tag k="bridge" v="yes"/>
    <tag k="highway" v="footway"/>
    <tag k="layer" v="1"/>
  </way>
  <way id="856928842">
    <nd ref="7989578068"/>
    <nd ref="7989578067"/>
    <nd ref="7989578066"/>
    <nd ref="7989578065"/>
    <tag k="highway" v="service"/>
    <tag k="surface" v="concrete"/>
  </way>
  <way id="856984503">
    <nd ref="7990049776"/>
    <nd ref="7990049775"/>
    <tag k="highway" v="service"/>
    <tag k="surface" v="concrete"/>
  </way>
  <way id="856984504">
    <nd ref="7990049777"/>
    <nd ref="7990049776"/>
    <tag k="covered" v="yes"/>
    <tag k="highway" v="service"/>
    <tag k="surface" v="concrete"/>
  </way>
  <way id="856984505">
    <nd ref="7990049778"/>
    <nd ref="7990049777"/>
    <tag k="highway" v="service"/>
    <tag k="surface" v="concrete"/>
  </way>
  <way id="856990028">
    <nd ref="7990231307"/>
    <nd ref="7990231306"/>
    <tag k="highway" v="secondary_link"/>
    <tag k="lanes" v="2"/>
    <tag k="oneway" v="no"/>
    <tag k="surface" v="asphalt"/>
  </way>
  <way id="856990029">
    <nd ref="394143650"/>
    <nd ref="394152213"/>
    <tag k="highway" v="residential"/>
    <tag k="name" v="Calle Norte 79 A"/>
    <tag k="surface" v="asphalt"/>
  </way>
  <way id="856990030">
    <nd ref="394152213"/>
    <nd ref="394143653"/>
    <nd ref="394159185"/>
    <tag k="highway" v="residential"/>
    <tag k="name" v="Calle Norte 79 A"/>
    <tag k="oneway" v="yes"/>
    <tag k="surface" v="asphalt"/>
  </way>
  <way id="857285447">
    <nd ref="7992815272"/>
    <nd ref="9156657670"/>
    <nd ref="271707262"/>
    <nd ref="271706625"/>
    <tag k="bus:lanes" v="||designated"/>
    <tag k="highway" v="secondary"/>
    <tag k="lanes" v="3"/>
    <tag k="maxspeed" v="50"/>
    <tag k="maxspeed:type" v="sign"/>
    <tag k="name" v="Avenida Cuitláhuac"/>
    <tag k="oneway" v="yes"/>
    <tag k="surface" v="asphalt"/>
    <tag k="trolley_wire" v="yes"/>
    <tag k="turn:lanes" v="left;through|through|"/>
  </way>
  <way id="857285448">
    <nd ref="271706625"/>
    <nd ref="9156657659"/>
    <nd ref="9143415180"/>
    <nd ref="394159285"/>
    <nd ref="9156657657"/>
    <nd ref="8141035619"/>
    <nd ref="8141026015"/>
    <nd ref="9156657655"/>
    <nd ref="394159251"/>
    <nd ref="9156657653"/>
    <nd ref="47068293"/>
    <nd ref="8000582646"/>
    <nd ref="6135931722"/>
    <tag k="bus:lanes" v="||designated"/>
    <tag k="highway" v="secondary"/>
    <tag k="lanes" v="3"/>
    <tag k="maxspeed" v="50"/>
    <tag k="maxspeed:type" v="sign"/>
    <tag k="name" v="Avenida Cuitláhuac"/>
    <tag k="oneway" v="yes"/>
    <tag k="surface" v="asphalt"/>
    <tag k="trolley_wire" v="yes"/>
  </way>
  <way id="858216963">
    <nd ref="8000582642"/>
    <nd ref="13971784020"/>
    <nd ref="8747541390"/>
    <nd ref="8000582640"/>
    <tag k="highway" v="service"/>
    <tag k="oneway" v="yes"/>
    <tag k="surface" v="concrete"/>
  </way>
  <way id="858216964">
    <nd ref="7918257957"/>
    <nd ref="13971763874"/>
    <nd ref="271607711"/>
    <tag k="bus:lanes" v="||designated"/>
    <tag k="highway" v="secondary"/>
    <tag k="lanes" v="3"/>
    <tag k="maxspeed" v="50"/>
    <tag k="maxspeed:type" v="sign"/>
    <tag k="name" v="Avenida Cuitláhuac"/>
    <tag k="oneway" v="yes"/>
    <tag k="surface" v="asphalt"/>
    <tag k="trolley_wire" v="yes"/>
    <tag k="turn:lanes" v="through|through;right|"/>
  </way>
  <way id="858237045">
    <nd ref="8000756733"/>
    <nd ref="8000756732"/>
    <tag k="highway" v="service"/>
    <tag k="surface" v="concrete"/>
  </way>
  <way id="858237046">
    <nd ref="8000756736"/>
    <nd ref="8000756735"/>
    <tag k="highway" v="service"/>
    <tag k="surface" v="concrete"/>
  </way>
  <way id="858237047">
    <nd ref="8000756737"/>
    <nd ref="8000756734"/>
    <nd ref="8000756736"/>
    <tag k="covered" v="yes"/>
    <tag k="highway" v="service"/>
    <tag k="surface" v="concrete"/>
  </way>
  <way id="858237048">
    <nd ref="8000756734"/>
    <nd ref="8000756733"/>
    <tag k="covered" v="yes"/>
    <tag k="highway" v="service"/>
    <tag k="surface" v="concrete"/>
  </way>
  <way id="858237049">
    <nd ref="8000756739"/>
    <nd ref="8000756738"/>
    <nd ref="8000756737"/>
    <tag k="highway" v="service"/>
    <tag k="surface" v="concrete"/>
  </way>
  <way id="858243893">
    <nd ref="13971763898"/>
    <nd ref="13971763899"/>
    <nd ref="8000832896"/>
    <nd ref="8000832895"/>
    <nd ref="13971784209"/>
    <nd ref="10039578577"/>
    <tag k="footway" v="crossing"/>
    <tag k="highway" v="footway"/>
  </way>
  <way id="858246250">
    <nd ref="8000859823"/>
    <nd ref="8000859822"/>
    <tag k="footway" v="crossing"/>
    <tag k="highway" v="footway"/>
  </way>
  <way id="858246251">
    <nd ref="8000859825"/>
    <nd ref="8000859824"/>
    <tag k="footway" v="crossing"/>
    <tag k="highway" v="footway"/>
  </way>
  <way id="867812452">
    <nd ref="382903954"/>
    <nd ref="382903886"/>
    <tag k="highway" v="footway"/>
  </way>
  <way id="871124715">
    <nd ref="8114517490"/>
    <nd ref="372948797"/>
    <tag k="highway" v="residential"/>
  </way>
  <way id="872868611">
    <nd ref="8128319520"/>
    <nd ref="8128319519"/>
    <nd ref="8128319518"/>
    <tag k="highway" v="service"/>
  </way>
  <way id="872975807">
    <nd ref="8129246992"/>
    <nd ref="8129246989"/>
    <nd ref="8129246988"/>
    <tag k="highway" v="service"/>
  </way>
  <way id="872975808">
    <nd ref="8129246993"/>
    <nd ref="8129303523"/>
    <nd ref="8129246992"/>
    <nd ref="8129246991"/>
    <nd ref="8129246990"/>
    <tag k="highway" v="service"/>
  </way>
  <way id="872977615">
    <nd ref="1932933925"/>
    <nd ref="8129265343"/>
    <nd ref="8129265345"/>
    <nd ref="8129265344"/>
    <nd ref="8129265348"/>
    <tag k="highway" v="residential"/>
    <tag k="name" v="Calle Lago Xochimilco"/>
    <tag k="oneway" v="yes"/>
    <tag k="surface" v="asphalt"/>
  </way>
  <way id="872977616">
    <nd ref="8129265346"/>
    <nd ref="1932933925"/>
    <tag k="highway" v="residential"/>
    <tag k="name" v="Calle Lago Xochimilco"/>
    <tag k="oneway" v="yes"/>
    <tag k="surface" v="asphalt"/>
  </way>
  <way id="873435154">
    <nd ref="8134092021"/>
    <nd ref="8134092020"/>
    <tag k="highway" v="service"/>
  </way>
  <way id="873435155">
    <nd ref="8137557732"/>
    <nd ref="8134092023"/>
    <nd ref="8135769053"/>
    <nd ref="8135769052"/>
    <nd ref="8135769051"/>
    <nd ref="8135769050"/>
    <nd ref="8135769054"/>
    <nd ref="8137557731"/>
    <tag k="highway" v="service"/>
    <tag k="oneway" v="yes"/>
    <tag k="service" v="parking_aisle"/>
  </way>
  <way id="873435156">
    <nd ref="8134092027"/>
    <nd ref="8134092025"/>
    <tag k="highway" v="service"/>
    <tag k="service" v="parking_aisle"/>
  </way>
  <way id="873446375">
    <nd ref="10881941964"/>
    <nd ref="8137557207"/>
    <nd ref="8134198571"/>
    <nd ref="8134198570"/>
    <nd ref="8134198569"/>
    <nd ref="8134198568"/>
    <nd ref="8134198567"/>
    <nd ref="8134198566"/>
    <nd ref="8134198565"/>
    <nd ref="8134198564"/>
    <nd ref="8134198560"/>
    <nd ref="8134198563"/>
    <nd ref="8134198562"/>
    <nd ref="8134198561"/>
    <tag k="highway" v="service"/>
  </way>
  <way id="873446376">
    <nd ref="8134198577"/>
    <nd ref="8134198576"/>
    <nd ref="8134198575"/>
    <nd ref="8134198574"/>
    <nd ref="8134198573"/>
    <nd ref="8137557730"/>
    <nd ref="8134198572"/>
    <tag k="highway" v="service"/>
  </way>
  <way id="873501396">
    <nd ref="8134280885"/>
    <nd ref="8134280869"/>
    <nd ref="8137557749"/>
    <nd ref="8134280870"/>
    <nd ref="8134280871"/>
    <nd ref="8134280884"/>
    <nd ref="8134280872"/>
    <nd ref="8134280873"/>
    <nd ref="8134280874"/>
    <nd ref="8134280868"/>
    <nd ref="8134280883"/>
    <nd ref="8134280882"/>
    <nd ref="8134280875"/>
    <nd ref="8134280876"/>
    <nd ref="8134280881"/>
    <nd ref="8134280877"/>
    <nd ref="8134280878"/>
    <nd ref="8134280879"/>
    <nd ref="8134280880"/>
    <tag k="highway" v="service"/>
  </way>
  <way id="873501397">
    <nd ref="8134280888"/>
    <nd ref="8134280887"/>
    <nd ref="8134280886"/>
    <tag k="highway" v="service"/>
  </way>
  <way id="873501398">
    <nd ref="8134280890"/>
    <nd ref="8134280889"/>
    <tag k="highway" v="service"/>
  </way>
  <way id="873993955">
    <nd ref="8136883181"/>
    <nd ref="8136883180"/>
    <nd ref="8136883179"/>
    <tag k="highway" v="service"/>
  </way>
  <way id="873993956">
    <nd ref="394145891"/>
    <nd ref="8136883182"/>
    <nd ref="8136883183"/>
    <nd ref="8136883184"/>
    <nd ref="8136883185"/>
    <nd ref="8136883186"/>
    <nd ref="8743488495"/>
    <nd ref="8136883187"/>
    <nd ref="8136883188"/>
    <nd ref="8136883189"/>
    <tag k="highway" v="service"/>
  </way>
  <way id="873993957">
    <nd ref="8136883198"/>
    <nd ref="8136883197"/>
    <nd ref="8136883195"/>
    <nd ref="8136883194"/>
    <nd ref="8136883193"/>
    <nd ref="8136883192"/>
    <nd ref="8136883191"/>
    <nd ref="8136883190"/>
    <nd ref="8136883196"/>
    <tag k="highway" v="service"/>
    <tag k="oneway" v="yes"/>
  </way>
  <way id="874001694">
    <nd ref="8136987820"/>
    <nd ref="8136987819"/>
    <nd ref="8136987818"/>
    <nd ref="8136987817"/>
    <nd ref="8136982916"/>
    <nd ref="5209848810"/>
    <tag k="access" v="private"/>
    <tag k="highway" v="service"/>
  </way>
  <way id="874026507">
    <nd ref="1932723160"/>
    <nd ref="1932723164"/>
    <tag k="highway" v="service"/>
    <tag k="service" v="parking_aisle"/>
    <tag k="surface" v="concrete"/>
  </way>
  <way id="874026509">
    <nd ref="1932723160"/>
    <nd ref="8137191767"/>
    <nd ref="8137191762"/>
    <nd ref="8137191763"/>
    <nd ref="8137191764"/>
    <nd ref="8137191765"/>
    <nd ref="8137191766"/>
    <nd ref="1932723164"/>
    <tag k="highway" v="service"/>
  </way>
  <way id="874026510">
    <nd ref="394145888"/>
    <nd ref="8743488496"/>
    <nd ref="8743488499"/>
    <nd ref="8134092020"/>
    <nd ref="394141599"/>
    <tag k="highway" v="residential"/>
    <tag k="name" v="Calle Floresta"/>
    <tag k="oneway" v="yes"/>
    <tag k="surface" v="asphalt"/>
  </way>
  <way id="874066149">
    <nd ref="394148486"/>
    <nd ref="394159170"/>
    <tag k="highway" v="residential"/>
    <tag k="name" v="Calle Grecia"/>
    <tag k="surface" v="asphalt"/>
  </way>
  <way id="874072603">
    <nd ref="8137557200"/>
    <nd ref="8137557199"/>
    <tag k="highway" v="service"/>
  </way>
  <way id="874494989">
    <nd ref="8140674008"/>
    <nd ref="8142537639"/>
    <nd ref="8142537638"/>
    <nd ref="8140674007"/>
    <tag k="highway" v="service"/>
  </way>
  <way id="874502276">
    <nd ref="8140727595"/>
    <nd ref="8140727592"/>
    <nd ref="8140727591"/>
    <nd ref="8140727593"/>
    <nd ref="8140727594"/>
    <tag k="highway" v="service"/>
  </way>
  <way id="874502277">
    <nd ref="8140727599"/>
    <nd ref="8140727598"/>
    <tag k="highway" v="service"/>
    <tag k="service" v="parking_aisle"/>
  </way>
  <way id="874502278">
    <nd ref="8140727601"/>
    <nd ref="8140727600"/>
    <tag k="highway" v="service"/>
    <tag k="service" v="parking_aisle"/>
  </way>
  <way id="874502279">
    <nd ref="8140727607"/>
    <nd ref="8140727599"/>
    <nd ref="8140727600"/>
    <nd ref="8140727603"/>
    <nd ref="8140727602"/>
    <nd ref="8140727604"/>
    <nd ref="8140727605"/>
    <nd ref="8140727606"/>
    <nd ref="8140727610"/>
    <tag k="highway" v="service"/>
  </way>
  <way id="874502280">
    <nd ref="8140727607"/>
    <nd ref="8140727611"/>
    <nd ref="8140727608"/>
    <nd ref="8140727609"/>
    <nd ref="8140727598"/>
    <nd ref="8140727601"/>
    <nd ref="8140727610"/>
    <tag k="highway" v="service"/>
  </way>
  <way id="874509598">
    <nd ref="8140824172"/>
    <nd ref="8140824169"/>
    <nd ref="8140824167"/>
    <nd ref="8140824168"/>
    <nd ref="8140824171"/>
    <nd ref="8140824170"/>
    <tag k="highway" v="service"/>
  </way>
  <way id="874509600">
    <nd ref="8140824184"/>
    <nd ref="8140824183"/>
    <nd ref="8140824177"/>
    <nd ref="8140824176"/>
    <nd ref="8140824178"/>
    <nd ref="8140824174"/>
    <nd ref="8140824179"/>
    <nd ref="8140824180"/>
    <nd ref="8140824181"/>
    <nd ref="8140824182"/>
    <nd ref="8610992913"/>
    <nd ref="8610992914"/>
    <tag k="highway" v="service"/>
  </way>
  <way id="874517891">
    <nd ref="8140727612"/>
    <nd ref="8140727597"/>
    <nd ref="8140727607"/>
    <tag k="highway" v="service"/>
  </way>
  <way id="874517892">
    <nd ref="8140941504"/>
    <nd ref="13971784008"/>
    <nd ref="8140941502"/>
    <nd ref="8140941501"/>
    <tag k="highway" v="service"/>
  </way>
  <way id="874527151">
    <nd ref="8141035619"/>
    <nd ref="8141035618"/>
    <nd ref="8141026014"/>
    <nd ref="8141026013"/>
    <nd ref="8141026012"/>
    <nd ref="8141035617"/>
    <nd ref="8141026010"/>
    <nd ref="8141026011"/>
    <nd ref="8141026016"/>
    <nd ref="8141026015"/>
    <tag k="highway" v="service"/>
  </way>
  <way id="874527152">
    <nd ref="8141035622"/>
    <nd ref="8141035620"/>
    <nd ref="8141035621"/>
    <tag k="highway" v="service"/>
  </way>
  <way id="874527153">
    <nd ref="8141035633"/>
    <nd ref="8141035632"/>
    <nd ref="8141035624"/>
    <nd ref="8141035625"/>
    <nd ref="8141035626"/>
    <nd ref="8141035627"/>
    <nd ref="8141035628"/>
    <nd ref="8141035631"/>
    <nd ref="8141035630"/>
    <nd ref="8141035629"/>
    <tag k="highway" v="service"/>
    <tag k="oneway" v="yes"/>
  </way>
  <way id="874527154">
    <nd ref="8141035636"/>
    <nd ref="8141035635"/>
    <nd ref="8141035634"/>
    <tag k="highway" v="service"/>
  </way>
  <way id="874527155">
    <nd ref="8141035642"/>
    <nd ref="8141035637"/>
    <nd ref="8141035641"/>
    <nd ref="8141035638"/>
    <nd ref="8141035639"/>
    <nd ref="8141035640"/>
    <tag k="highway" v="service"/>
  </way>
  <way id="874527156">
    <nd ref="394159232"/>
    <nd ref="394159302"/>
    <tag k="highway" v="residential"/>
    <tag k="name" v="Calle Norte 77"/>
    <tag k="oneway" v="yes"/>
    <tag k="surface" v="asphalt"/>
  </way>
  <way id="874541147">
    <nd ref="8141078725"/>
    <nd ref="8141078724"/>
    <nd ref="8141078723"/>
    <tag k="highway" v="service"/>
  </way>
  <way id="874588525">
    <nd ref="8141577281"/>
    <nd ref="8141577280"/>
    <nd ref="13971784019"/>
    <nd ref="1865202538"/>
    <tag k="highway" v="service"/>
  </way>
  <way id="874588526">
    <nd ref="8144821151"/>
    <nd ref="8141577290"/>
    <nd ref="8141577285"/>
    <nd ref="8141577284"/>
    <nd ref="8141577283"/>
    <nd ref="8141577282"/>
    <nd ref="8141577289"/>
    <nd ref="8144821152"/>
    <tag k="highway" v="service"/>
  </way>
  <way id="874588527">
    <nd ref="8141577296"/>
    <nd ref="8141577295"/>
    <nd ref="8141577294"/>
    <tag k="highway" v="service"/>
  </way>
  <way id="874588528">
    <nd ref="5209848810"/>
    <nd ref="8141577299"/>
    <nd ref="8141577298"/>
    <nd ref="8141577297"/>
    <nd ref="8141577300"/>
    <nd ref="8141577301"/>
    <nd ref="8136987820"/>
    <tag k="access" v="private"/>
    <tag k="highway" v="service"/>
  </way>
  <way id="874588529">
    <nd ref="8144964482"/>
    <nd ref="8141577308"/>
    <nd ref="8141577307"/>
    <nd ref="8141577306"/>
    <nd ref="8141577305"/>
    <nd ref="8141577302"/>
    <nd ref="8141577303"/>
    <nd ref="8144964481"/>
    <nd ref="8141577304"/>
    <tag k="access" v="private"/>
    <tag k="highway" v="service"/>
  </way>
  <way id="874588530">
    <nd ref="8141577312"/>
    <nd ref="8141577310"/>
    <tag k="access" v="private"/>
    <tag k="highway" v="service"/>
  </way>
  <way id="874636673">
    <nd ref="8142001087"/>
    <nd ref="8142114040"/>
    <nd ref="8142001086"/>
    <nd ref="8142001085"/>
    <nd ref="8142001084"/>
    <nd ref="8142001083"/>
    <nd ref="8142001081"/>
    <nd ref="8142001082"/>
    <tag k="highway" v="residential"/>
  </way>
  <way id="874636674">
    <nd ref="8142001093"/>
    <nd ref="8142001092"/>
    <nd ref="8142001091"/>
    <nd ref="8142001090"/>
    <nd ref="8142114041"/>
    <nd ref="13971784033"/>
    <nd ref="8142001088"/>
    <tag k="highway" v="service"/>
  </way>
  <way id="874636676">
    <nd ref="8142021017"/>
    <nd ref="8142114039"/>
    <nd ref="8142001114"/>
    <nd ref="8142001113"/>
    <nd ref="8142001115"/>
    <nd ref="8142001116"/>
    <tag k="highway" v="service"/>
  </way>
  <way id="874643906">
    <nd ref="958825942"/>
    <nd ref="958825949"/>
    <tag k="highway" v="residential"/>
    <tag k="name" v="Cerrada Golfo de Campeche"/>
    <tag k="oneway" v="yes"/>
  </way>
  <way id="874644091">
    <nd ref="8142071053"/>
    <nd ref="958825953"/>
    <tag k="highway" v="residential"/>
    <tag k="source" v="maxar"/>
  </way>
  <way id="874654021">
    <nd ref="8142140294"/>
    <nd ref="8142140293"/>
    <tag k="highway" v="service"/>
    <tag k="service" v="parking_aisle"/>
  </way>
  <way id="874654022">
    <nd ref="8142140298"/>
    <nd ref="8142140295"/>
    <nd ref="8142140296"/>
    <nd ref="8142140297"/>
    <nd ref="8142140294"/>
    <nd ref="8142256417"/>
    <nd ref="8142252816"/>
    <nd ref="8142140302"/>
    <tag k="highway" v="service"/>
  </way>
  <way id="874654023">
    <nd ref="8142001107"/>
    <nd ref="8142140304"/>
    <nd ref="8142140298"/>
    <nd ref="8142140293"/>
    <nd ref="8142140303"/>
    <nd ref="8142140299"/>
    <nd ref="8142140300"/>
    <nd ref="8142140301"/>
    <nd ref="8142140302"/>
    <tag k="highway" v="service"/>
  </way>
  <way id="874654024">
    <nd ref="8142140307"/>
    <nd ref="8142140306"/>
    <nd ref="8142140305"/>
    <nd ref="8142140304"/>
    <tag k="highway" v="service"/>
  </way>
  <way id="874654025">
    <nd ref="8142140309"/>
    <nd ref="8142140308"/>
    <tag k="highway" v="service"/>
  </way>
  <way id="874663946">
    <nd ref="8142256420"/>
    <nd ref="8142256419"/>
    <nd ref="8142256418"/>
    <tag k="highway" v="service"/>
  </way>
  <way id="874671115">
    <nd ref="8142306469"/>
    <nd ref="8142306468"/>
    <nd ref="8142306467"/>
    <nd ref="8142306466"/>
    <nd ref="8142306465"/>
    <nd ref="8142306464"/>
    <nd ref="13971784022"/>
    <nd ref="8142306462"/>
    <tag k="highway" v="service"/>
  </way>
  <way id="874707503">
    <nd ref="8142587976"/>
    <nd ref="7895041627"/>
    <tag k="highway" v="tertiary"/>
    <tag k="lanes" v="1"/>
    <tag k="name" v="Calle Golfo de Aden"/>
    <tag k="oneway" v="yes"/>
    <tag k="surface" v="asphalt"/>
  </way>
  <way id="874707504">
    <nd ref="7895041627"/>
    <nd ref="372949707"/>
    <tag k="highway" v="tertiary"/>
    <tag k="lanes" v="1"/>
    <tag k="name" v="Calle Golfo de Aden"/>
    <tag k="oneway" v="yes"/>
    <tag k="surface" v="asphalt"/>
  </way>
  <way id="874976729">
    <nd ref="7931899714"/>
    <nd ref="8144695756"/>
    <nd ref="8144695757"/>
    <nd ref="8144695758"/>
    <nd ref="8144695759"/>
    <nd ref="8144695760"/>
    <nd ref="8144695761"/>
    <nd ref="8144695762"/>
    <tag k="highway" v="service"/>
  </way>
  <way id="874992742">
    <nd ref="8141577286"/>
    <nd ref="13971763875"/>
    <nd ref="8141577288"/>
    <nd ref="8142001079"/>
    <nd ref="8144821152"/>
    <tag k="highway" v="service"/>
    <tag k="oneway" v="yes"/>
  </way>
  <way id="874992743">
    <nd ref="8144821151"/>
    <nd ref="8142001080"/>
    <nd ref="8141577291"/>
    <nd ref="13971763814"/>
    <nd ref="8141577293"/>
    <tag k="highway" v="service"/>
    <tag k="oneway" v="yes"/>
  </way>
  <way id="874992744">
    <nd ref="8144821152"/>
    <nd ref="8144821151"/>
    <tag k="highway" v="service"/>
  </way>
  <way id="875007306">
    <nd ref="8144964481"/>
    <nd ref="8144964480"/>
    <nd ref="8144964479"/>
    <nd ref="8144964482"/>
    <tag k="access" v="private"/>
    <tag k="highway" v="service"/>
  </way>
  <way id="875013980">
    <nd ref="6137895765"/>
    <nd ref="8145055479"/>
    <nd ref="8145055477"/>
    <nd ref="8145055478"/>
    <tag k="highway" v="service"/>
  </way>
  <way id="875024763">
    <nd ref="394141578"/>
    <nd ref="394159232"/>
    <nd ref="394159233"/>
    <tag k="highway" v="residential"/>
    <tag k="name" v="Calle Poniente 62"/>
    <tag k="oneway" v="yes"/>
    <tag k="surface" v="asphalt"/>
  </way>
  <way id="876011431">
    <nd ref="8153363644"/>
    <nd ref="8153450719"/>
    <nd ref="8153363643"/>
    <nd ref="8643469196"/>
    <tag k="highway" v="service"/>
  </way>
  <way id="876011432">
    <nd ref="8153363647"/>
    <nd ref="8153450720"/>
    <nd ref="8153363646"/>
    <nd ref="8153363645"/>
    <nd ref="8153450718"/>
    <nd ref="1932473829"/>
    <tag k="highway" v="residential"/>
  </way>
  <way id="876069995">
    <nd ref="8153888589"/>
    <nd ref="8153888587"/>
    <nd ref="8153888588"/>
    <tag k="highway" v="service"/>
  </way>
  <way id="876069996">
    <nd ref="8153888592"/>
    <nd ref="8153888591"/>
    <nd ref="8153888590"/>
    <tag k="highway" v="service"/>
  </way>
  <way id="883981108">
    <nd ref="7914274971"/>
    <nd ref="2897849087"/>
    <tag k="access" v="private"/>
    <tag k="highway" v="residential"/>
    <tag k="lit" v="yes"/>
    <tag k="maxspeed" v="40"/>
    <tag k="maxspeed:type" v="sign"/>
    <tag k="name" v="Privada Callejón de la Luz"/>
    <tag k="surface" v="asphalt"/>
  </way>
  <way id="901403240">
    <nd ref="271607712"/>
    <nd ref="1865202536"/>
    <tag k="alt_name" v="MEX-Tacuba"/>
    <tag k="cycleway:both" v="no"/>
    <tag k="highway" v="secondary"/>
    <tag k="lanes" v="3"/>
    <tag k="maxspeed" v="50"/>
    <tag k="maxspeed:type" v="sign"/>
    <tag k="name" v="Calzada México - Tacuba"/>
    <tag k="oneway" v="yes"/>
    <tag k="surface" v="asphalt"/>
  </way>
  <way id="925262418">
    <nd ref="394141678"/>
    <nd ref="394148958"/>
    <nd ref="394152805"/>
    <nd ref="394153648"/>
    <tag k="highway" v="residential"/>
    <tag k="name" v="Calle Libertad"/>
    <tag k="oneway" v="yes"/>
    <tag k="surface" v="asphalt"/>
  </way>
  <way id="932408976">
    <nd ref="8643469192"/>
    <nd ref="8643469186"/>
    <nd ref="8643469184"/>
    <nd ref="8643469182"/>
    <tag k="highway" v="service"/>
    <tag k="service" v="parking_aisle"/>
    <tag k="surface" v="asphalt"/>
  </way>
  <way id="932408977">
    <nd ref="8643469195"/>
    <nd ref="8643469194"/>
    <nd ref="8643469192"/>
    <nd ref="8643469182"/>
    <nd ref="8643469191"/>
    <nd ref="11108612856"/>
    <nd ref="8643469190"/>
    <nd ref="8643469189"/>
    <nd ref="8643469188"/>
    <tag k="highway" v="service"/>
    <tag k="service" v="driveway"/>
    <tag k="surface" v="asphalt"/>
  </way>
  <way id="932408978">
    <nd ref="8153363630"/>
    <nd ref="8153363642"/>
    <nd ref="8153363641"/>
    <tag k="highway" v="service"/>
  </way>
  <way id="944384425">
    <nd ref="8743486069"/>
    <nd ref="8743486068"/>
    <nd ref="8743486067"/>
    <tag k="highway" v="service"/>
  </way>
  <way id="944384426">
    <nd ref="8505130827"/>
    <nd ref="8743486070"/>
    <tag k="highway" v="service"/>
  </way>
  <way id="944384427">
    <nd ref="8743486074"/>
    <nd ref="8743486071"/>
    <nd ref="8743486073"/>
    <tag k="highway" v="service"/>
  </way>
  <way id="944384428">
    <nd ref="8743486076"/>
    <nd ref="8743486072"/>
    <nd ref="8743486075"/>
    <tag k="highway" v="service"/>
  </way>
  <way id="944388515">
    <nd ref="8743488497"/>
    <nd ref="8743488496"/>
    <tag k="highway" v="service"/>
  </way>
  <way id="944388516">
    <nd ref="8137191768"/>
    <nd ref="8743488497"/>
    <nd ref="8743488502"/>
    <nd ref="8743488501"/>
    <nd ref="8743488498"/>
    <nd ref="8743488500"/>
    <nd ref="8743488499"/>
    <tag k="highway" v="service"/>
  </way>
  <way id="944463866">
    <nd ref="394141574"/>
    <nd ref="394141575"/>
    <tag k="highway" v="residential"/>
    <tag k="name" v="Calle Nilo"/>
    <tag k="surface" v="asphalt"/>
  </way>
  <way id="944798971">
    <nd ref="8746883185"/>
    <nd ref="8746883184"/>
    <tag k="covered" v="yes"/>
    <tag k="highway" v="service"/>
  </way>
  <way id="944798972">
    <nd ref="8746883187"/>
    <nd ref="8746883186"/>
    <nd ref="8746883185"/>
    <tag k="highway" v="service"/>
  </way>
  <way id="944798973">
    <nd ref="8746883184"/>
    <nd ref="8746883183"/>
    <nd ref="8746883182"/>
    <nd ref="8746883181"/>
    <tag k="highway" v="service"/>
  </way>
  <way id="944809285">
    <nd ref="8746932784"/>
    <nd ref="8746932783"/>
    <nd ref="8746932782"/>
    <tag k="highway" v="service"/>
  </way>
  <way id="944809286">
    <nd ref="8746932787"/>
    <nd ref="8746932786"/>
    <nd ref="8746932785"/>
    <tag k="highway" v="service"/>
  </way>
  <way id="944816049">
    <nd ref="1404498762"/>
    <nd ref="8747051442"/>
    <nd ref="8747051439"/>
    <nd ref="8747051441"/>
    <nd ref="8747051440"/>
    <tag k="highway" v="secondary_link"/>
    <tag k="oneway" v="yes"/>
  </way>
  <way id="944816050">
    <nd ref="8747051445"/>
    <nd ref="8747051444"/>
    <nd ref="8747051443"/>
    <tag k="highway" v="service"/>
  </way>
  <way id="944847082">
    <nd ref="8747326740"/>
    <nd ref="8747326739"/>
    <nd ref="8747326738"/>
    <tag k="highway" v="service"/>
  </way>
  <way id="944849929">
    <nd ref="8747361292"/>
    <nd ref="8747361291"/>
    <tag k="highway" v="service"/>
  </way>
  <way id="944849930">
    <nd ref="8747361293"/>
    <nd ref="8747361292"/>
    <tag k="covered" v="yes"/>
    <tag k="highway" v="service"/>
  </way>
  <way id="944849931">
    <nd ref="8747361299"/>
    <nd ref="8747361294"/>
    <nd ref="8747361293"/>
    <tag k="highway" v="service"/>
    <tag k="oneway" v="yes"/>
  </way>
  <way id="944849932">
    <nd ref="8747361296"/>
    <nd ref="8747361295"/>
    <tag k="highway" v="service"/>
  </way>
  <way id="944849933">
    <nd ref="8747361297"/>
    <nd ref="8747361296"/>
    <tag k="covered" v="yes"/>
    <tag k="highway" v="service"/>
  </way>
  <way id="944849934">
    <nd ref="7873349052"/>
    <nd ref="8747361299"/>
    <nd ref="8747361298"/>
    <nd ref="8747361297"/>
    <tag k="highway" v="service"/>
    <tag k="oneway" v="yes"/>
  </way>
  <way id="944875313">
    <nd ref="61631974"/>
    <nd ref="13971763878"/>
    <nd ref="8747541382"/>
    <tag k="highway" v="service"/>
  </way>
  <way id="944875314">
    <nd ref="8000582640"/>
    <nd ref="8000582639"/>
    <nd ref="8145102438"/>
    <tag k="highway" v="service"/>
    <tag k="surface" v="concrete"/>
  </way>
  <way id="944876373">
    <nd ref="8747588853"/>
    <nd ref="8747588852"/>
    <nd ref="8747588851"/>
    <tag k="highway" v="service"/>
  </way>
  <way id="944880407">
    <nd ref="8747629121"/>
    <nd ref="13971763867"/>
    <nd ref="8747629119"/>
    <tag k="highway" v="service"/>
  </way>
  <way id="944880408">
    <nd ref="8747629125"/>
    <nd ref="8747629124"/>
    <nd ref="10039578578"/>
    <nd ref="13971784039"/>
    <nd ref="8747629122"/>
    <tag k="highway" v="service"/>
  </way>
  <way id="944880409">
    <nd ref="8747629135"/>
    <nd ref="8747629126"/>
    <nd ref="8747629127"/>
    <nd ref="8747629128"/>
    <nd ref="8747629129"/>
    <tag k="highway" v="service"/>
  </way>
  <way id="944880410">
    <nd ref="8747629130"/>
    <nd ref="13971784206"/>
    <nd ref="10039578579"/>
    <nd ref="8747629132"/>
    <nd ref="8747629126"/>
    <tag k="highway" v="service"/>
    <tag k="oneway" v="yes"/>
  </way>
  <way id="944880411">
    <nd ref="8747629135"/>
    <nd ref="10039578580"/>
    <nd ref="13971784207"/>
    <nd ref="8747629133"/>
    <tag k="highway" v="service"/>
    <tag k="oneway" v="yes"/>
  </way>
  <way id="944880412">
    <nd ref="8747629136"/>
    <nd ref="13971784042"/>
    <nd ref="10039578581"/>
    <nd ref="8747629138"/>
    <tag k="highway" v="service"/>
    <tag k="oneway" v="yes"/>
  </way>
  <way id="944880413">
    <nd ref="8747629141"/>
    <nd ref="13971763871"/>
    <nd ref="8747629140"/>
    <nd ref="8747629139"/>
    <tag k="highway" v="service"/>
  </way>
  <way id="945185931">
    <nd ref="8750450022"/>
    <nd ref="8750450021"/>
    <tag k="highway" v="service"/>
  </way>
  <way id="945185932">
    <nd ref="8750450023"/>
    <nd ref="8750450022"/>
    <tag k="covered" v="yes"/>
    <tag k="highway" v="service"/>
  </way>
  <way id="945185933">
    <nd ref="8750450025"/>
    <nd ref="8750450024"/>
    <nd ref="8750450023"/>
    <tag k="highway" v="service"/>
  </way>
  <way id="949770954">
    <nd ref="8792557628"/>
    <nd ref="8792557627"/>
    <tag k="footway" v="crossing"/>
    <tag k="highway" v="footway"/>
  </way>
  <way id="955911118">
    <nd ref="8137557731"/>
    <nd ref="8135769056"/>
    <nd ref="8135769055"/>
    <tag k="highway" v="service"/>
    <tag k="oneway" v="yes"/>
  </way>
  <way id="955911119">
    <nd ref="8134092024"/>
    <nd ref="8134092022"/>
    <nd ref="8137557732"/>
    <tag k="highway" v="service"/>
    <tag k="oneway" v="yes"/>
  </way>
  <way id="957699855">
    <nd ref="3050372724"/>
    <nd ref="8153363641"/>
    <nd ref="11680363332"/>
    <nd ref="1404497736"/>
    <tag k="alt_name" v="Eje 3 Norte"/>
    <tag k="bus:lanes" v="|||designated"/>
    <tag k="cycleway:left" v="no"/>
    <tag k="cycleway:right" v="track"/>
    <tag k="dual_carriageway" v="yes"/>
    <tag k="highway" v="primary"/>
    <tag k="lanes" v="4"/>
    <tag k="lit" v="yes"/>
    <tag k="maxspeed" v="50"/>
    <tag k="maxspeed:type" v="sign"/>
    <tag k="name" v="Calzada Camarones"/>
    <tag k="official_name" v="Eje Vial 3 Norte Camarones"/>
    <tag k="oneway" v="yes"/>
    <tag k="ref" v="EJE 3 NTE"/>
    <tag k="surface" v="asphalt"/>
    <tag k="trolley_wire" v="yes"/>
  </way>
  <way id="980744471">
    <nd ref="9191730791"/>
    <nd ref="9191730789"/>
    <nd ref="9191730792"/>
    <nd ref="9191730793"/>
    <nd ref="9191730790"/>
    <nd ref="9191730794"/>
    <nd ref="9191730788"/>
    <nd ref="9072337059"/>
    <nd ref="9193879235"/>
    <nd ref="9072337058"/>
    <nd ref="9072337056"/>
    <nd ref="9072337057"/>
    <nd ref="9072337055"/>
    <nd ref="7990231306"/>
    <tag k="highway" v="service"/>
  </way>
  <way id="989250605">
    <nd ref="9143415184"/>
    <nd ref="9143415185"/>
    <tag k="highway" v="service"/>
  </way>
  <way id="989250606">
    <nd ref="9143415186"/>
    <nd ref="9143415185"/>
    <nd ref="9143415187"/>
    <tag k="highway" v="service"/>
  </way>
  <way id="989250713">
    <nd ref="9143415180"/>
    <nd ref="9143415181"/>
    <tag k="highway" v="service"/>
  </way>
  <way id="989250714">
    <nd ref="9143415181"/>
    <nd ref="9143415188"/>
    <nd ref="9143415182"/>
    <nd ref="9143415183"/>
    <nd ref="9143415189"/>
    <nd ref="9143415184"/>
    <tag k="covered" v="yes"/>
    <tag k="highway" v="service"/>
  </way>
  <way id="991021606">
    <nd ref="9156657648"/>
    <nd ref="9156657650"/>
    <nd ref="9156657649"/>
    <tag k="bicycle" v="designated"/>
    <tag k="crossing" v="uncontrolled"/>
    <tag k="crossing:island" v="yes"/>
    <tag k="crossing:markings" v="yes"/>
    <tag k="cycleway" v="crossing"/>
    <tag k="foot" v="designated"/>
    <tag k="highway" v="cycleway"/>
  </way>
  <way id="991021607">
    <nd ref="9156657650"/>
    <nd ref="9156657651"/>
    <nd ref="9156657652"/>
    <tag k="bicycle" v="designated"/>
    <tag k="foot" v="designated"/>
    <tag k="highway" v="cycleway"/>
  </way>
  <way id="991021608">
    <nd ref="9156657653"/>
    <nd ref="9156657652"/>
    <nd ref="9156657654"/>
    <tag k="bicycle" v="designated"/>
    <tag k="crossing" v="traffic_signals"/>
    <tag k="crossing:island" v="yes"/>
    <tag k="crossing:markings" v="yes"/>
    <tag k="cycleway" v="crossing"/>
    <tag k="foot" v="designated"/>
    <tag k="highway" v="cycleway"/>
  </way>
  <way id="991021609">
    <nd ref="9156657655"/>
    <nd ref="9156657663"/>
    <nd ref="9156657656"/>
    <tag k="bicycle" v="designated"/>
    <tag k="crossing" v="traffic_signals"/>
    <tag k="crossing:island" v="yes"/>
    <tag k="crossing:markings" v="yes"/>
    <tag k="cycleway" v="crossing"/>
    <tag k="foot" v="designated"/>
    <tag k="highway" v="cycleway"/>
  </way>
  <way id="991021610">
    <nd ref="9156657657"/>
    <nd ref="9156657662"/>
    <nd ref="9156657658"/>
    <tag k="highway" v="footway"/>
  </way>
  <way id="991021611">
    <nd ref="9156657659"/>
    <nd ref="9156657661"/>
    <nd ref="9156657660"/>
    <tag k="bicycle" v="designated"/>
    <tag k="crossing" v="traffic_signals"/>
    <tag k="crossing:island" v="yes"/>
    <tag k="crossing:markings" v="zebra"/>
    <tag k="cycleway" v="crossing"/>
    <tag k="foot" v="designated"/>
    <tag k="highway" v="cycleway"/>
  </way>
  <way id="991021612">
    <nd ref="9156657661"/>
    <nd ref="9156657662"/>
    <nd ref="9156657663"/>
    <tag k="bicycle" v="designated"/>
    <tag k="foot" v="designated"/>
    <tag k="highway" v="cycleway"/>
  </way>
  <way id="991021613">
    <nd ref="9156657664"/>
    <nd ref="8904907384"/>
    <nd ref="9156657665"/>
    <tag k="bicycle" v="designated"/>
    <tag k="crossing" v="traffic_signals"/>
    <tag k="crossing:island" v="yes"/>
    <tag k="crossing:markings" v="zebra"/>
    <tag k="cycleway" v="crossing"/>
    <tag k="foot" v="designated"/>
    <tag k="highway" v="cycleway"/>
  </way>
  <way id="991021614">
    <nd ref="9156657666"/>
    <nd ref="9156657674"/>
    <nd ref="9156657667"/>
    <tag k="bicycle" v="designated"/>
    <tag k="crossing" v="traffic_signals"/>
    <tag k="crossing:island" v="yes"/>
    <tag k="crossing:markings" v="zebra"/>
    <tag k="cycleway" v="crossing"/>
    <tag k="foot" v="designated"/>
    <tag k="highway" v="cycleway"/>
  </way>
  <way id="991021615">
    <nd ref="9156657668"/>
    <nd ref="9156657673"/>
    <nd ref="9156657669"/>
    <tag k="bicycle" v="designated"/>
    <tag k="crossing" v="traffic_signals"/>
    <tag k="crossing:island" v="yes"/>
    <tag k="crossing:markings" v="zebra"/>
    <tag k="cycleway" v="crossing"/>
    <tag k="foot" v="designated"/>
    <tag k="highway" v="cycleway"/>
  </way>
  <way id="991021616">
    <nd ref="9156657670"/>
    <nd ref="9156657672"/>
    <nd ref="9156657671"/>
    <tag k="bicycle" v="designated"/>
    <tag k="crossing" v="traffic_signals"/>
    <tag k="crossing:island" v="yes"/>
    <tag k="crossing:markings" v="zebra"/>
    <tag k="cycleway" v="crossing"/>
    <tag k="foot" v="designated"/>
    <tag k="highway" v="cycleway"/>
  </way>
  <way id="991021617">
    <nd ref="9156657672"/>
    <nd ref="9156657673"/>
    <tag k="bicycle" v="designated"/>
    <tag k="foot" v="designated"/>
    <tag k="highway" v="cycleway"/>
  </way>
  <way id="991021618">
    <nd ref="9156657674"/>
    <nd ref="9156657675"/>
    <nd ref="8904907384"/>
    <tag k="bicycle" v="designated"/>
    <tag k="foot" v="designated"/>
    <tag k="highway" v="cycleway"/>
  </way>
  <way id="1012223645">
    <nd ref="373110948"/>
    <nd ref="10039665758"/>
    <nd ref="11553076773"/>
    <nd ref="373110955"/>
    <tag k="highway" v="footway"/>
  </way>
  <way id="1016303053">
    <nd ref="7067259285"/>
    <nd ref="7512314431"/>
    <tag k="highway" v="footway"/>
  </way>
  <way id="1016303054">
    <nd ref="7067259286"/>
    <nd ref="9374019998"/>
    <tag k="highway" v="footway"/>
  </way>
  <way id="1016303055">
    <nd ref="9374019999"/>
    <nd ref="394149324"/>
    <tag k="highway" v="footway"/>
  </way>
  <way id="1016303056">
    <nd ref="9374020000"/>
    <nd ref="7896255927"/>
    <tag k="highway" v="footway"/>
  </way>
  <way id="1020420286">
    <nd ref="382903939"/>
    <nd ref="7955603645"/>
    <nd ref="382903930"/>
    <tag k="highway" v="residential"/>
    <tag k="name" v="Calle Nubia"/>
    <tag k="oneway" v="yes"/>
    <tag k="source" v="yahoo"/>
    <tag k="surface" v="asphalt"/>
  </way>
  <way id="1095246099">
    <nd ref="10030352517"/>
    <nd ref="10030266413"/>
    <nd ref="10030266412"/>
    <nd ref="10030266411"/>
    <nd ref="10030266410"/>
    <nd ref="10030266409"/>
    <nd ref="10030266408"/>
    <nd ref="10030266407"/>
    <nd ref="10030266406"/>
    <nd ref="10030266405"/>
    <nd ref="10030266404"/>
    <nd ref="10030266403"/>
    <tag k="highway" v="footway"/>
  </way>
  <way id="1095246100">
    <nd ref="10030352521"/>
    <nd ref="10030352520"/>
    <nd ref="10030352519"/>
    <nd ref="10030352523"/>
    <tag k="highway" v="footway"/>
  </way>
  <way id="1095246101">
    <nd ref="10030352534"/>
    <nd ref="10043688830"/>
    <nd ref="10030352533"/>
    <nd ref="10030352532"/>
    <nd ref="10030352531"/>
    <nd ref="1404444975"/>
    <nd ref="10030352530"/>
    <nd ref="12030051910"/>
    <nd ref="7753560417"/>
    <nd ref="10030352529"/>
    <nd ref="8134280869"/>
    <nd ref="12031529504"/>
    <nd ref="10030352528"/>
    <nd ref="10030352527"/>
    <nd ref="10030352522"/>
    <tag k="highway" v="footway"/>
  </way>
  <way id="1095246102">
    <nd ref="10030352572"/>
    <nd ref="10030352567"/>
    <nd ref="10030352566"/>
    <nd ref="10030352565"/>
    <nd ref="10030352564"/>
    <nd ref="10030352563"/>
    <nd ref="10030352562"/>
    <nd ref="10030352561"/>
    <nd ref="10030352560"/>
    <nd ref="10030352559"/>
    <nd ref="10030352558"/>
    <nd ref="10030352557"/>
    <nd ref="10030352556"/>
    <nd ref="10030352555"/>
    <nd ref="10030352554"/>
    <nd ref="10030352553"/>
    <nd ref="10030352552"/>
    <nd ref="10030352551"/>
    <nd ref="10030352550"/>
    <nd ref="10030352549"/>
    <nd ref="10030352548"/>
    <nd ref="10030352547"/>
    <nd ref="2459293366"/>
    <tag k="highway" v="footway"/>
  </way>
  <way id="1095246103">
    <nd ref="10030352580"/>
    <nd ref="10030352579"/>
    <nd ref="10030352578"/>
    <nd ref="10030352577"/>
    <nd ref="10030352576"/>
    <nd ref="10030352575"/>
    <nd ref="10043609048"/>
    <nd ref="10030352574"/>
    <nd ref="10030352573"/>
    <nd ref="10030352572"/>
    <nd ref="10030352571"/>
    <nd ref="10030352570"/>
    <nd ref="10030352569"/>
    <nd ref="10030352568"/>
    <tag k="highway" v="footway"/>
  </way>
  <way id="1095246104">
    <nd ref="10030352605"/>
    <nd ref="10030352598"/>
    <nd ref="10030352597"/>
    <nd ref="10030352589"/>
    <nd ref="10030352596"/>
    <nd ref="10030352595"/>
    <nd ref="10030352594"/>
    <nd ref="10030352593"/>
    <nd ref="10030352592"/>
    <nd ref="10030352591"/>
    <nd ref="10030352590"/>
    <tag k="highway" v="footway"/>
  </way>
  <way id="1096316613">
    <nd ref="10039622597"/>
    <nd ref="10039622595"/>
    <tag k="highway" v="footway"/>
  </way>
  <way id="1096316614">
    <nd ref="10039622598"/>
    <nd ref="10039622597"/>
    <nd ref="10039622596"/>
    <nd ref="10039578584"/>
    <tag k="highway" v="footway"/>
  </way>
  <way id="1096316615">
    <nd ref="10039622599"/>
    <nd ref="10039622598"/>
    <tag k="highway" v="footway"/>
  </way>
  <way id="1096316616">
    <nd ref="372948754"/>
    <nd ref="1865202521"/>
    <nd ref="1865202524"/>
    <nd ref="1865202523"/>
    <nd ref="1865202520"/>
    <tag k="alt_name" v="Calle Vereda Nacional"/>
    <tag k="highway" v="residential"/>
    <tag k="name" v="Calle Mar Rojo"/>
  </way>
  <way id="1096319856">
    <nd ref="10039578582"/>
    <nd ref="13971784205"/>
    <nd ref="10039578575"/>
    <nd ref="10039578574"/>
    <nd ref="13971763865"/>
    <nd ref="10039578572"/>
    <nd ref="10039578571"/>
    <tag k="footway" v="crossing"/>
    <tag k="highway" v="footway"/>
  </way>
  <way id="1096319857">
    <nd ref="10039578585"/>
    <nd ref="10039578584"/>
    <nd ref="10039578583"/>
    <nd ref="10039578582"/>
    <nd ref="10042666586"/>
    <nd ref="10039578581"/>
    <nd ref="10039578580"/>
    <nd ref="10039578579"/>
    <nd ref="13971763902"/>
    <nd ref="10039578578"/>
    <nd ref="10039578577"/>
    <tag k="highway" v="footway"/>
  </way>
  <way id="1096321788">
    <nd ref="10039665760"/>
    <nd ref="11553076826"/>
    <nd ref="10039665758"/>
    <nd ref="11553076793"/>
    <tag k="highway" v="footway"/>
  </way>
  <way id="1096321789">
    <nd ref="10039665760"/>
    <nd ref="11553076830"/>
    <nd ref="11553076772"/>
    <nd ref="10039665759"/>
    <tag k="highway" v="footway"/>
  </way>
  <way id="1096321790">
    <nd ref="10039578577"/>
    <nd ref="10039665761"/>
    <nd ref="10039665760"/>
    <tag k="footway" v="crossing"/>
    <tag k="highway" v="footway"/>
  </way>
  <way id="1096827967">
    <nd ref="10043584681"/>
    <nd ref="10043584683"/>
    <nd ref="10043584680"/>
    <nd ref="10043584679"/>
    <nd ref="10043584678"/>
    <nd ref="10043584677"/>
    <nd ref="10043584682"/>
    <nd ref="10043584676"/>
    <nd ref="10043584681"/>
    <tag k="area" v="yes"/>
    <tag k="highway" v="pedestrian"/>
  </way>
  <way id="1096827968">
    <nd ref="10043584682"/>
    <nd ref="10043584687"/>
    <tag k="footway" v="crossing"/>
    <tag k="highway" v="footway"/>
  </way>
  <way id="1096827969">
    <nd ref="10043584701"/>
    <nd ref="10043584697"/>
    <nd ref="10043584696"/>
    <nd ref="10043584695"/>
    <nd ref="10043584694"/>
    <nd ref="10043584693"/>
    <nd ref="7982020530"/>
    <nd ref="10043584692"/>
    <nd ref="10043584691"/>
    <nd ref="10043584690"/>
    <nd ref="10043584689"/>
    <nd ref="10043584688"/>
    <nd ref="10043584687"/>
    <tag k="footway" v="crossing"/>
    <tag k="highway" v="footway"/>
  </way>
  <way id="1096827970">
    <nd ref="7989405422"/>
    <nd ref="10043584708"/>
    <nd ref="10043584706"/>
    <tag k="highway" v="footway"/>
  </way>
  <way id="1096827971">
    <nd ref="10043584701"/>
    <nd ref="10043584707"/>
    <nd ref="7989405425"/>
    <tag k="highway" v="footway"/>
  </way>
  <way id="1096829645">
    <nd ref="10043573341"/>
    <nd ref="10043573340"/>
    <nd ref="10043584685"/>
    <tag k="highway" v="footway"/>
  </way>
  <way id="1096829646">
    <nd ref="10043584691"/>
    <nd ref="10043573347"/>
    <tag k="highway" v="footway"/>
  </way>
  <way id="1112150859">
    <nd ref="10174663828"/>
    <nd ref="10174663827"/>
    <tag k="highway" v="footway"/>
  </way>
  <way id="1151087327">
    <nd ref="10707991861"/>
    <nd ref="10707991860"/>
    <nd ref="10707991859"/>
    <tag k="footway" v="crossing"/>
    <tag k="highway" v="footway"/>
  </way>
  <way id="1152781532">
    <nd ref="10722294313"/>
    <nd ref="10722294314"/>
    <tag k="covered" v="yes"/>
    <tag k="highway" v="footway"/>
  </way>
  <way id="1152781533">
    <nd ref="10722294317"/>
    <nd ref="10722294313"/>
    <tag k="highway" v="footway"/>
  </way>
  <way id="1152781534">
    <nd ref="10722294314"/>
    <nd ref="12031530704"/>
    <nd ref="13971784002"/>
    <nd ref="10722294315"/>
    <tag k="highway" v="footway"/>
  </way>
  <way id="1152789951">
    <nd ref="10722402398"/>
    <nd ref="11774768412"/>
    <nd ref="10722402399"/>
    <nd ref="11774768411"/>
    <nd ref="6338105810"/>
    <nd ref="11774766226"/>
    <nd ref="372948797"/>
    <tag k="highway" v="footway"/>
    <tag k="surface" v="concrete"/>
  </way>
  <way id="1168780547">
    <nd ref="394159185"/>
    <nd ref="394143657"/>
    <tag k="highway" v="residential"/>
    <tag k="name" v="Calle Norte 79 A"/>
    <tag k="oneway" v="yes"/>
    <tag k="sidewalk" v="no"/>
    <tag k="surface" v="asphalt"/>
  </way>
  <way id="1168780548">
    <nd ref="394141584"/>
    <nd ref="394159177"/>
    <nd ref="394159230"/>
    <tag k="highway" v="residential"/>
    <tag k="name" v="Calle Norte 81"/>
    <tag k="oneway" v="yes"/>
    <tag k="surface" v="asphalt"/>
  </way>
  <way id="1168780549">
    <nd ref="394159230"/>
    <nd ref="394159184"/>
    <tag k="highway" v="residential"/>
    <tag k="name" v="Calle Norte 81"/>
    <tag k="oneway" v="yes"/>
    <tag k="sidewalk" v="no"/>
    <tag k="surface" v="asphalt"/>
  </way>
  <way id="1168780570">
    <nd ref="394159229"/>
    <nd ref="394159183"/>
    <tag k="highway" v="tertiary"/>
    <tag k="lanes" v="4"/>
    <tag k="name" v="Calle Ignacio Allende"/>
    <tag k="sidewalk" v="no"/>
    <tag k="surface" v="asphalt"/>
  </way>
  <way id="1168780682">
    <nd ref="394159182"/>
    <nd ref="394159228"/>
    <tag k="highway" v="residential"/>
    <tag k="name" v="Calle Maravatío"/>
    <tag k="oneway" v="no"/>
    <tag k="sidewalk" v="no"/>
    <tag k="surface" v="asphalt"/>
  </way>
  <way id="1169319593">
    <nd ref="10873388268"/>
    <nd ref="10873388296"/>
    <nd ref="10873388269"/>
    <tag k="highway" v="footway"/>
  </way>
  <way id="1169319594">
    <nd ref="10873388283"/>
    <nd ref="10873388284"/>
    <nd ref="10873388285"/>
    <nd ref="10873388286"/>
    <nd ref="10873388287"/>
    <nd ref="10873388269"/>
    <nd ref="10873388270"/>
    <nd ref="10873388271"/>
    <nd ref="10873388272"/>
    <nd ref="10873388278"/>
    <nd ref="10873388279"/>
    <nd ref="10873388280"/>
    <nd ref="10873388281"/>
    <nd ref="10873388282"/>
    <nd ref="10873388273"/>
    <nd ref="10873388274"/>
    <nd ref="10873388275"/>
    <nd ref="10873388276"/>
    <nd ref="10873388277"/>
    <nd ref="10873388283"/>
    <tag k="highway" v="footway"/>
  </way>
  <way id="1169319595">
    <nd ref="10873388274"/>
    <nd ref="10873388297"/>
    <nd ref="10873388288"/>
    <tag k="highway" v="footway"/>
  </way>
  <way id="1169319596">
    <nd ref="10873388279"/>
    <nd ref="10873388295"/>
    <nd ref="10873388289"/>
    <tag k="highway" v="footway"/>
  </way>
  <way id="1169319597">
    <nd ref="10873388283"/>
    <nd ref="10873388298"/>
    <tag k="highway" v="footway"/>
  </way>
  <way id="1169319598">
    <nd ref="10873388271"/>
    <nd ref="10873388292"/>
    <tag k="highway" v="footway"/>
  </way>
  <way id="1169319599">
    <nd ref="10873388286"/>
    <nd ref="10873388291"/>
    <tag k="highway" v="footway"/>
  </way>
  <way id="1169319600">
    <nd ref="10873388282"/>
    <nd ref="10873388293"/>
    <tag k="highway" v="footway"/>
  </way>
  <way id="1169319601">
    <nd ref="10873388276"/>
    <nd ref="10873388294"/>
    <tag k="highway" v="footway"/>
  </way>
  <way id="1169319602">
    <nd ref="10873388292"/>
    <nd ref="10873388295"/>
    <nd ref="10873388293"/>
    <tag k="highway" v="footway"/>
  </way>
  <way id="1169319603">
    <nd ref="10873388291"/>
    <nd ref="10873388296"/>
    <nd ref="10873388292"/>
    <tag k="highway" v="footway"/>
  </way>
  <way id="1169319604">
    <nd ref="10873388298"/>
    <nd ref="10873388291"/>
    <tag k="highway" v="footway"/>
  </way>
  <way id="1169319605">
    <nd ref="10873388298"/>
    <nd ref="10873388290"/>
    <tag k="highway" v="footway"/>
  </way>
  <way id="1169319606">
    <nd ref="10873388294"/>
    <nd ref="10873388298"/>
    <tag k="highway" v="footway"/>
  </way>
  <way id="1169319607">
    <nd ref="10873388293"/>
    <nd ref="10873388297"/>
    <nd ref="10873388294"/>
    <tag k="highway" v="footway"/>
  </way>
  <way id="1169319608">
    <nd ref="10873388299"/>
    <nd ref="10873388303"/>
    <nd ref="10873388300"/>
    <nd ref="10873388301"/>
    <nd ref="10873388302"/>
    <nd ref="10873400505"/>
    <nd ref="10873388299"/>
    <tag k="highway" v="footway"/>
  </way>
  <way id="1169319609">
    <nd ref="10873388288"/>
    <nd ref="10873388303"/>
    <nd ref="10873388304"/>
    <nd ref="10873388301"/>
    <tag k="highway" v="footway"/>
  </way>
  <way id="1169319610">
    <nd ref="10873388304"/>
    <nd ref="10873400505"/>
    <nd ref="10873400506"/>
    <tag k="highway" v="footway"/>
  </way>
  <way id="1172284273">
    <nd ref="1404497736"/>
    <nd ref="7982345895"/>
    <tag k="alt_name" v="Eje 3 Norte"/>
    <tag k="bus:lanes" v="|||designated"/>
    <tag k="cycleway:left" v="no"/>
    <tag k="cycleway:right" v="lane"/>
    <tag k="dual_carriageway" v="yes"/>
    <tag k="highway" v="primary"/>
    <tag k="lanes" v="4"/>
    <tag k="lit" v="yes"/>
    <tag k="maxspeed" v="50"/>
    <tag k="maxspeed:type" v="sign"/>
    <tag k="name" v="Calzada Camarones"/>
    <tag k="official_name" v="Eje Vial 3 Norte Camarones"/>
    <tag k="oneway" v="yes"/>
    <tag k="ref" v="EJE 3 NTE"/>
    <tag k="surface" v="asphalt"/>
    <tag k="trolley_wire" v="yes"/>
  </way>
  <way id="1172284325">
    <nd ref="7982345896"/>
    <nd ref="11680363322"/>
    <nd ref="8747051440"/>
    <tag k="bicycle" v="yes"/>
    <tag k="bus:lanes" v="|||designated"/>
    <tag k="cycleway:left" v="no"/>
    <tag k="cycleway:right" v="lane"/>
    <tag k="highway" v="secondary"/>
    <tag k="lanes" v="4"/>
    <tag k="lit" v="yes"/>
    <tag k="maxspeed" v="50"/>
    <tag k="maxspeed:type" v="sign"/>
    <tag k="name" v="Calzada Camarones"/>
    <tag k="oneway" v="yes"/>
    <tag k="surface" v="asphalt"/>
  </way>
  <way id="1172288767">
    <nd ref="5849850870"/>
    <nd ref="5849850869"/>
    <nd ref="11680363330"/>
    <nd ref="1403764319"/>
    <nd ref="1404497726"/>
    <nd ref="382903955"/>
    <nd ref="10043584698"/>
    <nd ref="1865189496"/>
    <tag k="alt_name" v="Eje 3 Norte"/>
    <tag k="bus:lanes" v="|||designated"/>
    <tag k="cycleway:left" v="no"/>
    <tag k="cycleway:right" v="track"/>
    <tag k="dual_carriageway" v="yes"/>
    <tag k="highway" v="primary"/>
    <tag k="lanes" v="4"/>
    <tag k="lit" v="yes"/>
    <tag k="maxspeed" v="50"/>
    <tag k="maxspeed:type" v="sign"/>
    <tag k="name" v="Calzada Camarones"/>
    <tag k="official_name" v="Eje Vial 3 Norte Camarones"/>
    <tag k="oneway" v="yes"/>
    <tag k="ref" v="EJE 3 NTE"/>
    <tag k="surface" v="asphalt"/>
    <tag k="trolley_wire" v="yes"/>
  </way>
  <way id="1172288768">
    <nd ref="1865189496"/>
    <nd ref="47053905"/>
    <tag k="alt_name" v="Eje 3 Norte"/>
    <tag k="bus:lanes" v="|||designated"/>
    <tag k="cycleway:left" v="no"/>
    <tag k="cycleway:right" v="lane"/>
    <tag k="description" v="Calle Segunda Privada 20 de Noviembre"/>
    <tag k="dual_carriageway" v="yes"/>
    <tag k="highway" v="primary"/>
    <tag k="lanes" v="4"/>
    <tag k="lit" v="yes"/>
    <tag k="maxspeed" v="50"/>
    <tag k="maxspeed:type" v="sign"/>
    <tag k="name" v="Calzada Camarones"/>
    <tag k="official_name" v="Eje Vial 3 Norte Camarones"/>
    <tag k="oneway" v="yes"/>
    <tag k="ref" v="EJE 3 NTE"/>
    <tag k="surface" v="asphalt"/>
    <tag k="trolley_wire" v="yes"/>
  </way>
  <way id="1174483697">
    <nd ref="2377718540"/>
    <nd ref="2377718541"/>
    <nd ref="10030352588"/>
    <nd ref="10030352587"/>
    <nd ref="10030352586"/>
    <nd ref="7873349020"/>
    <nd ref="10030352585"/>
    <nd ref="10030352584"/>
    <nd ref="61470943"/>
    <tag k="highway" v="footway"/>
  </way>
  <way id="1174493753">
    <nd ref="47068271"/>
    <nd ref="14044835699"/>
    <nd ref="271707262"/>
    <tag k="highway" v="tertiary"/>
    <tag k="lanes" v="2"/>
    <tag k="name" v="Avenida Biólogo Maximino Martínez"/>
    <tag k="oneway" v="yes"/>
    <tag k="surface" v="asphalt"/>
  </way>
  <way id="1174494163">
    <nd ref="271706625"/>
    <nd ref="14044835698"/>
    <nd ref="271706626"/>
    <tag k="highway" v="tertiary"/>
    <tag k="lanes" v="2"/>
    <tag k="name" v="Avenida Biólogo Maximino Martínez"/>
    <tag k="oneway" v="yes"/>
    <tag k="surface" v="asphalt"/>
  </way>
  <way id="1214250677">
    <nd ref="5209848809"/>
    <nd ref="8144964478"/>
    <tag k="highway" v="service"/>
  </way>
  <way id="1218813971">
    <nd ref="6338105806"/>
    <nd ref="11774709782"/>
    <nd ref="11293477017"/>
    <tag k="bicycle" v="designated"/>
    <tag k="foot" v="designated"/>
    <tag k="highway" v="cycleway"/>
    <tag k="motorcycle" v="no"/>
    <tag k="name" v="Ferrocarril a Cuernavaca"/>
    <tag k="segregated" v="no"/>
    <tag k="surface" v="paving_stones"/>
  </way>
  <way id="1218820767">
    <nd ref="7866127533"/>
    <nd ref="3430643835"/>
    <nd ref="6338105806"/>
    <tag k="bicycle" v="designated"/>
    <tag k="crossing" v="uncontrolled"/>
    <tag k="crossing:markings" v="zebra"/>
    <tag k="cycleway" v="crossing"/>
    <tag k="foot" v="designated"/>
    <tag k="highway" v="cycleway"/>
    <tag k="surface" v="asphalt"/>
  </way>
  <way id="1218820768">
    <nd ref="11293495743"/>
    <nd ref="6338105809"/>
    <nd ref="11774709787"/>
    <nd ref="11774709785"/>
    <nd ref="11774709783"/>
    <nd ref="6338105805"/>
    <nd ref="11774693737"/>
    <nd ref="7866127533"/>
    <tag k="bicycle" v="designated"/>
    <tag k="foot" v="designated"/>
    <tag k="highway" v="cycleway"/>
    <tag k="motorcycle" v="no"/>
    <tag k="name" v="Ferrocarril a Cuernavaca"/>
    <tag k="segregated" v="no"/>
    <tag k="surface" v="paving_stones"/>
  </way>
  <way id="1218820769">
    <nd ref="11293495750"/>
    <nd ref="11293471428"/>
    <nd ref="11293471427"/>
    <nd ref="11293495747"/>
    <nd ref="11293495748"/>
    <nd ref="11293495746"/>
    <nd ref="11293495745"/>
    <nd ref="6338105810"/>
    <nd ref="6338105807"/>
    <nd ref="11293495744"/>
    <nd ref="11293495749"/>
    <nd ref="6338105808"/>
    <nd ref="11293495743"/>
    <tag k="bicycle" v="designated"/>
    <tag k="foot" v="designated"/>
    <tag k="highway" v="cycleway"/>
    <tag k="name" v="Ferrocarril a Cuernavaca"/>
    <tag k="segregated" v="no"/>
    <tag k="surface" v="asphalt"/>
  </way>
  <way id="1243082275">
    <nd ref="11553076772"/>
    <nd ref="11553076828"/>
    <nd ref="11553076773"/>
    <nd ref="11553076777"/>
    <nd ref="11553076774"/>
    <tag k="highway" v="footway"/>
    <tag k="surface" v="paved"/>
  </way>
  <way id="1243082276">
    <nd ref="11553076777"/>
    <nd ref="11553076793"/>
    <nd ref="11553076778"/>
    <tag k="highway" v="footway"/>
  </way>
  <way id="1243082282">
    <nd ref="11553076816"/>
    <nd ref="11553076817"/>
    <nd ref="11553076818"/>
    <nd ref="11553076819"/>
    <tag k="highway" v="service"/>
    <tag k="service" v="parking_aisle"/>
  </way>
  <way id="1243082285">
    <nd ref="11553076826"/>
    <nd ref="11553076827"/>
    <nd ref="11553076828"/>
    <tag k="highway" v="footway"/>
  </way>
  <way id="1243082286">
    <nd ref="11553076827"/>
    <nd ref="11553076829"/>
    <nd ref="11553076830"/>
    <tag k="highway" v="footway"/>
  </way>
  <way id="1267825342">
    <nd ref="11774709783"/>
    <nd ref="11774709784"/>
    <tag k="highway" v="footway"/>
    <tag k="surface" v="paving_stones"/>
  </way>
  <way id="1267825343">
    <nd ref="11774709785"/>
    <nd ref="11774709786"/>
    <tag k="highway" v="footway"/>
    <tag k="surface" v="paving_stones"/>
  </way>
  <way id="1267825344">
    <nd ref="11774709787"/>
    <nd ref="11774709788"/>
    <tag k="highway" v="footway"/>
    <tag k="surface" v="paving_stones"/>
  </way>
  <way id="1267833042">
    <nd ref="8114517490"/>
    <nd ref="11293495744"/>
    <tag k="highway" v="footway"/>
  </way>
  <way id="1298822777">
    <nd ref="10030352527"/>
    <nd ref="10030352526"/>
    <nd ref="10030352525"/>
    <nd ref="10030352524"/>
    <nd ref="10030352523"/>
    <nd ref="10030352587"/>
    <tag k="highway" v="footway"/>
  </way>
  <way id="1298822778">
    <nd ref="12031529504"/>
    <nd ref="12031529505"/>
    <tag k="highway" v="footway"/>
  </way>
  <way id="1298822779">
    <nd ref="12031529505"/>
    <nd ref="12031529506"/>
    <tag k="highway" v="footway"/>
  </way>
  <way id="1298822793">
    <nd ref="2377718534"/>
    <nd ref="12031530701"/>
    <nd ref="12031530702"/>
    <nd ref="12031530703"/>
    <nd ref="12031530707"/>
    <nd ref="12031530704"/>
    <nd ref="13971784005"/>
    <nd ref="12031530705"/>
    <nd ref="13971763891"/>
    <nd ref="12031530706"/>
    <tag k="highway" v="footway"/>
  </way>
  <way id="1298829949">
    <nd ref="394159167"/>
    <nd ref="12031527807"/>
    <tag k="highway" v="living_street"/>
    <tag k="name" v="Cerrada Santa Cruz Atenco"/>
  </way>
  <way id="1298829950">
    <nd ref="12031527815"/>
    <nd ref="12031527808"/>
    <nd ref="12031527809"/>
    <tag k="highway" v="pedestrian"/>
    <tag k="name" v="Andador Juárez"/>
  </way>
  <way id="1298829951">
    <nd ref="12031527810"/>
    <nd ref="12031527815"/>
    <nd ref="12031527811"/>
    <nd ref="12031527807"/>
    <nd ref="12031527812"/>
    <nd ref="12031527813"/>
    <nd ref="12031527814"/>
    <nd ref="12031527810"/>
    <tag k="area" v="yes"/>
    <tag k="highway" v="pedestrian"/>
  </way>
  <way id="1298829952">
    <nd ref="394159167"/>
    <nd ref="12031527816"/>
    <nd ref="12031527817"/>
    <tag k="access" v="customers"/>
    <tag k="highway" v="pedestrian"/>
  </way>
  <way id="1309292637">
    <nd ref="12124103360"/>
    <nd ref="12124103359"/>
    <nd ref="12124103358"/>
    <nd ref="12124103357"/>
    <tag k="highway" v="service"/>
  </way>
  <way id="1309648849">
    <nd ref="12126434948"/>
    <nd ref="12126434938"/>
    <nd ref="12126434939"/>
    <nd ref="12126434940"/>
    <nd ref="12126434947"/>
    <nd ref="12126434946"/>
    <nd ref="12126434945"/>
    <nd ref="12126434943"/>
    <nd ref="12126434950"/>
    <tag k="highway" v="service"/>
  </way>
  <way id="1309648902">
    <nd ref="12126434957"/>
    <nd ref="12126434942"/>
    <nd ref="12126434956"/>
    <nd ref="12126434955"/>
    <nd ref="12126434954"/>
    <nd ref="12126434953"/>
    <nd ref="12126434948"/>
    <nd ref="12126434952"/>
    <nd ref="12126434951"/>
    <nd ref="12126434944"/>
    <nd ref="12126434950"/>
    <nd ref="12126434941"/>
    <nd ref="12126434949"/>
    <tag k="highway" v="service"/>
  </way>
  <way id="1309656815">
    <nd ref="7873706159"/>
    <nd ref="12126491729"/>
    <nd ref="12126491735"/>
    <nd ref="12126491734"/>
    <nd ref="12126491730"/>
    <nd ref="12126491733"/>
    <nd ref="12126491732"/>
    <nd ref="12126491731"/>
    <tag k="highway" v="service"/>
  </way>
  <way id="1309673259">
    <nd ref="12126628511"/>
    <nd ref="12126628512"/>
    <tag k="highway" v="service"/>
  </way>
  <way id="1309676743">
    <nd ref="12126614921"/>
    <nd ref="12126614913"/>
    <nd ref="12126614914"/>
    <nd ref="12126614915"/>
    <nd ref="12126614916"/>
    <nd ref="12126614917"/>
    <nd ref="12126614918"/>
    <nd ref="12126614919"/>
    <tag k="highway" v="service"/>
    <tag k="oneway" v="yes"/>
  </way>
  <way id="1309676744">
    <nd ref="12126614920"/>
    <nd ref="12126614911"/>
    <nd ref="12126614921"/>
    <tag k="highway" v="service"/>
  </way>
  <way id="1309676745">
    <nd ref="12126614922"/>
    <nd ref="12126614912"/>
    <nd ref="12126614919"/>
    <nd ref="12126614921"/>
    <tag k="highway" v="service"/>
  </way>
  <way id="1329810695">
    <nd ref="1865863075"/>
    <nd ref="373110717"/>
    <tag k="highway" v="residential"/>
    <tag k="surface" v="asphalt"/>
  </way>
  <way id="1373930206">
    <nd ref="12720771428"/>
    <nd ref="372949640"/>
    <nd ref="372949645"/>
    <tag k="highway" v="residential"/>
    <tag k="name" v="Calle Golfo de Guayaquil"/>
    <tag k="oneway" v="no"/>
    <tag k="surface" v="asphalt"/>
  </way>
  <way id="1373930207">
    <nd ref="372949621"/>
    <nd ref="372949626"/>
    <nd ref="372949630"/>
    <nd ref="12720771427"/>
    <tag k="highway" v="residential"/>
    <tag k="name" v="Calle Golfo de Guayaquil"/>
    <tag k="oneway" v="no"/>
    <tag k="surface" v="asphalt"/>
  </way>
  <way id="1487364826">
    <nd ref="7982345895"/>
    <nd ref="7985472635"/>
    <tag k="bus:lanes" v="||designated"/>
    <tag k="highway" v="secondary"/>
    <tag k="lanes" v="3"/>
    <tag k="maxspeed" v="50"/>
    <tag k="maxspeed:type" v="sign"/>
    <tag k="name" v="Avenida Cuitláhuac"/>
    <tag k="oneway" v="yes"/>
    <tag k="surface" v="asphalt"/>
    <tag k="trolley_wire" v="yes"/>
  </way>
  <way id="1533167622">
    <nd ref="13971763901"/>
    <nd ref="13971763903"/>
    <nd ref="11553076690"/>
    <nd ref="11553076689"/>
    <nd ref="13971784040"/>
    <nd ref="13971763902"/>
    <tag k="footway" v="crossing"/>
    <tag k="highway" v="footway"/>
  </way>
  <way id="1543904294">
    <nd ref="9156657652"/>
    <nd ref="8904908027"/>
    <nd ref="9156657663"/>
    <tag k="bicycle" v="designated"/>
    <tag k="crossing" v="traffic_signals"/>
    <tag k="crossing:island" v="no"/>
    <tag k="crossing:markings" v="yes"/>
    <tag k="cycleway" v="crossing"/>
    <tag k="foot" v="designated"/>
    <tag k="highway" v="cycleway"/>
  </way>
  <way id="1543904295">
    <nd ref="9156657661"/>
    <nd ref="14044835698"/>
    <nd ref="8904907467"/>
    <nd ref="14044835699"/>
    <nd ref="9156657672"/>
    <tag k="bicycle" v="designated"/>
    <tag k="crossing" v="traffic_signals"/>
    <tag k="crossing:island" v="yes"/>
    <tag k="crossing:markings" v="zebra"/>
    <tag k="cycleway" v="crossing"/>
    <tag k="foot" v="designated"/>
    <tag k="highway" v="cycleway"/>
  </way>
  <way id="1543904296">
    <nd ref="9156657673"/>
    <nd ref="8904907085"/>
    <nd ref="9156657674"/>
    <tag k="bicycle" v="designated"/>
    <tag k="crossing" v="traffic_signals"/>
    <tag k="crossing:island" v="no"/>
    <tag k="crossing:markings" v="zebra"/>
    <tag k="cycleway" v="crossing"/>
    <tag k="foot" v="designated"/>
    <tag k="highway" v="cycleway"/>
  </way>

</osm>
